2026-01-28 09:22:44.5221|INFO|HytaleClient.Application.Program|HytaleClient v2026.01.28-87d03be09 (Windows x64 Release - Microsoft Windows NT 10.0.26100.0 - .NET 10.0.2) 
2026-01-28 09:22:44.5231|INFO|HytaleClient.Application.Program|Revision: 87d03be09c7f114f385971a3caa437033671b771, Environment: release (hytale.com), Patchline: release 
2026-01-28 09:22:44.5950|INFO|HytaleClient.Application.Program|Initial window size 1280x720 
2026-01-28 09:22:44.7375|INFO|HytaleClient.Application.Program|Video memory max: 8388608
Video memory total available: 8388608
Video memory current available: 5683468
Video memory eviction count: 25
Video memory evicted: 362816
 
2026-01-28 09:22:44.7375|INFO|HytaleClient.Application.Program|
System informations
 OpenGL driver: 3.3.0 NVIDIA 572.83
 GPU Renderer: NVIDIA GeForce RTX 3070/PCIe/SSE2
 GPU Memory Total: 8192 MB
 GPU Memory Available: 5550 MB
 
2026-01-28 09:22:44.8644|INFO|HytaleClient.Application.Program|Built 75 GPU programs successfully. 
2026-01-28 09:22:44.8644|DEBUG|HytaleClient.Application.Program|GPU programs: BasicProgram, BasicFullScreenProgram, BasicFogProgram, BlockyModelForwardProgram, BlockyModelDitheringProgram, BlockyModelProgram, FirstPersonBlockyModelProgram, BlockyModelDistortionProgram, FirstPersonDistortionBlockyModelProgram, FirstPersonClippingBlockyModelProgram, MapChunkNearOpaqueProgram, MapChunkNearAlphaTestedProgram, MapChunkFarOpaqueProgram, MapChunkFarAlphaTestedProgram, MapChunkAlphaBlendedProgram, MapBlockAnimatedProgram, MapBlockAnimatedForwardProgram, SkyProgram, CloudsProgram, TextProgram, ParticleProgram, ParticleErosionProgram, ParticleDistortionProgram, ForceFieldProgram, BuilderToolProgram, WorldMapProgram, PostEffectProgram, InventoryPostEffectProgram, MainMenuPostEffectProgram, TemporalAAProgram, OITCompositeProgram, CubemapProgram, ZDownsampleProgram, LinearZDownsampleProgram, EdgeDetectionProgram, LinearZProgram, LightMixProgram, LightProgram, LightLowResProgram, LightClusteredProgram, MapChunkShadowMapProgram, MapBlockAnimatedShadowMapProgram, BlockyModelShadowMapProgram, BlockyModelOcclusionMapProgram, DeferredShadowProgram, SSAOProgram, BlurSSAOAndShadowProgram, DeferredProgram, ScreenBlitProgram, BlurProgram, DoFBlurProgram, DoFCircleOfConfusionProgram, DoFDownsampleProgram, DoFNearCoCMaxProgram, DoFNearCoCBlurProgram, DepthOfFieldAdvancedProgram, DoFFillProgram, BloomSelectProgram, BloomDownsampleBlurProgram, BloomUpsampleBlurProgram, BloomMaxProgram, BloomCompositeProgram, RadialGlowMaskProgram, RadialGlowLuminanceProgram, SunOcclusionDownsampleProgram, SceneBrightnessPackProgram, ZOnlyMapChunkProgram, ZOnlyMapChunkPlanesProgram, ZOnlyProgram, HiZReprojectProgram, HiZFillHoleProgram, HiZBuildProgram, HiZCullProgram, DebugDrawMapProgram, Batcher2DProgram 
2026-01-28 09:22:44.9803|INFO|HytaleClient.Application.Program|Audio:
OpenAL : 1.1 ALSOFT 1.24.3
Renderer : OpenAL Soft
Vendor : OpenAL Community
Using device : OpenAL Soft on Speakers (High Definition Audio Device)
Output mode : Stereo
Output limiter : Enabled
Frequency : 48000 Hz
Max sources : 255 mono, 1 stereo
HRTF status : Disabled
Gain limit : 1000.00 (60.0 dB)
 
2026-01-28 09:22:44.9973|INFO|HytaleClient.Utils.SentryHelper|Session Service client initialized for: https://sessions.hytale.com 
2026-01-28 09:22:44.9973|INFO|HytaleClient.Application.Program|Initializing authentication... 
2026-01-28 09:22:44.9973|INFO|HytaleClient.Application.Program|Starting initial certificate generation... 
2026-01-28 09:22:44.9973|INFO|HytaleClient.Application.Program|Opened telemetry session file: C:\Users\david\AppData\Roaming\Hytale\UserData\Telemetry\2026-01-28_16-22-44_116d879e.jsonl 
2026-01-28 09:22:44.9973|INFO|HytaleClient.Application.Program|Telemetry service initialized with session ID: 116d879e-8711-4a37-9e05-89163c28f86c 
2026-01-28 09:22:44.9973|INFO|HytaleClient.Application.Program|Telemetry data stored locally at: C:\Users\david\AppData\Roaming\Hytale\UserData\Telemetry 
2026-01-28 09:22:44.9973|INFO|HytaleClient.Application.Program|Generating new self-signed certificate... 
2026-01-28 09:22:45.0467|INFO|HytaleClient.Application.Program|Fetching unlocked cosmetics... 
2026-01-28 09:22:45.0467|INFO|HytaleClient.Application.Program|Fetching game profile from service... 
2026-01-28 09:22:45.0467|INFO|HytaleClient.Application.Program|Certificate generated successfully in 55.4863ms. Fingerprint: w4kez4z1W2AXoe0UJnQU7Q42Tf5t32HWNq8a3I3gfQ4 
2026-01-28 09:22:45.0467|INFO|HytaleClient.Application.Program|Auth config: mode=Authenticated, uuid=c013444c-04d3-4ef1-beaa-1533fd7a3034, name=CodeCreature 
2026-01-28 09:22:45.0467|INFO||Session token expires at 2026-01-28T17:22:44.0000000+00:00 
2026-01-28 09:22:45.0467|INFO||Scheduling session refresh in 54m 58s (at 2026-01-28T17:17:44.0000000+00:00) 
2026-01-28 09:22:45.0467|INFO|HytaleClient.Application.Program|Authentication initialized 
2026-01-28 09:22:45.0887|INFO|Noesis|: Noesis Init v3.2.10 (Windows on x86_64 Profile) 
2026-01-28 09:22:45.0887|INFO|Noesis|: Inspector listening on port 17629 
2026-01-28 09:22:45.2096|INFO|Noesis|: 'Theme/NoesisTheme.Colors.Dark.xaml' loaded 
2026-01-28 09:22:45.2099|INFO|Noesis|: 'Theme/NoesisTheme.Brushes.DarkBlue.xaml' loaded 
2026-01-28 09:22:45.2352|INFO|Noesis|: 'Theme/NoesisTheme.Styles.xaml' loaded 
2026-01-28 09:22:45.2472|INFO|Noesis|: 'Theme/NoesisTheme.Fonts.xaml' loaded 
2026-01-28 09:22:45.2654|INFO|Noesis|: 'DesignSystem/BusinessCard.xaml' loaded 
2026-01-28 09:22:45.2737|INFO|Noesis|: 'DesignSystem/Button.xaml' loaded 
2026-01-28 09:22:45.2737|INFO|Noesis|: 'DesignSystem/Colors.xaml' loaded 
2026-01-28 09:22:45.3075|INFO|Noesis|: 'DesignSystem/Styles.xaml' loaded 
2026-01-28 09:22:45.3075|INFO|Noesis|: 'DesignSystem/ComboBox.xaml' loaded 
2026-01-28 09:22:45.3298|INFO|Noesis|: 'DesignSystem/ContextMenu.xaml' loaded 
2026-01-28 09:22:45.3412|INFO|Noesis|: 'DesignSystem/ControlHint.xaml' loaded 
2026-01-28 09:22:45.3512|INFO|Noesis|: 'DesignSystem/Converters.xaml' loaded 
2026-01-28 09:22:45.3717|INFO|Noesis|: 'DesignSystem/CraftingBar.xaml' loaded 
2026-01-28 09:22:45.3823|INFO|Noesis|: 'DesignSystem/Effects.xaml' loaded 
2026-01-28 09:22:45.4073|INFO|Noesis|: 'Theme/NoesisTheme.Styles.xaml' loaded 
2026-01-28 09:22:45.4073|INFO|Noesis|: 'DesignSystem/Expander.xaml' loaded 
2026-01-28 09:22:45.4199|INFO|Noesis|: 'DesignSystem/ExperienceBar.xaml' loaded 
2026-01-28 09:22:45.4437|INFO|Noesis|: 'DesignSystem/HealthBar.xaml' loaded 
2026-01-28 09:22:45.4547|INFO|Noesis|: 'DesignSystem/ChargeControl.xaml' loaded 
2026-01-28 09:22:45.4670|INFO|Noesis|: 'DesignSystem/HotbarMenu.xaml' loaded 
2026-01-28 09:22:45.4670|INFO|Noesis|: 'DesignSystem/ListView.xaml' loaded 
2026-01-28 09:22:45.4857|INFO|Noesis|: 'DesignSystem/Message.xaml' loaded 
2026-01-28 09:22:45.4962|INFO|Noesis|: 'DesignSystem/Modal.xaml' loaded 
2026-01-28 09:22:45.5072|INFO|Noesis|: 'DesignSystem/NotificationAction.xaml' loaded 
2026-01-28 09:22:45.5247|INFO|Noesis|: 'DesignSystem/NotificationCelebration.xaml' loaded 
2026-01-28 09:22:45.5247|INFO|Noesis|: 'DesignSystem/NotificationItem.xaml' loaded 
2026-01-28 09:22:45.5638|INFO|Noesis|: 'DesignSystem/RecipeListItem.xaml' loaded 
2026-01-28 09:22:45.5759|INFO|Noesis|: 'DesignSystem/RecipeMaterialItem.xaml' loaded 
2026-01-28 09:22:45.5983|INFO|Noesis|: 'DesignSystem/RecipeRequirementItem.xaml' loaded 
2026-01-28 09:22:45.6070|INFO|Noesis|: 'DesignSystem/ScrollViewer.xaml' loaded 
2026-01-28 09:22:45.6183|INFO|Noesis|: 'DesignSystem/Slot.xaml' loaded 
2026-01-28 09:22:45.6392|INFO|Noesis|: 'DesignSystem/Converters.xaml' loaded 
2026-01-28 09:22:45.6392|INFO|Noesis|: 'DesignSystem/Tooltip.xaml' loaded 
2026-01-28 09:22:45.6392|INFO|Noesis|: 'DesignSystem/SlotCreative.xaml' loaded 
2026-01-28 09:22:45.6524|INFO|Noesis|: 'DesignSystem/SlotDragged.xaml' loaded 
2026-01-28 09:22:45.6640|INFO|Noesis|: 'DesignSystem/Converters.xaml' loaded 
2026-01-28 09:22:45.6640|INFO|Noesis|: 'DesignSystem/Tooltip.xaml' loaded 
2026-01-28 09:22:45.6640|INFO|Noesis|: 'DesignSystem/SlotEquipment.xaml' loaded 
2026-01-28 09:22:45.6807|INFO|Noesis|: 'DesignSystem/SlotGamepad.xaml' loaded 
2026-01-28 09:22:45.6807|INFO|Noesis|: 'DesignSystem/Converters.xaml' loaded 
2026-01-28 09:22:45.6807|INFO|Noesis|: 'DesignSystem/Tooltip.xaml' loaded 
2026-01-28 09:22:45.6807|INFO|Noesis|: 'DesignSystem/SlotHotbar.xaml' loaded 
2026-01-28 09:22:45.7073|INFO|Noesis|: 'DesignSystem/Converters.xaml' loaded 
2026-01-28 09:22:45.7073|INFO|Noesis|: 'DesignSystem/Tooltip.xaml' loaded 
2026-01-28 09:22:45.7073|INFO|Noesis|: 'DesignSystem/SlotItem.xaml' loaded 
2026-01-28 09:22:45.7205|INFO|Noesis|: 'DesignSystem/Converters.xaml' loaded 
2026-01-28 09:22:45.7205|INFO|Noesis|: 'DesignSystem/Tooltip.xaml' loaded 
2026-01-28 09:22:45.7205|INFO|Noesis|: 'DesignSystem/SlotMaterial.xaml' loaded 
2026-01-28 09:22:45.7370|INFO|Noesis|: 'DesignSystem/Converters.xaml' loaded 
2026-01-28 09:22:45.7370|INFO|Noesis|: 'DesignSystem/Tooltip.xaml' loaded 
2026-01-28 09:22:45.7496|INFO|Noesis|: 'DesignSystem/SlotRequirement.xaml' loaded 
2026-01-28 09:22:45.7693|INFO|Noesis|: 'DesignSystem/SlotTrash.xaml' loaded 
2026-01-28 09:22:45.8100|INFO|Noesis|: 'DesignSystem/StaminaBar.xaml' loaded 
2026-01-28 09:22:45.8100|INFO|Noesis|: 'DesignSystem/Styles.xaml' loaded 
2026-01-28 09:22:45.8213|INFO|Noesis|: 'DesignSystem/Converters.xaml' loaded 
2026-01-28 09:22:45.8213|INFO|Noesis|: 'DesignSystem/Tooltip.xaml' loaded 
2026-01-28 09:22:45.8379|INFO|Noesis|: 'DesignSystem/Tabs.xaml' loaded 
2026-01-28 09:22:45.8573|INFO|Noesis|: 'DesignSystem/TextBox.xaml' loaded 
2026-01-28 09:22:45.9143|INFO|Noesis|: 'DesignSystem/Textures.xaml' loaded 
2026-01-28 09:22:45.9348|INFO|Noesis|: 'DesignSystem/ToggleButton.xaml' loaded 
2026-01-28 09:22:45.9348|INFO|Noesis|: 'DesignSystem/Converters.xaml' loaded 
2026-01-28 09:22:45.9348|INFO|Noesis|: 'DesignSystem/Tooltip.xaml' loaded 
2026-01-28 09:22:45.9453|INFO|Noesis|: 'DesignSystem/Typography.xaml' loaded 
2026-01-28 09:22:45.9685|INFO|Noesis|: 'Common/Timeline.xaml' loaded 
2026-01-28 09:22:45.9798|INFO|Noesis|: 'Common/ColorPicker.xaml' loaded 
2026-01-28 09:22:45.9955|INFO|Noesis|: 'Gallery/Resources.xaml' loaded 
2026-01-28 09:22:45.9955|INFO|Noesis|: 'GlobalResources.xaml' loaded 
2026-01-28 09:22:46.0587|INFO|HytaleClient.Application.Program|Changing from Stage Initial to Startup 
2026-01-28 09:22:46.1179|INFO|HytaleClient.Application.AppStartup|Loading built-in assets from C:\Users\david\AppData\Roaming\Hytale\install\release\package\game\latest\Assets.zip (immutable). 
2026-01-28 09:22:46.1344|INFO|HytaleClient.Application.AppStartup|Spent 16ms loading hashes from CommonAssetsIndex.hashes. 
2026-01-28 09:22:46.1344|INFO|HytaleClient.Application.AppStartup|Loading cached assets from C:\Users\david\AppData\Roaming\Hytale\UserData\CachedAssets... 
2026-01-28 09:22:46.1344|INFO|HytaleClient.Application.AppStartup|Could not find CachedAssetsIndex.cache. 
2026-01-28 09:22:46.1344|INFO|HytaleClient.Application.AppStartup|AssetManager initialized. 
2026-01-28 09:22:46.1881|DEBUG|HytaleClient.Application.Program|Telemetry packet sent: event (seq: 1) 
2026-01-28 09:22:46.2211|DEBUG|HytaleClient.Application.Program|Telemetry packet sent: session_start (seq: 0) 
2026-01-28 09:22:46.2325|INFO|HytaleClient.Application.AppStartup|Took 0.0776622s to load character part models 
2026-01-28 09:22:46.2325|INFO|HytaleClient.Application.AppStartup|Character texture atlas cache not found, generating... 
2026-01-28 09:22:46.2325|INFO|HytaleClient.Application.AppStartup|Re-generating character part atlas... 
2026-01-28 09:22:46.2935|INFO|HytaleClient.Application.AppStartup|Took 0.0607271 to regenerate character part atlas 
2026-01-28 09:22:46.2935|INFO|HytaleClient.Application.AppStartup|CharacterPartStore initialized. 
2026-01-28 09:22:46.2935|INFO|HytaleClient.Application.AppStartup|Background startup loading done. 
2026-01-28 09:22:49.3851|INFO|HytaleClient.Application.Program|Successfully fetched unlocked cosmetics 
2026-01-28 09:22:49.3851|INFO|HytaleClient.Application.Program|Successfully fetched game profile 
2026-01-28 09:22:52.3011|INFO|HytaleClient.Application.AppStartup|Interface loaded. 
2026-01-28 09:22:52.3011|INFO|HytaleClient.Application.Program|Changing from Stage Startup to MainMenu 
2026-01-28 09:22:52.3993|DEBUG|HytaleClient.Application.Program|Telemetry packet sent: event (seq: 2) 
2026-01-28 09:22:52.4333|INFO|HytaleClient.Application.Program|Built 75 GPU programs successfully. 
2026-01-28 09:22:52.4333|DEBUG|HytaleClient.Application.Program|GPU programs: BasicProgram, BasicFullScreenProgram, BasicFogProgram, BlockyModelForwardProgram, BlockyModelDitheringProgram, BlockyModelProgram, FirstPersonBlockyModelProgram, BlockyModelDistortionProgram, FirstPersonDistortionBlockyModelProgram, FirstPersonClippingBlockyModelProgram, MapChunkNearOpaqueProgram, MapChunkNearAlphaTestedProgram, MapChunkFarOpaqueProgram, MapChunkFarAlphaTestedProgram, MapChunkAlphaBlendedProgram, MapBlockAnimatedProgram, MapBlockAnimatedForwardProgram, SkyProgram, CloudsProgram, TextProgram, ParticleProgram, ParticleErosionProgram, ParticleDistortionProgram, ForceFieldProgram, BuilderToolProgram, WorldMapProgram, PostEffectProgram, InventoryPostEffectProgram, MainMenuPostEffectProgram, TemporalAAProgram, OITCompositeProgram, CubemapProgram, ZDownsampleProgram, LinearZDownsampleProgram, EdgeDetectionProgram, LinearZProgram, LightMixProgram, LightProgram, LightLowResProgram, LightClusteredProgram, MapChunkShadowMapProgram, MapBlockAnimatedShadowMapProgram, BlockyModelShadowMapProgram, BlockyModelOcclusionMapProgram, DeferredShadowProgram, SSAOProgram, BlurSSAOAndShadowProgram, DeferredProgram, ScreenBlitProgram, BlurProgram, DoFBlurProgram, DoFCircleOfConfusionProgram, DoFDownsampleProgram, DoFNearCoCMaxProgram, DoFNearCoCBlurProgram, DepthOfFieldAdvancedProgram, DoFFillProgram, BloomSelectProgram, BloomDownsampleBlurProgram, BloomUpsampleBlurProgram, BloomMaxProgram, BloomCompositeProgram, RadialGlowMaskProgram, RadialGlowLuminanceProgram, SunOcclusionDownsampleProgram, SceneBrightnessPackProgram, ZOnlyMapChunkProgram, ZOnlyMapChunkPlanesProgram, ZOnlyProgram, HiZReprojectProgram, HiZFillHoleProgram, HiZBuildProgram, HiZCullProgram, DebugDrawMapProgram, Batcher2DProgram 
2026-01-28 09:22:55.3989|INFO|HytaleClient.Application.AppStartup|Connecting to multiplayer server "Local Host" at localhost 
2026-01-28 09:22:55.5516|INFO|HytaleClient.Application.AppMainMenu|Connecting to server localhost:5520 
2026-01-28 09:22:55.5516|INFO|HytaleClient.Application.Program|Changing from Stage MainMenu to GameLoading 
2026-01-28 09:22:55.5715|INFO||Using mTLS with client certificate (fingerprint: w4kez4z1W2AXoe0UJnQU7Q42Tf5t32HWNq8a3I3gfQ4) 
2026-01-28 09:22:55.5715|INFO||Opening Quic Connection to localhost:5520 
2026-01-28 09:22:55.6062|DEBUG||Game server requesting client certificate, providing: w4kez4z1W2AXoe0UJnQU7Q42Tf5t32HWNq8a3I3gfQ4 
2026-01-28 09:22:55.6487|DEBUG|HytaleClient.Application.Program|Telemetry packet sent: event (seq: 3) 
2026-01-28 09:22:55.6487|INFO||Server certificate fingerprint captured: xZswdlExq-oYwrhf5gegpvYRRnd-3KOf7Rb6m2fjsBQ 
2026-01-28 09:22:55.6487|INFO||Accepting self-signed server certificate: CN=localhost 
2026-01-28 09:22:55.6487|INFO||Waiting for Quic Stream from localhost:5520 
2026-01-28 09:22:55.6487|INFO||Quic Stream connected to localhost:5520 
2026-01-28 09:22:55.7317|INFO|HytaleClient.Application.AppMainMenu|Changing from loading stage Initial to Connecting 
2026-01-28 09:22:55.7317|INFO|HytaleClient.Application.AppMainMenu|Changing from loading stage Connecting to Loading 
2026-01-28 09:22:55.8124|DEBUG|HytaleClient.Application.Program|Telemetry packet sent: event (seq: 4) 
2026-01-28 09:22:55.8321|INFO|HytaleClient.Application.Program|Built 75 GPU programs successfully. 
2026-01-28 09:22:55.8321|DEBUG|HytaleClient.Application.Program|GPU programs: BasicProgram, BasicFullScreenProgram, BasicFogProgram, BlockyModelForwardProgram, BlockyModelDitheringProgram, BlockyModelProgram, FirstPersonBlockyModelProgram, BlockyModelDistortionProgram, FirstPersonDistortionBlockyModelProgram, FirstPersonClippingBlockyModelProgram, MapChunkNearOpaqueProgram, MapChunkNearAlphaTestedProgram, MapChunkFarOpaqueProgram, MapChunkFarAlphaTestedProgram, MapChunkAlphaBlendedProgram, MapBlockAnimatedProgram, MapBlockAnimatedForwardProgram, SkyProgram, CloudsProgram, TextProgram, ParticleProgram, ParticleErosionProgram, ParticleDistortionProgram, ForceFieldProgram, BuilderToolProgram, WorldMapProgram, PostEffectProgram, InventoryPostEffectProgram, MainMenuPostEffectProgram, TemporalAAProgram, OITCompositeProgram, CubemapProgram, ZDownsampleProgram, LinearZDownsampleProgram, EdgeDetectionProgram, LinearZProgram, LightMixProgram, LightProgram, LightLowResProgram, LightClusteredProgram, MapChunkShadowMapProgram, MapBlockAnimatedShadowMapProgram, BlockyModelShadowMapProgram, BlockyModelOcclusionMapProgram, DeferredShadowProgram, SSAOProgram, BlurSSAOAndShadowProgram, DeferredProgram, ScreenBlitProgram, BlurProgram, DoFBlurProgram, DoFCircleOfConfusionProgram, DoFDownsampleProgram, DoFNearCoCMaxProgram, DoFNearCoCBlurProgram, DepthOfFieldAdvancedProgram, DoFFillProgram, BloomSelectProgram, BloomDownsampleBlurProgram, BloomUpsampleBlurProgram, BloomMaxProgram, BloomCompositeProgram, RadialGlowMaskProgram, RadialGlowLuminanceProgram, SunOcclusionDownsampleProgram, SceneBrightnessPackProgram, ZOnlyMapChunkProgram, ZOnlyMapChunkPlanesProgram, ZOnlyProgram, HiZReprojectProgram, HiZFillHoleProgram, HiZBuildProgram, HiZCullProgram, DebugDrawMapProgram, Batcher2DProgram 
2026-01-28 09:22:56.0451|INFO|HytaleClient.Application.AppGameLoading|Starting authenticated connection flow 
2026-01-28 09:22:56.5705|INFO|HytaleClient.Networking.PacketHandler|Received AuthGrant with server identity token 
2026-01-28 09:22:56.5705|INFO|HytaleClient.Networking.PacketHandler|Validating server identity token... 
2026-01-28 09:22:56.5705|DEBUG|HytaleClient.Utils.SentryHelper|Fetching JWKS from Session Service... 
2026-01-28 09:22:56.6840|INFO|HytaleClient.Utils.SentryHelper|Successfully fetched JWKS with 1 keys 
2026-01-28 09:22:56.6840|DEBUG||JWKS loaded with 1 keys (cached permanently) 
2026-01-28 09:22:56.6840|DEBUG||Ed25519 signature verified successfully 
2026-01-28 09:22:56.6840|DEBUG||User token validated successfully for c013444c-04d3-4ef1-beaa-1533fd7a3034 
2026-01-28 09:22:56.6840|INFO|HytaleClient.Networking.PacketHandler|Server identity validated: CodeCreature (c013444c-04d3-4ef1-beaa-1533fd7a3034, scope: hytale:server) 
2026-01-28 09:22:56.6840|INFO|HytaleClient.Networking.PacketHandler|Requesting auth grant for server 
2026-01-28 09:22:56.6840|DEBUG|HytaleClient.Utils.SentryHelper|Requesting auth grant for server using identity token 
2026-01-28 09:22:56.7802|INFO|HytaleClient.Utils.SentryHelper|Successfully obtained auth grant for server 
2026-01-28 09:22:56.7802|INFO|HytaleClient.Networking.PacketHandler|Obtained auth grant for server 
2026-01-28 09:22:56.7802|DEBUG|HytaleClient.Utils.SentryHelper|Exchanging authorization grant for access token 
2026-01-28 09:22:56.8813|INFO|HytaleClient.Utils.SentryHelper|Successfully obtained access token 
2026-01-28 09:22:56.8813|INFO|HytaleClient.Networking.PacketHandler|Successfully obtained JWT access token, sending AuthToken to server 
2026-01-28 09:22:56.9623|INFO|HytaleClient.Networking.PacketHandler|Received ServerAuthToken, validating server access token... 
2026-01-28 09:22:56.9623|DEBUG||Ed25519 signature verified successfully 
2026-01-28 09:22:56.9623|DEBUG||Certificate binding validated for server 
2026-01-28 09:22:56.9623|DEBUG||Server access token validated successfully for c013444c-04d3-4ef1-beaa-1533fd7a3034 
2026-01-28 09:22:56.9623|INFO|HytaleClient.Networking.PacketHandler|Mutual authentication complete! Server identity confirmed: CodeCreature (c013444c-04d3-4ef1-beaa-1533fd7a3034) 
2026-01-28 09:22:56.9623|INFO|HytaleClient.Networking.PacketHandler|No password required - authentication complete 
2026-01-28 09:22:57.0874|INFO|HytaleClient.Networking.PacketHandler|Stage WaitingForSetup -> SettingUp took 1042ms 
2026-01-28 09:22:57.0874|INFO|HytaleClient.Networking.PacketHandler|Handle RequiredAssets at 1048ms 
2026-01-28 09:22:57.1039|INFO|HytaleClient.Networking.PacketHandler|Finished handling RequiredAssets, took 10ms 
2026-01-28 09:22:57.1199|INFO|HytaleClient.Application.AppStartup|Added cached reference to asset 949650efc4b3cd622384959ae4f800958f3756ebe3098c62ffde1c2a47bd294c: 1, BlockTextures/Transparent.png 
2026-01-28 09:22:57.1199|INFO|HytaleClient.Application.AppStartup|Added cached reference to asset c49d28bbd98b283c79936fe78d37a4f5f7e14287c80f94df680abfb9ff426118: 1, Icons/ItemsGenerated/Example_Block.png 
2026-01-28 09:22:57.1199|INFO|HytaleClient.Application.AppStartup|Added cached reference to asset fae4b27109d9bd6d8de318894be4ff90768d765847526a4da774af514b559c50: 1, UI/Custom/ExampleGroup_ExamplePlugin.png 
2026-01-28 09:22:57.1199|INFO|HytaleClient.Application.AppStartup|Added cached reference to asset 355aaac68aaf5d0e715f6167d1ff7765f50d6cd8351171a576d971cf8b88b236: 1, BlockTextures/Example_Block.png 
2026-01-28 09:22:57.1199|INFO|HytaleClient.Application.AppMainMenu|[AssetUpdate] Assets: Inside ThreadPool.QueueUserWorkItem 0ms 
2026-01-28 09:22:57.1199|INFO|HytaleClient.Networking.PacketHandler|[AssetUpdate] Assets: Took 0ms to obtain lock 
2026-01-28 09:22:57.1199|INFO|HytaleClient.Networking.PacketHandler|[AssetUpdate] Assets: Finished prepare in 0ms. 
2026-01-28 09:22:57.1199|INFO|HytaleClient.Networking.PacketHandler|Received AssetType RepulsionConfig at 1085ms 
2026-01-28 09:22:57.1199|INFO|HytaleClient.Networking.PacketHandler|Finished handling AssetType RepulsionConfig took 0ms 
2026-01-28 09:22:57.1199|INFO|HytaleClient.Networking.PacketHandler|Received AssetType ItemSoundSets at 1086ms 
2026-01-28 09:22:57.1199|INFO|HytaleClient.Networking.PacketHandler|Finished handling AssetType ItemSoundSets took 0ms 
2026-01-28 09:22:57.1383|INFO|HytaleClient.Networking.PacketHandler|[AssetUpdate] Assets: Took 8ms to enter main thread! 
2026-01-28 09:22:57.1383|INFO|HytaleClient.Application.AppMainMenu|[AssetUpdate] Assets: Finished in 8ms. 
2026-01-28 09:22:57.2643|INFO|HytaleClient.Networking.PacketHandler|Received AssetType BlockTypes at 1219ms 
2026-01-28 09:22:57.2643|INFO|HytaleClient.Networking.PacketHandler|Finished handling AssetType BlockTypes took 0ms 
2026-01-28 09:22:57.2643|INFO|HytaleClient.Networking.PacketHandler|Received AssetType FluidFX at 1219ms 
2026-01-28 09:22:57.2643|INFO|HytaleClient.Networking.PacketHandler|Finished handling AssetType FluidFX took 0ms 
2026-01-28 09:22:57.3168|INFO|HytaleClient.Networking.PacketHandler|Received AssetType Items at 1271ms 
2026-01-28 09:22:57.3168|INFO|HytaleClient.Networking.PacketHandler|Finished handling AssetType Items took 1ms 
2026-01-28 09:22:57.3168|INFO|HytaleClient.Networking.PacketHandler|Received AssetType Trails at 1272ms 
2026-01-28 09:22:57.3168|INFO|HytaleClient.Networking.PacketHandler|Finished handling AssetType Trails took 0ms 
2026-01-28 09:22:57.3168|INFO|HytaleClient.Networking.PacketHandler|Received AssetType TagPatterns at 1272ms 
2026-01-28 09:22:57.3168|INFO|HytaleClient.Networking.PacketHandler|Finished handling AssetType TagPatterns took 0ms 
2026-01-28 09:22:57.3168|INFO|HytaleClient.Networking.PacketHandler|Received AssetType Recipes at 1273ms 
2026-01-28 09:22:57.3168|INFO|HytaleClient.Networking.PacketHandler|Finished handling AssetType Recipes took 0ms 
2026-01-28 09:22:57.3168|INFO|HytaleClient.Networking.PacketHandler|Received AssetType BlockHitboxes at 1273ms 
2026-01-28 09:22:57.3203|INFO|HytaleClient.Networking.PacketHandler|Finished handling AssetType BlockHitboxes took 2ms 
2026-01-28 09:22:57.3203|INFO|HytaleClient.Networking.PacketHandler|Received AssetType ResourceTypes at 1275ms 
2026-01-28 09:22:57.3203|INFO|HytaleClient.Networking.PacketHandler|Finished handling AssetType ResourceTypes took 0ms 
2026-01-28 09:22:57.3203|INFO|HytaleClient.Networking.PacketHandler|Received AssetType ItemCategories at 1275ms 
2026-01-28 09:22:57.3203|INFO|HytaleClient.Networking.PacketHandler|Finished handling AssetType ItemCategories took 0ms 
2026-01-28 09:22:57.3364|INFO|HytaleClient.Networking.PacketHandler|Received AssetType Weather at 1291ms 
2026-01-28 09:22:57.3364|INFO|HytaleClient.Networking.PacketHandler|Finished handling AssetType Weather took 1ms 
2026-01-28 09:22:57.3364|INFO|HytaleClient.Networking.PacketHandler|Received AssetType ItemAnimations at 1303ms 
2026-01-28 09:22:57.3364|INFO|HytaleClient.Networking.PacketHandler|Finished handling AssetType ItemAnimations took 0ms 
2026-01-28 09:22:57.3364|INFO|HytaleClient.Networking.PacketHandler|Received AssetType AmbienceFX at 1303ms 
2026-01-28 09:22:57.3364|INFO|HytaleClient.Networking.PacketHandler|Finished handling AssetType AmbienceFX took 0ms 
2026-01-28 09:22:57.3726|INFO|HytaleClient.Networking.PacketHandler|Received AssetType ParticleSpawners at 1327ms 
2026-01-28 09:22:57.3726|INFO|HytaleClient.Networking.PacketHandler|Finished handling AssetType ParticleSpawners took 0ms 
2026-01-28 09:22:57.4523|INFO|HytaleClient.Networking.PacketHandler|Received AssetType Interactions at 1407ms 
2026-01-28 09:22:57.4523|INFO|HytaleClient.Networking.PacketHandler|Finished handling AssetType Interactions took 0ms 
2026-01-28 09:22:57.4523|INFO|HytaleClient.Networking.PacketHandler|Received AssetType SoundEvents at 1410ms 
2026-01-28 09:22:57.4523|INFO|HytaleClient.Networking.PacketHandler|Finished handling AssetType SoundEvents took 0ms 
2026-01-28 09:22:57.4523|INFO|HytaleClient.Networking.PacketHandler|Received AssetType BlockSets at 1410ms 
2026-01-28 09:22:57.4523|INFO|HytaleClient.Networking.PacketHandler|Finished handling AssetType BlockSets took 0ms 
2026-01-28 09:22:57.4523|INFO|HytaleClient.Networking.PacketHandler|Received AssetType EntityUIComponents at 1410ms 
2026-01-28 09:22:57.4523|INFO|HytaleClient.Networking.PacketHandler|Finished handling AssetType EntityUIComponents took 0ms 
2026-01-28 09:22:57.4523|INFO|HytaleClient.Networking.PacketHandler|Received AssetType EntityEffects at 1415ms 
2026-01-28 09:22:57.4523|INFO|HytaleClient.Networking.PacketHandler|Finished handling AssetType EntityEffects took 0ms 
2026-01-28 09:22:57.4605|INFO|HytaleClient.Networking.PacketHandler|Received AssetType BlockBreakingDecals at 1415ms 
2026-01-28 09:22:57.4605|INFO|HytaleClient.Networking.PacketHandler|Finished handling AssetType BlockBreakingDecals took 0ms 
2026-01-28 09:22:57.4605|INFO|HytaleClient.Networking.PacketHandler|Received AssetType BlockSoundSets at 1416ms 
2026-01-28 09:22:57.4605|INFO|HytaleClient.Networking.PacketHandler|Finished handling AssetType BlockSoundSets took 0ms 
2026-01-28 09:22:57.4605|INFO|HytaleClient.Networking.PacketHandler|Received AssetType ItemReticles at 1417ms 
2026-01-28 09:22:57.4605|INFO|HytaleClient.Networking.PacketHandler|Finished handling AssetType ItemReticles took 0ms 
2026-01-28 09:22:57.4605|INFO|HytaleClient.Networking.PacketHandler|Received AssetType Fluids at 1418ms 
2026-01-28 09:22:57.4605|INFO|HytaleClient.Networking.PacketHandler|Finished handling AssetType Fluids took 0ms 
2026-01-28 09:22:57.4605|INFO|HytaleClient.Networking.PacketHandler|Received AssetType EqualizerEffects at 1418ms 
2026-01-28 09:22:57.4605|INFO|HytaleClient.Networking.PacketHandler|Finished handling AssetType EqualizerEffects took 0ms 
2026-01-28 09:22:57.4605|INFO|HytaleClient.Networking.PacketHandler|Received AssetType BlockTypes, Items at 1419ms 
2026-01-28 09:22:57.4605|INFO|HytaleClient.Networking.PacketHandler|Received AssetType ItemQuality at 1420ms 
2026-01-28 09:22:57.4605|INFO|HytaleClient.Networking.PacketHandler|Finished handling AssetType ItemQuality took 0ms 
2026-01-28 09:22:57.4605|INFO|HytaleClient.Networking.PacketHandler|Received AssetType UnarmedInteractions at 1420ms 
2026-01-28 09:22:57.4605|INFO|HytaleClient.Networking.PacketHandler|Finished handling AssetType UnarmedInteractions took 0ms 
2026-01-28 09:22:57.4605|INFO|HytaleClient.Networking.PacketHandler|Received AssetType AudioCategories at 1420ms 
2026-01-28 09:22:57.4605|INFO|HytaleClient.Networking.PacketHandler|Finished handling AssetType AudioCategories took 0ms 
2026-01-28 09:22:57.4605|INFO|HytaleClient.Networking.PacketHandler|Received AssetType SoundSets at 1421ms 
2026-01-28 09:22:57.4605|INFO|HytaleClient.Networking.PacketHandler|Finished handling AssetType SoundSets took 0ms 
2026-01-28 09:22:57.4605|INFO|HytaleClient.Networking.PacketHandler|Received AssetType ParticleSystems at 1427ms 
2026-01-28 09:22:57.4605|INFO|HytaleClient.Networking.PacketHandler|Finished handling AssetType ParticleSystems took 0ms 
2026-01-28 09:22:57.4605|INFO|HytaleClient.Networking.PacketHandler|Received AssetType ModelVFX at 1427ms 
2026-01-28 09:22:57.4605|INFO|HytaleClient.Networking.PacketHandler|Finished handling AssetType ModelVFX took 0ms 
2026-01-28 09:22:57.4605|INFO|HytaleClient.Networking.PacketHandler|Received AssetType FieldcraftCategories at 1430ms 
2026-01-28 09:22:57.4760|INFO|HytaleClient.Networking.PacketHandler|Finished handling AssetType FieldcraftCategories took 0ms 
2026-01-28 09:22:57.4760|INFO|HytaleClient.Networking.PacketHandler|Received AssetType EntityStatTypes at 1431ms 
2026-01-28 09:22:57.4760|INFO|HytaleClient.Networking.PacketHandler|Finished handling AssetType EntityStatTypes took 0ms 
2026-01-28 09:22:57.4760|INFO|HytaleClient.Networking.PacketHandler|Received AssetType HitboxCollisionConfig at 1431ms 
2026-01-28 09:22:57.4760|INFO|HytaleClient.Networking.PacketHandler|Finished handling AssetType HitboxCollisionConfig took 0ms 
2026-01-28 09:22:57.5029|INFO|HytaleClient.Networking.PacketHandler|Received AssetType RootInteractions at 1457ms 
2026-01-28 09:22:57.5029|INFO|HytaleClient.Networking.PacketHandler|Finished handling AssetType RootInteractions took 2ms 
2026-01-28 09:22:57.5029|INFO|HytaleClient.Networking.PacketHandler|Received AssetType ReverbEffects at 1459ms 
2026-01-28 09:22:57.5029|INFO|HytaleClient.Networking.PacketHandler|Finished handling AssetType ReverbEffects took 0ms 
2026-01-28 09:22:57.5029|INFO|HytaleClient.Networking.PacketHandler|Received AssetType Environment at 1459ms 
2026-01-28 09:22:57.5029|INFO|HytaleClient.Networking.PacketHandler|Finished handling AssetType Environment took 0ms 
2026-01-28 09:22:57.5029|INFO|HytaleClient.Networking.PacketHandler|Received AssetType BlockParticleSets at 1459ms 
2026-01-28 09:22:57.5029|INFO|HytaleClient.Networking.PacketHandler|Finished handling AssetType BlockParticleSets took 0ms 
2026-01-28 09:22:57.5263|INFO|HytaleClient.Networking.PacketHandler|Received AssetType Translations at 1481ms 
2026-01-28 09:22:57.5263|INFO|HytaleClient.Networking.PacketHandler|Finished handling AssetType Translations took 0ms 
2026-01-28 09:22:57.5263|INFO|HytaleClient.Networking.PacketHandler|Stage SettingUp -> Playing took 438ms 
2026-01-28 09:22:57.5263|INFO|HytaleClient.Networking.PacketHandler|PrepareAmbienceFX: 0ms 
2026-01-28 09:22:57.5263|INFO|HytaleClient.Application.Program|Loading world: PrepareRootInterations: 1ms 
2026-01-28 09:22:57.5263|INFO|HytaleClient.Application.Program|Loading world: PrepareInterations: 1ms 
2026-01-28 09:22:57.5263|INFO|HytaleClient.Networking.PacketHandler|PrepareBlockOverlayAtlas: 3ms 
2026-01-28 09:22:57.5263|INFO|HytaleClient.Networking.PacketHandler|PrepareWorldMap: 11ms 
2026-01-28 09:22:57.7623|INFO|HytaleClient.Networking.PacketHandler|PrepareParticles: 235ms 
2026-01-28 09:22:57.8632|INFO|HytaleClient.Networking.PacketHandler|PrepareItemAnimations: 336ms 
2026-01-28 09:22:58.1334|INFO|HytaleClient.Networking.PacketHandler|PrepareItems: 606ms 
2026-01-28 09:22:58.1788|INFO|HytaleClient.Networking.PacketHandler|PrepareBlockTypes: 652 ms 
2026-01-28 09:22:58.1854|WARN|HytaleClient.Networking.PacketHandler|All rendered chunks were discarded. 
2026-01-28 09:22:58.1854|WARN|HytaleClient.Networking.PacketHandler|All rendered chunks were discarded. 
2026-01-28 09:22:58.2308|INFO|HytaleClient.Networking.PacketHandler|PrepareEntitiesAtlas: 704ms 
2026-01-28 09:22:58.2707|INFO|HytaleClient.Networking.PacketHandler|Received JoinWorldPacket 
2026-01-28 09:22:58.5520|INFO|HytaleClient.Application.AppGameLoading|GameInstance.OnSetupComplete() 
2026-01-28 09:22:58.5613|INFO|HytaleClient.Networking.PacketHandler|Global: 1034.9061ms 
2026-01-28 09:22:58.5613|INFO|HytaleClient.Networking.PacketHandler|ProcessJoinWorldPacket: FadeInOut is False 
2026-01-28 09:22:58.5613|INFO|HytaleClient.Application.AppGameLoading|GameInstance.PrepareJoiningWorld() 
2026-01-28 09:22:58.5613|INFO|HytaleClient.Application.AppGameLoading|GameInstance.StartJoiningWorld() 
2026-01-28 09:22:58.8486|WARN|HytaleClient.Networking.PacketHandler|A Equipment packet had been received on the local player 
2026-01-28 09:22:58.8486|WARN|HytaleClient.Networking.PacketHandler|A Equipment packet had been received on the local player 
2026-01-28 09:22:59.6149|INFO|HytaleClient.Application.AppGameLoading|GameInstance.OnWorldJoined() 
2026-01-28 09:22:59.6149|INFO|HytaleClient.Application.AppMainMenu|Changing from loading stage Loading to Complete 
2026-01-28 09:22:59.6149|INFO|HytaleClient.Application.Program|Changing from Stage GameLoading to InGame 
2026-01-28 09:22:59.7152|DEBUG|HytaleClient.Application.Program|Telemetry packet sent: event (seq: 5) 
2026-01-28 09:22:59.7803|WARN|HytaleClient.Application.AppGameLoading|Removing mis-prediction: Hytale.Protocol.EntityStatUpdate 
2026-01-28 09:22:59.7803|WARN|HytaleClient.Application.AppGameLoading|Removing mis-prediction: Hytale.Protocol.EntityStatUpdate 
2026-01-28 09:22:59.7803|WARN|HytaleClient.Application.AppGameLoading|Removing mis-prediction: Hytale.Protocol.EntityStatUpdate 
2026-01-28 09:22:59.7803|WARN|HytaleClient.Application.AppGameLoading|Removing mis-prediction: Hytale.Protocol.EntityStatUpdate 
2026-01-28 09:22:59.7803|WARN|HytaleClient.Application.AppGameLoading|Removing mis-prediction: Hytale.Protocol.EntityStatUpdate 
2026-01-28 09:22:59.7803|WARN|HytaleClient.Application.AppGameLoading|Removing mis-prediction: Hytale.Protocol.EntityStatUpdate 
2026-01-28 09:22:59.7803|WARN|HytaleClient.Application.AppGameLoading|Removing mis-prediction: Hytale.Protocol.EntityStatUpdate 
2026-01-28 09:22:59.7935|DEBUG|HytaleClient.Application.Program|Telemetry packet sent: event (seq: 6) 
2026-01-28 09:22:59.8562|WARN|HytaleClient.Networking.PacketHandler|A Equipment packet had been received on the local player 
2026-01-28 09:23:09.0511|INFO|HytaleClient.Application.AppMainMenu|[AssetUpdate] BlockTypes: Starting AddOrUpdate 
2026-01-28 09:23:09.3017|WARN|HytaleClient.Application.AppMainMenu|Invalid block set in chunk (53, 3, 0) at (1696 119 26) to 3954 (max value 3953) 
2026-01-28 09:23:09.3017|WARN|HytaleClient.Application.AppMainMenu|Invalid block set in chunk (53, 3, 0) at (1696 119 27) to 3954 (max value 3953) 
2026-01-28 09:23:09.3017|WARN|HytaleClient.Application.AppMainMenu|Invalid block set in chunk (53, 3, 0) at (1696 119 28) to 3954 (max value 3953) 
2026-01-28 09:23:09.3017|WARN|HytaleClient.Application.AppMainMenu|Invalid block set in chunk (53, 3, 0) at (1697 119 26) to 3954 (max value 3953) 
2026-01-28 09:23:09.3017|WARN|HytaleClient.Application.AppMainMenu|Invalid block set in chunk (53, 3, 0) at (1697 119 27) to 3954 (max value 3953) 
2026-01-28 09:23:09.3017|WARN|HytaleClient.Application.AppMainMenu|Invalid block set in chunk (53, 3, 0) at (1697 119 28) to 3954 (max value 3953) 
2026-01-28 09:23:09.3017|WARN|HytaleClient.Application.AppMainMenu|Invalid block set in chunk (53, 3, 0) at (1698 119 26) to 3954 (max value 3953) 
2026-01-28 09:23:09.3017|WARN|HytaleClient.Application.AppMainMenu|Invalid block set in chunk (53, 3, 0) at (1698 119 27) to 3954 (max value 3953) 
2026-01-28 09:23:09.3017|WARN|HytaleClient.Application.AppMainMenu|Invalid block set in chunk (53, 3, 0) at (1698 119 28) to 3954 (max value 3953) 
2026-01-28 09:23:09.3017|WARN|HytaleClient.Application.AppMainMenu|Invalid block set in chunk (53, 3, 0) at (1696 119 29) to 3954 (max value 3953) 
2026-01-28 09:23:09.3017|WARN|HytaleClient.Application.AppMainMenu|Invalid block set in chunk (53, 3, 0) at (1697 119 29) to 3954 (max value 3953) 
2026-01-28 09:23:09.3017|WARN|HytaleClient.Application.AppMainMenu|Invalid block set in chunk (53, 3, 0) at (1698 119 29) to 3954 (max value 3953) 
2026-01-28 09:23:09.3017|WARN|HytaleClient.Application.AppMainMenu|Invalid block set in chunk (53, 3, 0) at (1696 119 30) to 3954 (max value 3953) 
2026-01-28 09:23:09.3017|WARN|HytaleClient.Application.AppMainMenu|Invalid block set in chunk (53, 3, 0) at (1697 119 30) to 3954 (max value 3953) 
2026-01-28 09:23:09.3017|WARN|HytaleClient.Application.AppMainMenu|Invalid block set in chunk (53, 3, 0) at (1698 119 30) to 3954 (max value 3953) 
2026-01-28 09:23:09.3104|WARN|HytaleClient.Networking.PacketHandler|All rendered chunks were discarded. 
2026-01-28 09:23:09.3104|INFO|HytaleClient.Application.AppMainMenu|[AssetUpdate] BlockTypes: Finished AddOrUpdate in 265ms 
2026-01-28 09:23:09.4379|WARN|HytaleClient.Application.AppGameLoading|Removing mis-prediction: Hytale.Protocol.EntityStatUpdate 
2026-01-28 09:23:38.0040|WARN|HytaleClient.Networking.PacketHandler|A Equipment packet had been received on the local player 
2026-01-28 09:23:38.1382|WARN|HytaleClient.Networking.PacketHandler|A Equipment packet had been received on the local player 
2026-01-28 09:23:45.0351|WARN|HytaleClient.Networking.PacketHandler|A Equipment packet had been received on the local player 
2026-01-28 09:23:47.5051|WARN|HytaleClient.Networking.PacketHandler|A Equipment packet had been received on the local player 
2026-01-28 09:23:57.0104|WARN|HytaleClient.Networking.PacketHandler|A Equipment packet had been received on the local player 
2026-01-28 09:23:58.8810|WARN|HytaleClient.Networking.PacketHandler|A Equipment packet had been received on the local player 
2026-01-28 09:24:00.5157|WARN|HytaleClient.Networking.PacketHandler|A Equipment packet had been received on the local player 
2026-01-28 09:24:05.9482|WARN|HytaleClient.Networking.PacketHandler|A Equipment packet had been received on the local player 
2026-01-28 09:24:08.4462|WARN|HytaleClient.Networking.PacketHandler|A Equipment packet had been received on the local player 
2026-01-28 09:24:24.2799|WARN|HytaleClient.Networking.PacketHandler|A Equipment packet had been received on the local player 
2026-01-28 09:24:35.8797|INFO|HytaleClient.Application.AppMainMenu|[AssetUpdate] BlockTypes: Starting AddOrUpdate 
2026-01-28 09:24:36.1399|WARN|HytaleClient.Networking.PacketHandler|All rendered chunks were discarded. 
2026-01-28 09:24:36.1399|INFO|HytaleClient.Application.AppMainMenu|[AssetUpdate] BlockTypes: Finished AddOrUpdate in 264ms 
2026-01-28 09:24:43.2129|INFO|HytaleClient.Application.AppMainMenu|[AssetUpdate] BlockTypes: Starting AddOrUpdate 
2026-01-28 09:24:43.4844|WARN|HytaleClient.Networking.PacketHandler|All rendered chunks were discarded. 
2026-01-28 09:24:43.4844|INFO|HytaleClient.Application.AppMainMenu|[AssetUpdate] BlockTypes: Finished AddOrUpdate in 285ms 
2026-01-28 09:24:50.6155|INFO|HytaleClient.Application.AppMainMenu|[AssetUpdate] BlockTypes: Starting AddOrUpdate 
2026-01-28 09:24:50.8893|WARN|HytaleClient.Networking.PacketHandler|All rendered chunks were discarded. 
2026-01-28 09:24:50.9184|INFO|HytaleClient.Application.AppMainMenu|[AssetUpdate] BlockTypes: Finished AddOrUpdate in 302ms 
2026-01-28 09:25:03.7622|INFO|HytaleClient.Application.AppMainMenu|[AssetUpdate] BlockTypes: Starting AddOrUpdate 
2026-01-28 09:25:04.0161|WARN|HytaleClient.Networking.PacketHandler|All rendered chunks were discarded. 
2026-01-28 09:25:04.0161|INFO|HytaleClient.Application.AppMainMenu|[AssetUpdate] BlockTypes: Finished AddOrUpdate in 258ms 
2026-01-28 09:25:07.2251|INFO|HytaleClient.Application.AppMainMenu|[AssetUpdate] BlockTypes: Starting AddOrUpdate 
2026-01-28 09:25:07.5068|WARN|HytaleClient.Networking.PacketHandler|All rendered chunks were discarded. 
2026-01-28 09:25:07.5068|INFO|HytaleClient.Application.AppMainMenu|[AssetUpdate] BlockTypes: Finished AddOrUpdate in 289ms 
2026-01-28 09:25:14.0966|INFO|HytaleClient.Application.AppMainMenu|[AssetUpdate] BlockTypes: Starting AddOrUpdate 
2026-01-28 09:25:14.3805|WARN|HytaleClient.Networking.PacketHandler|All rendered chunks were discarded. 
2026-01-28 09:25:14.3805|INFO|HytaleClient.Application.AppMainMenu|[AssetUpdate] BlockTypes: Finished AddOrUpdate in 292ms 
2026-01-28 09:25:17.6316|INFO|HytaleClient.Application.AppMainMenu|[AssetUpdate] BlockTypes: Starting AddOrUpdate 
2026-01-28 09:25:17.9113|WARN|HytaleClient.Networking.PacketHandler|All rendered chunks were discarded. 
2026-01-28 09:25:17.9113|INFO|HytaleClient.Application.AppMainMenu|[AssetUpdate] BlockTypes: Finished AddOrUpdate in 289ms 
2026-01-28 09:25:22.9250|INFO|HytaleClient.Application.Program|Changing from Stage InGame to MainMenu 
2026-01-28 09:25:23.0986|INFO|HytaleClient.Application.Program|Generating new self-signed certificate... 
2026-01-28 09:25:23.3145|INFO|HytaleClient.Application.Program|Certificate generated successfully in 215.8808ms. Fingerprint: AXl6kgqcbLEc5_b1L4OTtykAGLWl-Tngz8jYmRhxOvY 
2026-01-28 09:25:23.4056|INFO|HytaleClient.Application.Program|Built 75 GPU programs successfully. 
2026-01-28 09:25:23.4056|DEBUG|HytaleClient.Application.Program|GPU programs: BasicProgram, BasicFullScreenProgram, BasicFogProgram, BlockyModelForwardProgram, BlockyModelDitheringProgram, BlockyModelProgram, FirstPersonBlockyModelProgram, BlockyModelDistortionProgram, FirstPersonDistortionBlockyModelProgram, FirstPersonClippingBlockyModelProgram, MapChunkNearOpaqueProgram, MapChunkNearAlphaTestedProgram, MapChunkFarOpaqueProgram, MapChunkFarAlphaTestedProgram, MapChunkAlphaBlendedProgram, MapBlockAnimatedProgram, MapBlockAnimatedForwardProgram, SkyProgram, CloudsProgram, TextProgram, ParticleProgram, ParticleErosionProgram, ParticleDistortionProgram, ForceFieldProgram, BuilderToolProgram, WorldMapProgram, PostEffectProgram, InventoryPostEffectProgram, MainMenuPostEffectProgram, TemporalAAProgram, OITCompositeProgram, CubemapProgram, ZDownsampleProgram, LinearZDownsampleProgram, EdgeDetectionProgram, LinearZProgram, LightMixProgram, LightProgram, LightLowResProgram, LightClusteredProgram, MapChunkShadowMapProgram, MapBlockAnimatedShadowMapProgram, BlockyModelShadowMapProgram, BlockyModelOcclusionMapProgram, DeferredShadowProgram, SSAOProgram, BlurSSAOAndShadowProgram, DeferredProgram, ScreenBlitProgram, BlurProgram, DoFBlurProgram, DoFCircleOfConfusionProgram, DoFDownsampleProgram, DoFNearCoCMaxProgram, DoFNearCoCBlurProgram, DepthOfFieldAdvancedProgram, DoFFillProgram, BloomSelectProgram, BloomDownsampleBlurProgram, BloomUpsampleBlurProgram, BloomMaxProgram, BloomCompositeProgram, RadialGlowMaskProgram, RadialGlowLuminanceProgram, SunOcclusionDownsampleProgram, SceneBrightnessPackProgram, ZOnlyMapChunkProgram, ZOnlyMapChunkPlanesProgram, ZOnlyProgram, HiZReprojectProgram, HiZFillHoleProgram, HiZBuildProgram, HiZCullProgram, DebugDrawMapProgram, Batcher2DProgram 
2026-01-28 09:25:23.4238|DEBUG|HytaleClient.Application.Program|Telemetry packet sent: event (seq: 7) 
2026-01-28 09:27:46.3594|DEBUG|HytaleClient.Application.Program|Telemetry packet sent: heartbeat (seq: 8) 
2026-01-28 09:29:58.9881|INFO|HytaleClient.Application.AppStartup|Connecting to multiplayer server "Local Host" at localhost 
2026-01-28 09:29:59.1403|INFO|HytaleClient.Application.AppMainMenu|Connecting to server localhost:5520 
2026-01-28 09:29:59.1403|INFO|HytaleClient.Application.Program|Changing from Stage MainMenu to GameLoading 
2026-01-28 09:29:59.1403|INFO||Using mTLS with client certificate (fingerprint: AXl6kgqcbLEc5_b1L4OTtykAGLWl-Tngz8jYmRhxOvY) 
2026-01-28 09:29:59.1403|INFO||Opening Quic Connection to localhost:5520 
2026-01-28 09:29:59.1403|DEBUG||Game server requesting client certificate, providing: AXl6kgqcbLEc5_b1L4OTtykAGLWl-Tngz8jYmRhxOvY 
2026-01-28 09:29:59.2963|INFO||Server certificate fingerprint captured: IP9WumnfrHhd96G1oOrH3BryYyn_gs3mANdbBEeiBvI 
2026-01-28 09:29:59.2963|INFO||Accepting self-signed server certificate: CN=localhost 
2026-01-28 09:29:59.2963|INFO||Waiting for Quic Stream from localhost:5520 
2026-01-28 09:29:59.2963|INFO||Quic Stream connected to localhost:5520 
2026-01-28 09:29:59.3650|DEBUG|HytaleClient.Application.Program|Telemetry packet sent: event (seq: 9) 
2026-01-28 09:29:59.4084|INFO|HytaleClient.Application.AppMainMenu|Changing from loading stage Initial to Connecting 
2026-01-28 09:29:59.4084|INFO|HytaleClient.Application.AppMainMenu|Changing from loading stage Connecting to Loading 
2026-01-28 09:29:59.4856|DEBUG|HytaleClient.Application.Program|Telemetry packet sent: event (seq: 10) 
2026-01-28 09:29:59.5014|INFO|HytaleClient.Application.Program|Built 75 GPU programs successfully. 
2026-01-28 09:29:59.5014|DEBUG|HytaleClient.Application.Program|GPU programs: BasicProgram, BasicFullScreenProgram, BasicFogProgram, BlockyModelForwardProgram, BlockyModelDitheringProgram, BlockyModelProgram, FirstPersonBlockyModelProgram, BlockyModelDistortionProgram, FirstPersonDistortionBlockyModelProgram, FirstPersonClippingBlockyModelProgram, MapChunkNearOpaqueProgram, MapChunkNearAlphaTestedProgram, MapChunkFarOpaqueProgram, MapChunkFarAlphaTestedProgram, MapChunkAlphaBlendedProgram, MapBlockAnimatedProgram, MapBlockAnimatedForwardProgram, SkyProgram, CloudsProgram, TextProgram, ParticleProgram, ParticleErosionProgram, ParticleDistortionProgram, ForceFieldProgram, BuilderToolProgram, WorldMapProgram, PostEffectProgram, InventoryPostEffectProgram, MainMenuPostEffectProgram, TemporalAAProgram, OITCompositeProgram, CubemapProgram, ZDownsampleProgram, LinearZDownsampleProgram, EdgeDetectionProgram, LinearZProgram, LightMixProgram, LightProgram, LightLowResProgram, LightClusteredProgram, MapChunkShadowMapProgram, MapBlockAnimatedShadowMapProgram, BlockyModelShadowMapProgram, BlockyModelOcclusionMapProgram, DeferredShadowProgram, SSAOProgram, BlurSSAOAndShadowProgram, DeferredProgram, ScreenBlitProgram, BlurProgram, DoFBlurProgram, DoFCircleOfConfusionProgram, DoFDownsampleProgram, DoFNearCoCMaxProgram, DoFNearCoCBlurProgram, DepthOfFieldAdvancedProgram, DoFFillProgram, BloomSelectProgram, BloomDownsampleBlurProgram, BloomUpsampleBlurProgram, BloomMaxProgram, BloomCompositeProgram, RadialGlowMaskProgram, RadialGlowLuminanceProgram, SunOcclusionDownsampleProgram, SceneBrightnessPackProgram, ZOnlyMapChunkProgram, ZOnlyMapChunkPlanesProgram, ZOnlyProgram, HiZReprojectProgram, HiZFillHoleProgram, HiZBuildProgram, HiZCullProgram, DebugDrawMapProgram, Batcher2DProgram 
2026-01-28 09:29:59.6345|INFO|HytaleClient.Application.AppGameLoading|Starting authenticated connection flow 
2026-01-28 09:30:00.1729|INFO|HytaleClient.Networking.PacketHandler|Received AuthGrant with server identity token 
2026-01-28 09:30:00.1729|INFO|HytaleClient.Networking.PacketHandler|Validating server identity token... 
2026-01-28 09:30:00.1729|DEBUG|HytaleClient.Utils.SentryHelper|Fetching JWKS from Session Service... 
2026-01-28 09:30:00.2844|INFO|HytaleClient.Utils.SentryHelper|Successfully fetched JWKS with 1 keys 
2026-01-28 09:30:00.2844|DEBUG||JWKS loaded with 1 keys (cached permanently) 
2026-01-28 09:30:00.2844|DEBUG||Ed25519 signature verified successfully 
2026-01-28 09:30:00.2844|DEBUG||User token validated successfully for c013444c-04d3-4ef1-beaa-1533fd7a3034 
2026-01-28 09:30:00.2844|INFO|HytaleClient.Networking.PacketHandler|Server identity validated: CodeCreature (c013444c-04d3-4ef1-beaa-1533fd7a3034, scope: hytale:server) 
2026-01-28 09:30:00.2844|INFO|HytaleClient.Networking.PacketHandler|Requesting auth grant for server 
2026-01-28 09:30:00.2844|DEBUG|HytaleClient.Utils.SentryHelper|Requesting auth grant for server using identity token 
2026-01-28 09:30:00.3605|INFO|HytaleClient.Utils.SentryHelper|Successfully obtained auth grant for server 
2026-01-28 09:30:00.3605|INFO|HytaleClient.Networking.PacketHandler|Obtained auth grant for server 
2026-01-28 09:30:00.3605|DEBUG|HytaleClient.Utils.SentryHelper|Exchanging authorization grant for access token 
2026-01-28 09:30:00.4359|INFO|HytaleClient.Utils.SentryHelper|Successfully obtained access token 
2026-01-28 09:30:00.4359|INFO|HytaleClient.Networking.PacketHandler|Successfully obtained JWT access token, sending AuthToken to server 
2026-01-28 09:30:00.5221|INFO|HytaleClient.Networking.PacketHandler|Received ServerAuthToken, validating server access token... 
2026-01-28 09:30:00.5221|DEBUG||Ed25519 signature verified successfully 
2026-01-28 09:30:00.5221|DEBUG||Certificate binding validated for server 
2026-01-28 09:30:00.5221|DEBUG||Server access token validated successfully for c013444c-04d3-4ef1-beaa-1533fd7a3034 
2026-01-28 09:30:00.5221|INFO|HytaleClient.Networking.PacketHandler|Mutual authentication complete! Server identity confirmed: CodeCreature (c013444c-04d3-4ef1-beaa-1533fd7a3034) 
2026-01-28 09:30:00.5221|INFO|HytaleClient.Networking.PacketHandler|No password required - authentication complete 
2026-01-28 09:30:00.6143|INFO|HytaleClient.Networking.PacketHandler|Stage WaitingForSetup -> SettingUp took 979ms 
2026-01-28 09:30:00.6143|INFO|HytaleClient.Networking.PacketHandler|Handle RequiredAssets at 984ms 
2026-01-28 09:30:00.6363|INFO|HytaleClient.Networking.PacketHandler|Finished handling RequiredAssets, took 17ms 
2026-01-28 09:30:00.6641|INFO|HytaleClient.Networking.PacketHandler|Received AssetType RepulsionConfig at 1029ms 
2026-01-28 09:30:00.6641|INFO|HytaleClient.Networking.PacketHandler|Finished handling AssetType RepulsionConfig took 0ms 
2026-01-28 09:30:00.6641|INFO|HytaleClient.Networking.PacketHandler|Received AssetType EntityUIComponents at 1030ms 
2026-01-28 09:30:00.6641|INFO|HytaleClient.Networking.PacketHandler|Finished handling AssetType EntityUIComponents took 0ms 
2026-01-28 09:30:00.6641|INFO|HytaleClient.Networking.PacketHandler|Received AssetType ItemSoundSets at 1031ms 
2026-01-28 09:30:00.6641|INFO|HytaleClient.Networking.PacketHandler|Finished handling AssetType ItemSoundSets took 0ms 
2026-01-28 09:30:00.7868|INFO|HytaleClient.Networking.PacketHandler|Received AssetType BlockTypes at 1152ms 
2026-01-28 09:30:00.7868|INFO|HytaleClient.Networking.PacketHandler|Finished handling AssetType BlockTypes took 0ms 
2026-01-28 09:30:00.7868|INFO|HytaleClient.Networking.PacketHandler|Received AssetType FluidFX at 1152ms 
2026-01-28 09:30:00.7868|INFO|HytaleClient.Networking.PacketHandler|Finished handling AssetType FluidFX took 0ms 
2026-01-28 09:30:00.8325|INFO|HytaleClient.Networking.PacketHandler|Received AssetType Items at 1198ms 
2026-01-28 09:30:00.8325|INFO|HytaleClient.Networking.PacketHandler|Finished handling AssetType Items took 0ms 
2026-01-28 09:30:00.8325|INFO|HytaleClient.Networking.PacketHandler|Received AssetType Trails at 1198ms 
2026-01-28 09:30:00.8325|INFO|HytaleClient.Networking.PacketHandler|Finished handling AssetType Trails took 0ms 
2026-01-28 09:30:00.8325|INFO|HytaleClient.Networking.PacketHandler|Received AssetType TagPatterns at 1198ms 
2026-01-28 09:30:00.8325|INFO|HytaleClient.Networking.PacketHandler|Finished handling AssetType TagPatterns took 0ms 
2026-01-28 09:30:00.8325|INFO|HytaleClient.Networking.PacketHandler|Received AssetType Recipes at 1200ms 
2026-01-28 09:30:00.8325|INFO|HytaleClient.Networking.PacketHandler|Finished handling AssetType Recipes took 1ms 
2026-01-28 09:30:00.8325|INFO|HytaleClient.Networking.PacketHandler|Received AssetType BlockHitboxes at 1201ms 
2026-01-28 09:30:00.8475|INFO|HytaleClient.Networking.PacketHandler|Finished handling AssetType BlockHitboxes took 12ms 
2026-01-28 09:30:00.8475|INFO|HytaleClient.Networking.PacketHandler|Received AssetType ResourceTypes at 1213ms 
2026-01-28 09:30:00.8475|INFO|HytaleClient.Networking.PacketHandler|Finished handling AssetType ResourceTypes took 0ms 
2026-01-28 09:30:00.8475|INFO|HytaleClient.Networking.PacketHandler|Received AssetType ItemCategories at 1213ms 
2026-01-28 09:30:00.8475|INFO|HytaleClient.Networking.PacketHandler|Finished handling AssetType ItemCategories took 0ms 
2026-01-28 09:30:00.8475|INFO|HytaleClient.Networking.PacketHandler|Received AssetType Weather at 1213ms 
2026-01-28 09:30:00.8475|INFO|HytaleClient.Networking.PacketHandler|Finished handling AssetType Weather took 0ms 
2026-01-28 09:30:00.8475|INFO|HytaleClient.Networking.PacketHandler|Received AssetType ItemAnimations at 1223ms 
2026-01-28 09:30:00.8475|INFO|HytaleClient.Networking.PacketHandler|Finished handling AssetType ItemAnimations took 0ms 
2026-01-28 09:30:00.8475|INFO|HytaleClient.Networking.PacketHandler|Received AssetType AmbienceFX at 1224ms 
2026-01-28 09:30:00.8475|INFO|HytaleClient.Networking.PacketHandler|Finished handling AssetType AmbienceFX took 0ms 
2026-01-28 09:30:00.8840|INFO|HytaleClient.Networking.PacketHandler|Received AssetType ParticleSpawners at 1249ms 
2026-01-28 09:30:00.8840|INFO|HytaleClient.Networking.PacketHandler|Finished handling AssetType ParticleSpawners took 0ms 
2026-01-28 09:30:00.9592|INFO|HytaleClient.Networking.PacketHandler|Received AssetType Interactions at 1324ms 
2026-01-28 09:30:00.9592|INFO|HytaleClient.Networking.PacketHandler|Finished handling AssetType Interactions took 1ms 
2026-01-28 09:30:00.9592|INFO|HytaleClient.Networking.PacketHandler|Received AssetType SoundEvents at 1328ms 
2026-01-28 09:30:00.9592|INFO|HytaleClient.Networking.PacketHandler|Finished handling AssetType SoundEvents took 0ms 
2026-01-28 09:30:00.9592|INFO|HytaleClient.Networking.PacketHandler|Received AssetType BlockSets at 1329ms 
2026-01-28 09:30:00.9592|INFO|HytaleClient.Networking.PacketHandler|Finished handling AssetType BlockSets took 0ms 
2026-01-28 09:30:00.9592|INFO|HytaleClient.Networking.PacketHandler|Received AssetType EntityEffects at 1333ms 
2026-01-28 09:30:00.9592|INFO|HytaleClient.Networking.PacketHandler|Finished handling AssetType EntityEffects took 0ms 
2026-01-28 09:30:00.9592|INFO|HytaleClient.Networking.PacketHandler|Received AssetType BlockBreakingDecals at 1333ms 
2026-01-28 09:30:00.9592|INFO|HytaleClient.Networking.PacketHandler|Finished handling AssetType BlockBreakingDecals took 0ms 
2026-01-28 09:30:00.9592|INFO|HytaleClient.Networking.PacketHandler|Received AssetType BlockSoundSets at 1334ms 
2026-01-28 09:30:00.9592|INFO|HytaleClient.Networking.PacketHandler|Finished handling AssetType BlockSoundSets took 0ms 
2026-01-28 09:30:00.9592|INFO|HytaleClient.Networking.PacketHandler|Received AssetType ItemReticles at 1335ms 
2026-01-28 09:30:00.9592|INFO|HytaleClient.Networking.PacketHandler|Finished handling AssetType ItemReticles took 0ms 
2026-01-28 09:30:00.9592|INFO|HytaleClient.Networking.PacketHandler|Received AssetType Fluids at 1336ms 
2026-01-28 09:30:00.9592|INFO|HytaleClient.Networking.PacketHandler|Finished handling AssetType Fluids took 0ms 
2026-01-28 09:30:00.9592|INFO|HytaleClient.Networking.PacketHandler|Received AssetType EqualizerEffects at 1337ms 
2026-01-28 09:30:00.9592|INFO|HytaleClient.Networking.PacketHandler|Finished handling AssetType EqualizerEffects took 0ms 
2026-01-28 09:30:00.9724|INFO|HytaleClient.Networking.PacketHandler|Received AssetType BlockTypes, Items at 1337ms 
2026-01-28 09:30:00.9724|INFO|HytaleClient.Networking.PacketHandler|Received AssetType ItemQuality at 1338ms 
2026-01-28 09:30:00.9724|INFO|HytaleClient.Networking.PacketHandler|Finished handling AssetType ItemQuality took 0ms 
2026-01-28 09:30:00.9724|INFO|HytaleClient.Networking.PacketHandler|Received AssetType UnarmedInteractions at 1338ms 
2026-01-28 09:30:00.9724|INFO|HytaleClient.Networking.PacketHandler|Finished handling AssetType UnarmedInteractions took 0ms 
2026-01-28 09:30:00.9724|INFO|HytaleClient.Networking.PacketHandler|Received AssetType AudioCategories at 1339ms 
2026-01-28 09:30:00.9724|INFO|HytaleClient.Networking.PacketHandler|Finished handling AssetType AudioCategories took 0ms 
2026-01-28 09:30:00.9724|INFO|HytaleClient.Networking.PacketHandler|Received AssetType SoundSets at 1340ms 
2026-01-28 09:30:00.9724|INFO|HytaleClient.Networking.PacketHandler|Finished handling AssetType SoundSets took 0ms 
2026-01-28 09:30:00.9724|INFO|HytaleClient.Networking.PacketHandler|Received AssetType ParticleSystems at 1346ms 
2026-01-28 09:30:00.9724|INFO|HytaleClient.Networking.PacketHandler|Finished handling AssetType ParticleSystems took 1ms 
2026-01-28 09:30:00.9724|INFO|HytaleClient.Networking.PacketHandler|Received AssetType ModelVFX at 1347ms 
2026-01-28 09:30:00.9724|INFO|HytaleClient.Networking.PacketHandler|Finished handling AssetType ModelVFX took 0ms 
2026-01-28 09:30:00.9724|INFO|HytaleClient.Networking.PacketHandler|Received AssetType FieldcraftCategories at 1349ms 
2026-01-28 09:30:00.9724|INFO|HytaleClient.Networking.PacketHandler|Finished handling AssetType FieldcraftCategories took 0ms 
2026-01-28 09:30:00.9724|INFO|HytaleClient.Networking.PacketHandler|Received AssetType EntityStatTypes at 1350ms 
2026-01-28 09:30:00.9724|INFO|HytaleClient.Networking.PacketHandler|Finished handling AssetType EntityStatTypes took 0ms 
2026-01-28 09:30:00.9724|INFO|HytaleClient.Networking.PacketHandler|Received AssetType HitboxCollisionConfig at 1350ms 
2026-01-28 09:30:00.9724|INFO|HytaleClient.Networking.PacketHandler|Finished handling AssetType HitboxCollisionConfig took 0ms 
2026-01-28 09:30:01.0115|INFO|HytaleClient.Networking.PacketHandler|Received AssetType RootInteractions at 1377ms 
2026-01-28 09:30:01.0115|INFO|HytaleClient.Networking.PacketHandler|Finished handling AssetType RootInteractions took 0ms 
2026-01-28 09:30:01.0115|INFO|HytaleClient.Networking.PacketHandler|Received AssetType ReverbEffects at 1377ms 
2026-01-28 09:30:01.0115|INFO|HytaleClient.Networking.PacketHandler|Finished handling AssetType ReverbEffects took 0ms 
2026-01-28 09:30:01.0115|INFO|HytaleClient.Networking.PacketHandler|Received AssetType Environment at 1377ms 
2026-01-28 09:30:01.0115|INFO|HytaleClient.Networking.PacketHandler|Finished handling AssetType Environment took 0ms 
2026-01-28 09:30:01.0115|INFO|HytaleClient.Networking.PacketHandler|Received AssetType BlockParticleSets at 1377ms 
2026-01-28 09:30:01.0115|INFO|HytaleClient.Networking.PacketHandler|Finished handling AssetType BlockParticleSets took 0ms 
2026-01-28 09:30:01.0329|INFO|HytaleClient.Networking.PacketHandler|Received AssetType Translations at 1398ms 
2026-01-28 09:30:01.0329|INFO|HytaleClient.Networking.PacketHandler|Finished handling AssetType Translations took 0ms 
2026-01-28 09:30:01.0329|INFO|HytaleClient.Networking.PacketHandler|Stage SettingUp -> Playing took 418ms 
2026-01-28 09:30:01.0329|INFO|HytaleClient.Networking.PacketHandler|PrepareAmbienceFX: 0ms 
2026-01-28 09:30:01.0329|INFO|HytaleClient.Application.Program|Loading world: PrepareRootInterations: 0ms 
2026-01-28 09:30:01.0346|INFO|HytaleClient.Application.Program|Loading world: PrepareInterations: 1ms 
2026-01-28 09:30:01.0346|INFO|HytaleClient.Networking.PacketHandler|PrepareBlockOverlayAtlas: 4ms 
2026-01-28 09:30:01.0346|INFO|HytaleClient.Networking.PacketHandler|PrepareWorldMap: 13ms 
2026-01-28 09:30:01.4663|INFO|HytaleClient.Networking.PacketHandler|PrepareParticles: 433ms 
2026-01-28 09:30:01.6099|INFO|HytaleClient.Networking.PacketHandler|PrepareItemAnimations: 576ms 
2026-01-28 09:30:01.8818|INFO|HytaleClient.Networking.PacketHandler|PrepareItems: 848ms 
2026-01-28 09:30:01.9407|INFO|HytaleClient.Networking.PacketHandler|PrepareBlockTypes: 907 ms 
2026-01-28 09:30:01.9735|WARN|HytaleClient.Networking.PacketHandler|All rendered chunks were discarded. 
2026-01-28 09:30:01.9735|WARN|HytaleClient.Networking.PacketHandler|All rendered chunks were discarded. 
2026-01-28 09:30:02.0037|INFO|HytaleClient.Networking.PacketHandler|PrepareEntitiesAtlas: 970ms 
2026-01-28 09:30:02.0389|INFO|HytaleClient.Networking.PacketHandler|Received JoinWorldPacket 
2026-01-28 09:30:02.3913|INFO|HytaleClient.Application.AppGameLoading|GameInstance.OnSetupComplete() 
2026-01-28 09:30:02.4019|INFO|HytaleClient.Networking.PacketHandler|Global: 1368.9006ms 
2026-01-28 09:30:02.4019|INFO|HytaleClient.Networking.PacketHandler|ProcessJoinWorldPacket: FadeInOut is False 
2026-01-28 09:30:02.4019|INFO|HytaleClient.Application.AppGameLoading|GameInstance.PrepareJoiningWorld() 
2026-01-28 09:30:02.4019|INFO|HytaleClient.Application.AppGameLoading|GameInstance.StartJoiningWorld() 
2026-01-28 09:30:02.7749|WARN|HytaleClient.Networking.PacketHandler|A Equipment packet had been received on the local player 
2026-01-28 09:30:02.7749|WARN|HytaleClient.Networking.PacketHandler|A Equipment packet had been received on the local player 
2026-01-28 09:30:04.5038|INFO|HytaleClient.Application.AppGameLoading|GameInstance.OnWorldJoined() 
2026-01-28 09:30:04.5038|INFO|HytaleClient.Application.AppMainMenu|Changing from loading stage Loading to Complete 
2026-01-28 09:30:04.5038|INFO|HytaleClient.Application.Program|Changing from Stage GameLoading to InGame 
2026-01-28 09:30:04.6117|DEBUG|HytaleClient.Application.Program|Telemetry packet sent: event (seq: 11) 
2026-01-28 09:30:04.6868|DEBUG|HytaleClient.Application.Program|Telemetry packet sent: event (seq: 12) 
2026-01-28 09:30:04.7428|WARN|HytaleClient.Networking.PacketHandler|A Equipment packet had been received on the local player 
2026-01-28 09:30:09.3173|INFO|HytaleClient.Application.AppMainMenu|[AssetUpdate] BlockTypes: Starting AddOrUpdate 
2026-01-28 09:30:09.3556|ERROR|HytaleClient.Networking.PacketHandler|Exception when handling packet 40 UpdateBlockTypes: System.Collections.Generic.KeyNotFoundException: The given key '949650efc4b3cd622384959ae4f800958f3756ebe3098c62ffde1c2a47bd294c' was not present in the dictionary.
   at HytaleClient!<BaseAddress>+0x137cca4
   at HytaleClient!<BaseAddress>+0x366218
   at HytaleClient!<BaseAddress>+0x364d20
   at HytaleClient!<BaseAddress>+0x1b1a70
   at HytaleClient!<BaseAddress>+0x1b9b39
   at HytaleClient!<BaseAddress>+0x1b8643
   at HytaleClient!<BaseAddress>+0x1b7d23
2026-01-28 09:30:09.3556|INFO|HytaleClient.Utils.SentryHelper|Sentry event captured: ee928e41f17f478d8b66dd69fb2f630d 
2026-01-28 09:30:09.3728|INFO|HytaleClient.Application.AppInGame|Disconnected with error: 
2026-01-28 09:30:09.3728|ERROR|HytaleClient.Application.AppInGame|System.Collections.Generic.KeyNotFoundException: The given key '949650efc4b3cd622384959ae4f800958f3756ebe3098c62ffde1c2a47bd294c' was not present in the dictionary. System.Collections.Generic.KeyNotFoundException: The given key '949650efc4b3cd622384959ae4f800958f3756ebe3098c62ffde1c2a47bd294c' was not present in the dictionary.
   at HytaleClient!<BaseAddress>+0x137cca4
   at HytaleClient!<BaseAddress>+0x366218
   at HytaleClient!<BaseAddress>+0x364d20
   at HytaleClient!<BaseAddress>+0x1b1a70
   at HytaleClient!<BaseAddress>+0x1b9b39
   at HytaleClient!<BaseAddress>+0x1b8643
   at HytaleClient!<BaseAddress>+0x1b7d23
2026-01-28 09:30:09.3728|INFO|HytaleClient.Application.Program|Changing from Stage InGame to Disconnection 
2026-01-28 09:30:09.4459|INFO|HytaleClient.Application.Program|Generating new self-signed certificate... 
2026-01-28 09:30:09.6186|DEBUG|HytaleClient.Application.Program|Telemetry packet sent: event (seq: 13) 
2026-01-28 09:30:09.6334|INFO|HytaleClient.Application.Program|Certificate generated successfully in 187.4394ms. Fingerprint: FUPMeHMgGbulKv5EqrEZNZPzdgBXIT36QSoBXYNZrM0 
2026-01-28 09:30:09.6979|DEBUG|HytaleClient.Application.Program|Telemetry packet sent: event (seq: 14) 
2026-01-28 09:30:12.3327|INFO|HytaleClient.Application.Program|Changing from Stage Disconnection to MainMenu 
2026-01-28 09:30:12.4758|DEBUG|HytaleClient.Application.Program|Telemetry packet sent: event (seq: 15) 
2026-01-28 09:30:12.5166|INFO|HytaleClient.Application.Program|Built 75 GPU programs successfully. 
2026-01-28 09:30:12.5166|DEBUG|HytaleClient.Application.Program|GPU programs: BasicProgram, BasicFullScreenProgram, BasicFogProgram, BlockyModelForwardProgram, BlockyModelDitheringProgram, BlockyModelProgram, FirstPersonBlockyModelProgram, BlockyModelDistortionProgram, FirstPersonDistortionBlockyModelProgram, FirstPersonClippingBlockyModelProgram, MapChunkNearOpaqueProgram, MapChunkNearAlphaTestedProgram, MapChunkFarOpaqueProgram, MapChunkFarAlphaTestedProgram, MapChunkAlphaBlendedProgram, MapBlockAnimatedProgram, MapBlockAnimatedForwardProgram, SkyProgram, CloudsProgram, TextProgram, ParticleProgram, ParticleErosionProgram, ParticleDistortionProgram, ForceFieldProgram, BuilderToolProgram, WorldMapProgram, PostEffectProgram, InventoryPostEffectProgram, MainMenuPostEffectProgram, TemporalAAProgram, OITCompositeProgram, CubemapProgram, ZDownsampleProgram, LinearZDownsampleProgram, EdgeDetectionProgram, LinearZProgram, LightMixProgram, LightProgram, LightLowResProgram, LightClusteredProgram, MapChunkShadowMapProgram, MapBlockAnimatedShadowMapProgram, BlockyModelShadowMapProgram, BlockyModelOcclusionMapProgram, DeferredShadowProgram, SSAOProgram, BlurSSAOAndShadowProgram, DeferredProgram, ScreenBlitProgram, BlurProgram, DoFBlurProgram, DoFCircleOfConfusionProgram, DoFDownsampleProgram, DoFNearCoCMaxProgram, DoFNearCoCBlurProgram, DepthOfFieldAdvancedProgram, DoFFillProgram, BloomSelectProgram, BloomDownsampleBlurProgram, BloomUpsampleBlurProgram, BloomMaxProgram, BloomCompositeProgram, RadialGlowMaskProgram, RadialGlowLuminanceProgram, SunOcclusionDownsampleProgram, SceneBrightnessPackProgram, ZOnlyMapChunkProgram, ZOnlyMapChunkPlanesProgram, ZOnlyProgram, HiZReprojectProgram, HiZFillHoleProgram, HiZBuildProgram, HiZCullProgram, DebugDrawMapProgram, Batcher2DProgram 
2026-01-28 09:32:46.3985|DEBUG|HytaleClient.Application.Program|Telemetry packet sent: heartbeat (seq: 16) 
2026-01-28 09:34:12.4391|INFO|HytaleClient.Application.AppStartup|Connecting to multiplayer server "Local Host" at localhost 
2026-01-28 09:34:12.5911|INFO|HytaleClient.Application.AppMainMenu|Connecting to server localhost:5520 
2026-01-28 09:34:12.5911|INFO|HytaleClient.Application.Program|Changing from Stage MainMenu to GameLoading 
2026-01-28 09:34:12.5911|INFO||Using mTLS with client certificate (fingerprint: FUPMeHMgGbulKv5EqrEZNZPzdgBXIT36QSoBXYNZrM0) 
2026-01-28 09:34:12.5911|INFO||Opening Quic Connection to localhost:5520 
2026-01-28 09:34:12.5911|DEBUG||Game server requesting client certificate, providing: FUPMeHMgGbulKv5EqrEZNZPzdgBXIT36QSoBXYNZrM0 
2026-01-28 09:34:12.7269|INFO||Server certificate fingerprint captured: 4DbM1TyNcUJWP6fK1ZscTRELxf4ZIGWNTdiZX9z2pZ0 
2026-01-28 09:34:12.7269|INFO||Accepting self-signed server certificate: CN=localhost 
2026-01-28 09:34:12.7269|INFO||Waiting for Quic Stream from localhost:5520 
2026-01-28 09:34:12.7269|INFO||Quic Stream connected to localhost:5520 
2026-01-28 09:34:12.7993|DEBUG|HytaleClient.Application.Program|Telemetry packet sent: event (seq: 17) 
2026-01-28 09:34:12.8391|INFO|HytaleClient.Application.AppMainMenu|Changing from loading stage Initial to Connecting 
2026-01-28 09:34:12.8391|INFO|HytaleClient.Application.AppMainMenu|Changing from loading stage Connecting to Loading 
2026-01-28 09:34:12.9238|DEBUG|HytaleClient.Application.Program|Telemetry packet sent: event (seq: 18) 
2026-01-28 09:34:12.9284|INFO|HytaleClient.Application.Program|Built 75 GPU programs successfully. 
2026-01-28 09:34:12.9284|DEBUG|HytaleClient.Application.Program|GPU programs: BasicProgram, BasicFullScreenProgram, BasicFogProgram, BlockyModelForwardProgram, BlockyModelDitheringProgram, BlockyModelProgram, FirstPersonBlockyModelProgram, BlockyModelDistortionProgram, FirstPersonDistortionBlockyModelProgram, FirstPersonClippingBlockyModelProgram, MapChunkNearOpaqueProgram, MapChunkNearAlphaTestedProgram, MapChunkFarOpaqueProgram, MapChunkFarAlphaTestedProgram, MapChunkAlphaBlendedProgram, MapBlockAnimatedProgram, MapBlockAnimatedForwardProgram, SkyProgram, CloudsProgram, TextProgram, ParticleProgram, ParticleErosionProgram, ParticleDistortionProgram, ForceFieldProgram, BuilderToolProgram, WorldMapProgram, PostEffectProgram, InventoryPostEffectProgram, MainMenuPostEffectProgram, TemporalAAProgram, OITCompositeProgram, CubemapProgram, ZDownsampleProgram, LinearZDownsampleProgram, EdgeDetectionProgram, LinearZProgram, LightMixProgram, LightProgram, LightLowResProgram, LightClusteredProgram, MapChunkShadowMapProgram, MapBlockAnimatedShadowMapProgram, BlockyModelShadowMapProgram, BlockyModelOcclusionMapProgram, DeferredShadowProgram, SSAOProgram, BlurSSAOAndShadowProgram, DeferredProgram, ScreenBlitProgram, BlurProgram, DoFBlurProgram, DoFCircleOfConfusionProgram, DoFDownsampleProgram, DoFNearCoCMaxProgram, DoFNearCoCBlurProgram, DepthOfFieldAdvancedProgram, DoFFillProgram, BloomSelectProgram, BloomDownsampleBlurProgram, BloomUpsampleBlurProgram, BloomMaxProgram, BloomCompositeProgram, RadialGlowMaskProgram, RadialGlowLuminanceProgram, SunOcclusionDownsampleProgram, SceneBrightnessPackProgram, ZOnlyMapChunkProgram, ZOnlyMapChunkPlanesProgram, ZOnlyProgram, HiZReprojectProgram, HiZFillHoleProgram, HiZBuildProgram, HiZCullProgram, DebugDrawMapProgram, Batcher2DProgram 
2026-01-28 09:34:13.0650|INFO|HytaleClient.Application.AppGameLoading|Starting authenticated connection flow 
2026-01-28 09:34:13.5969|INFO|HytaleClient.Networking.PacketHandler|Received AuthGrant with server identity token 
2026-01-28 09:34:13.5969|INFO|HytaleClient.Networking.PacketHandler|Validating server identity token... 
2026-01-28 09:34:13.5969|DEBUG|HytaleClient.Utils.SentryHelper|Fetching JWKS from Session Service... 
2026-01-28 09:34:13.7065|INFO|HytaleClient.Utils.SentryHelper|Successfully fetched JWKS with 1 keys 
2026-01-28 09:34:13.7065|DEBUG||JWKS loaded with 1 keys (cached permanently) 
2026-01-28 09:34:13.7067|DEBUG||Ed25519 signature verified successfully 
2026-01-28 09:34:13.7067|DEBUG||User token validated successfully for c013444c-04d3-4ef1-beaa-1533fd7a3034 
2026-01-28 09:34:13.7067|INFO|HytaleClient.Networking.PacketHandler|Server identity validated: CodeCreature (c013444c-04d3-4ef1-beaa-1533fd7a3034, scope: hytale:server) 
2026-01-28 09:34:13.7067|INFO|HytaleClient.Networking.PacketHandler|Requesting auth grant for server 
2026-01-28 09:34:13.7067|DEBUG|HytaleClient.Utils.SentryHelper|Requesting auth grant for server using identity token 
2026-01-28 09:34:13.7820|INFO|HytaleClient.Utils.SentryHelper|Successfully obtained auth grant for server 
2026-01-28 09:34:13.7820|INFO|HytaleClient.Networking.PacketHandler|Obtained auth grant for server 
2026-01-28 09:34:13.7820|DEBUG|HytaleClient.Utils.SentryHelper|Exchanging authorization grant for access token 
2026-01-28 09:34:13.8739|INFO|HytaleClient.Utils.SentryHelper|Successfully obtained access token 
2026-01-28 09:34:13.8739|INFO|HytaleClient.Networking.PacketHandler|Successfully obtained JWT access token, sending AuthToken to server 
2026-01-28 09:34:13.9589|INFO|HytaleClient.Networking.PacketHandler|Received ServerAuthToken, validating server access token... 
2026-01-28 09:34:13.9589|DEBUG||Ed25519 signature verified successfully 
2026-01-28 09:34:13.9589|DEBUG||Certificate binding validated for server 
2026-01-28 09:34:13.9589|DEBUG||Server access token validated successfully for c013444c-04d3-4ef1-beaa-1533fd7a3034 
2026-01-28 09:34:13.9589|INFO|HytaleClient.Networking.PacketHandler|Mutual authentication complete! Server identity confirmed: CodeCreature (c013444c-04d3-4ef1-beaa-1533fd7a3034) 
2026-01-28 09:34:13.9589|INFO|HytaleClient.Networking.PacketHandler|No password required - authentication complete 
2026-01-28 09:34:14.0330|INFO|HytaleClient.Networking.PacketHandler|Stage WaitingForSetup -> SettingUp took 969ms 
2026-01-28 09:34:14.0383|INFO|HytaleClient.Networking.PacketHandler|Handle RequiredAssets at 975ms 
2026-01-28 09:34:14.0578|INFO|HytaleClient.Networking.PacketHandler|Finished handling RequiredAssets, took 19ms 
2026-01-28 09:34:14.0971|INFO|HytaleClient.Networking.PacketHandler|Received AssetType RepulsionConfig at 1033ms 
2026-01-28 09:34:14.0971|INFO|HytaleClient.Networking.PacketHandler|Finished handling AssetType RepulsionConfig took 0ms 
2026-01-28 09:34:14.0978|INFO|HytaleClient.Networking.PacketHandler|Received AssetType ItemSoundSets at 1034ms 
2026-01-28 09:34:14.0978|INFO|HytaleClient.Networking.PacketHandler|Finished handling AssetType ItemSoundSets took 0ms 
2026-01-28 09:34:14.1683|INFO|HytaleClient.Networking.PacketHandler|Received AssetType BlockTypes at 1104ms 
2026-01-28 09:34:14.1683|INFO|HytaleClient.Networking.PacketHandler|Finished handling AssetType BlockTypes took 1ms 
2026-01-28 09:34:14.1683|INFO|HytaleClient.Networking.PacketHandler|Received AssetType FluidFX at 1105ms 
2026-01-28 09:34:14.1683|INFO|HytaleClient.Networking.PacketHandler|Finished handling AssetType FluidFX took 0ms 
2026-01-28 09:34:14.2050|INFO|HytaleClient.Networking.PacketHandler|Received AssetType Items at 1141ms 
2026-01-28 09:34:14.2050|INFO|HytaleClient.Networking.PacketHandler|Finished handling AssetType Items took 1ms 
2026-01-28 09:34:14.2050|INFO|HytaleClient.Networking.PacketHandler|Received AssetType Trails at 1142ms 
2026-01-28 09:34:14.2050|INFO|HytaleClient.Networking.PacketHandler|Finished handling AssetType Trails took 0ms 
2026-01-28 09:34:14.2050|INFO|HytaleClient.Networking.PacketHandler|Received AssetType TagPatterns at 1142ms 
2026-01-28 09:34:14.2050|INFO|HytaleClient.Networking.PacketHandler|Finished handling AssetType TagPatterns took 0ms 
2026-01-28 09:34:14.2050|INFO|HytaleClient.Networking.PacketHandler|Received AssetType Recipes at 1142ms 
2026-01-28 09:34:14.2064|INFO|HytaleClient.Networking.PacketHandler|Finished handling AssetType Recipes took 1ms 
2026-01-28 09:34:14.2064|INFO|HytaleClient.Networking.PacketHandler|Received AssetType BlockHitboxes at 1143ms 
2026-01-28 09:34:14.2064|INFO|HytaleClient.Networking.PacketHandler|Finished handling AssetType BlockHitboxes took 0ms 
2026-01-28 09:34:14.2064|INFO|HytaleClient.Networking.PacketHandler|Received AssetType EntityUIComponents at 1143ms 
2026-01-28 09:34:14.2064|INFO|HytaleClient.Networking.PacketHandler|Finished handling AssetType EntityUIComponents took 0ms 
2026-01-28 09:34:14.2064|INFO|HytaleClient.Networking.PacketHandler|Received AssetType ResourceTypes at 1143ms 
2026-01-28 09:34:14.2064|INFO|HytaleClient.Networking.PacketHandler|Finished handling AssetType ResourceTypes took 1ms 
2026-01-28 09:34:14.2064|INFO|HytaleClient.Networking.PacketHandler|Received AssetType ItemCategories at 1144ms 
2026-01-28 09:34:14.2064|INFO|HytaleClient.Networking.PacketHandler|Finished handling AssetType ItemCategories took 0ms 
2026-01-28 09:34:14.2225|INFO|HytaleClient.Networking.PacketHandler|Received AssetType Weather at 1159ms 
2026-01-28 09:34:14.2225|INFO|HytaleClient.Networking.PacketHandler|Finished handling AssetType Weather took 0ms 
2026-01-28 09:34:14.2225|INFO|HytaleClient.Networking.PacketHandler|Received AssetType ItemAnimations at 1166ms 
2026-01-28 09:34:14.2225|INFO|HytaleClient.Networking.PacketHandler|Finished handling AssetType ItemAnimations took 0ms 
2026-01-28 09:34:14.2225|INFO|HytaleClient.Networking.PacketHandler|Received AssetType AmbienceFX at 1166ms 
2026-01-28 09:34:14.2225|INFO|HytaleClient.Networking.PacketHandler|Finished handling AssetType AmbienceFX took 0ms 
2026-01-28 09:34:14.2542|INFO|HytaleClient.Networking.PacketHandler|Received AssetType ParticleSpawners at 1190ms 
2026-01-28 09:34:14.2542|INFO|HytaleClient.Networking.PacketHandler|Finished handling AssetType ParticleSpawners took 1ms 
2026-01-28 09:34:14.3171|INFO|HytaleClient.Networking.PacketHandler|Received AssetType Interactions at 1253ms 
2026-01-28 09:34:14.3171|INFO|HytaleClient.Networking.PacketHandler|Finished handling AssetType Interactions took 1ms 
2026-01-28 09:34:14.3171|INFO|HytaleClient.Networking.PacketHandler|Received AssetType SoundEvents at 1255ms 
2026-01-28 09:34:14.3171|INFO|HytaleClient.Networking.PacketHandler|Finished handling AssetType SoundEvents took 0ms 
2026-01-28 09:34:14.3171|INFO|HytaleClient.Networking.PacketHandler|Received AssetType BlockSets at 1256ms 
2026-01-28 09:34:14.3171|INFO|HytaleClient.Networking.PacketHandler|Finished handling AssetType BlockSets took 0ms 
2026-01-28 09:34:14.3171|INFO|HytaleClient.Networking.PacketHandler|Received AssetType EntityEffects at 1263ms 
2026-01-28 09:34:14.3171|INFO|HytaleClient.Networking.PacketHandler|Finished handling AssetType EntityEffects took 0ms 
2026-01-28 09:34:14.3171|INFO|HytaleClient.Networking.PacketHandler|Received AssetType BlockBreakingDecals at 1263ms 
2026-01-28 09:34:14.3171|INFO|HytaleClient.Networking.PacketHandler|Finished handling AssetType BlockBreakingDecals took 0ms 
2026-01-28 09:34:14.3171|INFO|HytaleClient.Networking.PacketHandler|Received AssetType BlockSoundSets at 1264ms 
2026-01-28 09:34:14.3171|INFO|HytaleClient.Networking.PacketHandler|Finished handling AssetType BlockSoundSets took 0ms 
2026-01-28 09:34:14.3171|INFO|HytaleClient.Networking.PacketHandler|Received AssetType ItemReticles at 1265ms 
2026-01-28 09:34:14.3171|INFO|HytaleClient.Networking.PacketHandler|Finished handling AssetType ItemReticles took 0ms 
2026-01-28 09:34:14.3171|INFO|HytaleClient.Networking.PacketHandler|Received AssetType Fluids at 1266ms 
2026-01-28 09:34:14.3171|INFO|HytaleClient.Networking.PacketHandler|Finished handling AssetType Fluids took 0ms 
2026-01-28 09:34:14.3171|INFO|HytaleClient.Networking.PacketHandler|Received AssetType EqualizerEffects at 1267ms 
2026-01-28 09:34:14.3171|INFO|HytaleClient.Networking.PacketHandler|Finished handling AssetType EqualizerEffects took 0ms 
2026-01-28 09:34:14.3171|INFO|HytaleClient.Networking.PacketHandler|Received AssetType BlockTypes, Items at 1267ms 
2026-01-28 09:34:14.3171|INFO|HytaleClient.Networking.PacketHandler|Received AssetType ItemQuality at 1268ms 
2026-01-28 09:34:14.3171|INFO|HytaleClient.Networking.PacketHandler|Finished handling AssetType ItemQuality took 0ms 
2026-01-28 09:34:14.3320|INFO|HytaleClient.Networking.PacketHandler|Received AssetType UnarmedInteractions at 1268ms 
2026-01-28 09:34:14.3320|INFO|HytaleClient.Networking.PacketHandler|Finished handling AssetType UnarmedInteractions took 0ms 
2026-01-28 09:34:14.3320|INFO|HytaleClient.Networking.PacketHandler|Received AssetType AudioCategories at 1269ms 
2026-01-28 09:34:14.3320|INFO|HytaleClient.Networking.PacketHandler|Finished handling AssetType AudioCategories took 0ms 
2026-01-28 09:34:14.3320|INFO|HytaleClient.Networking.PacketHandler|Received AssetType SoundSets at 1269ms 
2026-01-28 09:34:14.3320|INFO|HytaleClient.Networking.PacketHandler|Finished handling AssetType SoundSets took 0ms 
2026-01-28 09:34:14.3320|INFO|HytaleClient.Networking.PacketHandler|Received AssetType ParticleSystems at 1274ms 
2026-01-28 09:34:14.3320|INFO|HytaleClient.Networking.PacketHandler|Finished handling AssetType ParticleSystems took 1ms 
2026-01-28 09:34:14.3320|INFO|HytaleClient.Networking.PacketHandler|Received AssetType ModelVFX at 1275ms 
2026-01-28 09:34:14.3320|INFO|HytaleClient.Networking.PacketHandler|Finished handling AssetType ModelVFX took 0ms 
2026-01-28 09:34:14.3320|INFO|HytaleClient.Networking.PacketHandler|Received AssetType FieldcraftCategories at 1276ms 
2026-01-28 09:34:14.3320|INFO|HytaleClient.Networking.PacketHandler|Finished handling AssetType FieldcraftCategories took 0ms 
2026-01-28 09:34:14.3320|INFO|HytaleClient.Networking.PacketHandler|Received AssetType EntityStatTypes at 1278ms 
2026-01-28 09:34:14.3320|INFO|HytaleClient.Networking.PacketHandler|Finished handling AssetType EntityStatTypes took 0ms 
2026-01-28 09:34:14.3320|INFO|HytaleClient.Networking.PacketHandler|Received AssetType HitboxCollisionConfig at 1278ms 
2026-01-28 09:34:14.3320|INFO|HytaleClient.Networking.PacketHandler|Finished handling AssetType HitboxCollisionConfig took 0ms 
2026-01-28 09:34:14.3669|INFO|HytaleClient.Networking.PacketHandler|Received AssetType RootInteractions at 1303ms 
2026-01-28 09:34:14.3669|INFO|HytaleClient.Networking.PacketHandler|Finished handling AssetType RootInteractions took 1ms 
2026-01-28 09:34:14.3669|INFO|HytaleClient.Networking.PacketHandler|Received AssetType ReverbEffects at 1304ms 
2026-01-28 09:34:14.3669|INFO|HytaleClient.Networking.PacketHandler|Finished handling AssetType ReverbEffects took 0ms 
2026-01-28 09:34:14.3669|INFO|HytaleClient.Networking.PacketHandler|Received AssetType Environment at 1304ms 
2026-01-28 09:34:14.3669|INFO|HytaleClient.Networking.PacketHandler|Finished handling AssetType Environment took 0ms 
2026-01-28 09:34:14.3669|INFO|HytaleClient.Networking.PacketHandler|Received AssetType BlockParticleSets at 1304ms 
2026-01-28 09:34:14.3669|INFO|HytaleClient.Networking.PacketHandler|Finished handling AssetType BlockParticleSets took 0ms 
2026-01-28 09:34:14.3834|INFO|HytaleClient.Networking.PacketHandler|Received AssetType Translations at 1320ms 
2026-01-28 09:34:14.3834|INFO|HytaleClient.Networking.PacketHandler|Finished handling AssetType Translations took 0ms 
2026-01-28 09:34:14.3834|INFO|HytaleClient.Networking.PacketHandler|Stage SettingUp -> Playing took 350ms 
2026-01-28 09:34:14.3834|INFO|HytaleClient.Networking.PacketHandler|PrepareAmbienceFX: 0ms 
2026-01-28 09:34:14.3834|INFO|HytaleClient.Application.Program|Loading world: PrepareRootInterations: 1ms 
2026-01-28 09:34:14.3834|INFO|HytaleClient.Application.Program|Loading world: PrepareInterations: 2ms 
2026-01-28 09:34:14.3834|INFO|HytaleClient.Networking.PacketHandler|PrepareBlockOverlayAtlas: 5ms 
2026-01-28 09:34:14.4084|INFO|HytaleClient.Networking.PacketHandler|PrepareWorldMap: 23ms 
2026-01-28 09:34:14.6322|INFO|HytaleClient.Networking.PacketHandler|PrepareParticles: 248ms 
2026-01-28 09:34:14.7125|INFO|HytaleClient.Networking.PacketHandler|PrepareItemAnimations: 328ms 
2026-01-28 09:34:14.9175|INFO|HytaleClient.Networking.PacketHandler|PrepareItems: 533ms 
2026-01-28 09:34:14.9718|INFO|HytaleClient.Networking.PacketHandler|PrepareBlockTypes: 588 ms 
2026-01-28 09:34:14.9742|WARN|HytaleClient.Networking.PacketHandler|All rendered chunks were discarded. 
2026-01-28 09:34:14.9742|WARN|HytaleClient.Networking.PacketHandler|All rendered chunks were discarded. 
2026-01-28 09:34:15.0343|INFO|HytaleClient.Networking.PacketHandler|PrepareEntitiesAtlas: 650ms 
2026-01-28 09:34:15.0597|INFO|HytaleClient.Networking.PacketHandler|Received JoinWorldPacket 
2026-01-28 09:34:15.3929|INFO|HytaleClient.Application.AppGameLoading|GameInstance.OnSetupComplete() 
2026-01-28 09:34:15.4050|INFO|HytaleClient.Networking.PacketHandler|Global: 1021.4208ms 
2026-01-28 09:34:15.4050|INFO|HytaleClient.Networking.PacketHandler|ProcessJoinWorldPacket: FadeInOut is False 
2026-01-28 09:34:15.4050|INFO|HytaleClient.Application.AppGameLoading|GameInstance.PrepareJoiningWorld() 
2026-01-28 09:34:15.4050|INFO|HytaleClient.Application.AppGameLoading|GameInstance.StartJoiningWorld() 
2026-01-28 09:34:15.6755|WARN|HytaleClient.Networking.PacketHandler|A Equipment packet had been received on the local player 
2026-01-28 09:34:15.6755|WARN|HytaleClient.Networking.PacketHandler|A Equipment packet had been received on the local player 
2026-01-28 09:34:16.1697|INFO|HytaleClient.Application.AppGameLoading|GameInstance.OnWorldJoined() 
2026-01-28 09:34:16.1697|INFO|HytaleClient.Application.AppMainMenu|Changing from loading stage Loading to Complete 
2026-01-28 09:34:16.1697|INFO|HytaleClient.Application.Program|Changing from Stage GameLoading to InGame 
2026-01-28 09:34:16.2699|DEBUG|HytaleClient.Application.Program|Telemetry packet sent: event (seq: 19) 
2026-01-28 09:34:16.3514|DEBUG|HytaleClient.Application.Program|Telemetry packet sent: event (seq: 20) 
2026-01-28 09:34:16.4426|WARN|HytaleClient.Networking.PacketHandler|A Equipment packet had been received on the local player 
2026-01-28 09:34:18.8873|INFO|HytaleClient.Application.AppMainMenu|[AssetUpdate] BlockTypes: Starting AddOrUpdate 
2026-01-28 09:34:19.2261|WARN|HytaleClient.Application.AppMainMenu|Invalid block set in chunk (52, 3, -2) at (1685 122 -36) to 3954 (max value 3953) 
2026-01-28 09:34:19.2261|WARN|HytaleClient.Application.AppMainMenu|Invalid block set in chunk (52, 3, -2) at (1685 122 -35) to 3954 (max value 3953) 
2026-01-28 09:34:19.2261|WARN|HytaleClient.Application.AppMainMenu|Invalid block set in chunk (52, 3, -2) at (1685 122 -34) to 3954 (max value 3953) 
2026-01-28 09:34:19.2261|WARN|HytaleClient.Application.AppMainMenu|Invalid block set in chunk (52, 3, -2) at (1686 122 -36) to 3954 (max value 3953) 
2026-01-28 09:34:19.2261|WARN|HytaleClient.Application.AppMainMenu|Invalid block set in chunk (52, 3, -2) at (1686 122 -35) to 3954 (max value 3953) 
2026-01-28 09:34:19.2261|WARN|HytaleClient.Application.AppMainMenu|Invalid block set in chunk (52, 3, -2) at (1687 122 -35) to 3954 (max value 3953) 
2026-01-28 09:34:19.2261|WARN|HytaleClient.Application.AppMainMenu|Invalid block set in chunk (52, 3, -2) at (1687 122 -34) to 3954 (max value 3953) 
2026-01-28 09:34:19.2261|WARN|HytaleClient.Application.AppMainMenu|Invalid block set in chunk (52, 3, -2) at (1686 122 -37) to 3954 (max value 3953) 
2026-01-28 09:34:19.2261|WARN|HytaleClient.Application.AppMainMenu|Invalid block set in chunk (52, 3, -2) at (1687 122 -37) to 3954 (max value 3953) 
2026-01-28 09:34:19.2261|WARN|HytaleClient.Application.AppMainMenu|Invalid block set in chunk (52, 3, -2) at (1687 122 -38) to 3954 (max value 3953) 
2026-01-28 09:34:19.2261|WARN|HytaleClient.Networking.PacketHandler|All rendered chunks were discarded. 
2026-01-28 09:34:19.2609|INFO|HytaleClient.Application.AppMainMenu|[AssetUpdate] BlockTypes: Finished AddOrUpdate in 373ms 
2026-01-28 09:34:23.0431|INFO|HytaleClient.Application.AppMainMenu|[AssetUpdate] BlockTypes: Starting AddOrUpdate 
2026-01-28 09:34:23.3790|WARN|HytaleClient.Networking.PacketHandler|All rendered chunks were discarded. 
2026-01-28 09:34:23.3790|INFO|HytaleClient.Application.AppMainMenu|[AssetUpdate] BlockTypes: Finished AddOrUpdate in 345ms 
2026-01-28 09:34:25.5908|INFO|HytaleClient.Application.AppMainMenu|[AssetUpdate] BlockTypes: Starting AddOrUpdate 
2026-01-28 09:34:25.8535|WARN|HytaleClient.Networking.PacketHandler|All rendered chunks were discarded. 
2026-01-28 09:34:25.8654|INFO|HytaleClient.Application.AppMainMenu|[AssetUpdate] BlockTypes: Finished AddOrUpdate in 274ms 
2026-01-28 09:34:28.0231|INFO|HytaleClient.Application.AppMainMenu|[AssetUpdate] BlockTypes: Starting AddOrUpdate 
2026-01-28 09:34:28.2992|WARN|HytaleClient.Networking.PacketHandler|All rendered chunks were discarded. 
2026-01-28 09:34:28.3514|INFO|HytaleClient.Application.AppMainMenu|[AssetUpdate] BlockTypes: Finished AddOrUpdate in 327ms 
2026-01-28 09:34:32.3957|INFO|HytaleClient.Application.AppMainMenu|[AssetUpdate] BlockTypes: Starting AddOrUpdate 
2026-01-28 09:34:32.6622|WARN|HytaleClient.Networking.PacketHandler|All rendered chunks were discarded. 
2026-01-28 09:34:32.6777|INFO|HytaleClient.Application.AppMainMenu|[AssetUpdate] BlockTypes: Finished AddOrUpdate in 281ms 
2026-01-28 09:34:37.2277|INFO|HytaleClient.Application.AppMainMenu|[AssetUpdate] BlockTypes: Starting AddOrUpdate 
2026-01-28 09:34:37.5047|WARN|HytaleClient.Networking.PacketHandler|All rendered chunks were discarded. 
2026-01-28 09:34:37.5192|INFO|HytaleClient.Application.AppMainMenu|[AssetUpdate] BlockTypes: Finished AddOrUpdate in 291ms 
2026-01-28 09:34:42.9298|INFO|HytaleClient.Application.AppMainMenu|[AssetUpdate] BlockTypes: Starting AddOrUpdate 
2026-01-28 09:34:43.2024|WARN|HytaleClient.Networking.PacketHandler|All rendered chunks were discarded. 
2026-01-28 09:34:43.2141|INFO|HytaleClient.Application.AppMainMenu|[AssetUpdate] BlockTypes: Finished AddOrUpdate in 283ms 
2026-01-28 09:34:46.7055|INFO|HytaleClient.Application.AppMainMenu|[AssetUpdate] BlockTypes: Starting AddOrUpdate 
2026-01-28 09:34:46.9658|WARN|HytaleClient.Networking.PacketHandler|All rendered chunks were discarded. 
2026-01-28 09:34:46.9828|INFO|HytaleClient.Application.AppMainMenu|[AssetUpdate] BlockTypes: Finished AddOrUpdate in 277ms 
2026-01-28 09:35:00.4365|INFO|HytaleClient.Application.AppMainMenu|[AssetUpdate] BlockTypes: Starting AddOrUpdate 
2026-01-28 09:35:00.7759|WARN|HytaleClient.Networking.PacketHandler|All rendered chunks were discarded. 
2026-01-28 09:35:00.7987|INFO|HytaleClient.Application.AppMainMenu|[AssetUpdate] BlockTypes: Finished AddOrUpdate in 361ms 
2026-01-28 09:37:46.4457|DEBUG|HytaleClient.Application.Program|Telemetry packet sent: heartbeat (seq: 21) 
2026-01-28 09:39:57.1462|INFO|HytaleClient.Application.Program|Changing from Stage InGame to MainMenu 
2026-01-28 09:39:57.5064|INFO|HytaleClient.Application.Program|Generating new self-signed certificate... 
2026-01-28 09:39:57.8044|INFO|HytaleClient.Application.Program|Certificate generated successfully in 297.8685ms. Fingerprint: YG-oYFYI7V-YNQfsoBk-EK-Wf1EQeHdT5QUUGPRoiZc 
2026-01-28 09:39:57.9061|INFO|HytaleClient.Application.Program|Built 75 GPU programs successfully. 
2026-01-28 09:39:57.9061|DEBUG|HytaleClient.Application.Program|GPU programs: BasicProgram, BasicFullScreenProgram, BasicFogProgram, BlockyModelForwardProgram, BlockyModelDitheringProgram, BlockyModelProgram, FirstPersonBlockyModelProgram, BlockyModelDistortionProgram, FirstPersonDistortionBlockyModelProgram, FirstPersonClippingBlockyModelProgram, MapChunkNearOpaqueProgram, MapChunkNearAlphaTestedProgram, MapChunkFarOpaqueProgram, MapChunkFarAlphaTestedProgram, MapChunkAlphaBlendedProgram, MapBlockAnimatedProgram, MapBlockAnimatedForwardProgram, SkyProgram, CloudsProgram, TextProgram, ParticleProgram, ParticleErosionProgram, ParticleDistortionProgram, ForceFieldProgram, BuilderToolProgram, WorldMapProgram, PostEffectProgram, InventoryPostEffectProgram, MainMenuPostEffectProgram, TemporalAAProgram, OITCompositeProgram, CubemapProgram, ZDownsampleProgram, LinearZDownsampleProgram, EdgeDetectionProgram, LinearZProgram, LightMixProgram, LightProgram, LightLowResProgram, LightClusteredProgram, MapChunkShadowMapProgram, MapBlockAnimatedShadowMapProgram, BlockyModelShadowMapProgram, BlockyModelOcclusionMapProgram, DeferredShadowProgram, SSAOProgram, BlurSSAOAndShadowProgram, DeferredProgram, ScreenBlitProgram, BlurProgram, DoFBlurProgram, DoFCircleOfConfusionProgram, DoFDownsampleProgram, DoFNearCoCMaxProgram, DoFNearCoCBlurProgram, DepthOfFieldAdvancedProgram, DoFFillProgram, BloomSelectProgram, BloomDownsampleBlurProgram, BloomUpsampleBlurProgram, BloomMaxProgram, BloomCompositeProgram, RadialGlowMaskProgram, RadialGlowLuminanceProgram, SunOcclusionDownsampleProgram, SceneBrightnessPackProgram, ZOnlyMapChunkProgram, ZOnlyMapChunkPlanesProgram, ZOnlyProgram, HiZReprojectProgram, HiZFillHoleProgram, HiZBuildProgram, HiZCullProgram, DebugDrawMapProgram, Batcher2DProgram 
2026-01-28 09:39:57.9115|DEBUG|HytaleClient.Application.Program|Telemetry packet sent: event (seq: 22) 
2026-01-28 09:40:02.9920|INFO|HytaleClient.Application.AppStartup|Connecting to multiplayer server "Local Host" at localhost 
2026-01-28 09:40:03.1455|INFO|HytaleClient.Application.AppMainMenu|Connecting to server localhost:5520 
2026-01-28 09:40:03.1455|INFO|HytaleClient.Application.Program|Changing from Stage MainMenu to GameLoading 
2026-01-28 09:40:03.1455|INFO||Using mTLS with client certificate (fingerprint: YG-oYFYI7V-YNQfsoBk-EK-Wf1EQeHdT5QUUGPRoiZc) 
2026-01-28 09:40:03.1455|INFO||Opening Quic Connection to localhost:5520 
2026-01-28 09:40:03.1455|DEBUG||Game server requesting client certificate, providing: YG-oYFYI7V-YNQfsoBk-EK-Wf1EQeHdT5QUUGPRoiZc 
2026-01-28 09:40:03.2601|INFO||Server certificate fingerprint captured: TSD02kVMm4DwaXbn-Pf8UuFXIFUz9pZggWxIJIOiMzw 
2026-01-28 09:40:03.2601|INFO||Accepting self-signed server certificate: CN=localhost 
2026-01-28 09:40:03.2601|INFO||Waiting for Quic Stream from localhost:5520 
2026-01-28 09:40:03.2601|INFO||Quic Stream connected to localhost:5520 
2026-01-28 09:40:03.3515|DEBUG|HytaleClient.Application.Program|Telemetry packet sent: event (seq: 23) 
2026-01-28 09:40:03.3515|INFO|HytaleClient.Application.AppMainMenu|Changing from loading stage Initial to Connecting 
2026-01-28 09:40:03.3655|INFO|HytaleClient.Application.AppMainMenu|Changing from loading stage Connecting to Loading 
2026-01-28 09:40:03.4530|DEBUG|HytaleClient.Application.Program|Telemetry packet sent: event (seq: 24) 
2026-01-28 09:40:03.4530|INFO|HytaleClient.Application.Program|Built 75 GPU programs successfully. 
2026-01-28 09:40:03.4530|DEBUG|HytaleClient.Application.Program|GPU programs: BasicProgram, BasicFullScreenProgram, BasicFogProgram, BlockyModelForwardProgram, BlockyModelDitheringProgram, BlockyModelProgram, FirstPersonBlockyModelProgram, BlockyModelDistortionProgram, FirstPersonDistortionBlockyModelProgram, FirstPersonClippingBlockyModelProgram, MapChunkNearOpaqueProgram, MapChunkNearAlphaTestedProgram, MapChunkFarOpaqueProgram, MapChunkFarAlphaTestedProgram, MapChunkAlphaBlendedProgram, MapBlockAnimatedProgram, MapBlockAnimatedForwardProgram, SkyProgram, CloudsProgram, TextProgram, ParticleProgram, ParticleErosionProgram, ParticleDistortionProgram, ForceFieldProgram, BuilderToolProgram, WorldMapProgram, PostEffectProgram, InventoryPostEffectProgram, MainMenuPostEffectProgram, TemporalAAProgram, OITCompositeProgram, CubemapProgram, ZDownsampleProgram, LinearZDownsampleProgram, EdgeDetectionProgram, LinearZProgram, LightMixProgram, LightProgram, LightLowResProgram, LightClusteredProgram, MapChunkShadowMapProgram, MapBlockAnimatedShadowMapProgram, BlockyModelShadowMapProgram, BlockyModelOcclusionMapProgram, DeferredShadowProgram, SSAOProgram, BlurSSAOAndShadowProgram, DeferredProgram, ScreenBlitProgram, BlurProgram, DoFBlurProgram, DoFCircleOfConfusionProgram, DoFDownsampleProgram, DoFNearCoCMaxProgram, DoFNearCoCBlurProgram, DepthOfFieldAdvancedProgram, DoFFillProgram, BloomSelectProgram, BloomDownsampleBlurProgram, BloomUpsampleBlurProgram, BloomMaxProgram, BloomCompositeProgram, RadialGlowMaskProgram, RadialGlowLuminanceProgram, SunOcclusionDownsampleProgram, SceneBrightnessPackProgram, ZOnlyMapChunkProgram, ZOnlyMapChunkPlanesProgram, ZOnlyProgram, HiZReprojectProgram, HiZFillHoleProgram, HiZBuildProgram, HiZCullProgram, DebugDrawMapProgram, Batcher2DProgram 
2026-01-28 09:40:03.5900|INFO|HytaleClient.Application.AppGameLoading|Starting authenticated connection flow 
2026-01-28 09:40:04.0513|INFO|HytaleClient.Networking.PacketHandler|Received AuthGrant with server identity token 
2026-01-28 09:40:04.0513|INFO|HytaleClient.Networking.PacketHandler|Validating server identity token... 
2026-01-28 09:40:04.0513|DEBUG|HytaleClient.Utils.SentryHelper|Fetching JWKS from Session Service... 
2026-01-28 09:40:04.1829|INFO|HytaleClient.Utils.SentryHelper|Successfully fetched JWKS with 1 keys 
2026-01-28 09:40:04.1829|DEBUG||JWKS loaded with 1 keys (cached permanently) 
2026-01-28 09:40:04.1829|DEBUG||Ed25519 signature verified successfully 
2026-01-28 09:40:04.1829|DEBUG||User token validated successfully for c013444c-04d3-4ef1-beaa-1533fd7a3034 
2026-01-28 09:40:04.1829|INFO|HytaleClient.Networking.PacketHandler|Server identity validated: CodeCreature (c013444c-04d3-4ef1-beaa-1533fd7a3034, scope: hytale:server) 
2026-01-28 09:40:04.1829|INFO|HytaleClient.Networking.PacketHandler|Requesting auth grant for server 
2026-01-28 09:40:04.1829|DEBUG|HytaleClient.Utils.SentryHelper|Requesting auth grant for server using identity token 
2026-01-28 09:40:04.2843|INFO|HytaleClient.Utils.SentryHelper|Successfully obtained auth grant for server 
2026-01-28 09:40:04.2843|INFO|HytaleClient.Networking.PacketHandler|Obtained auth grant for server 
2026-01-28 09:40:04.2843|DEBUG|HytaleClient.Utils.SentryHelper|Exchanging authorization grant for access token 
2026-01-28 09:40:04.3726|INFO|HytaleClient.Utils.SentryHelper|Successfully obtained access token 
2026-01-28 09:40:04.3726|INFO|HytaleClient.Networking.PacketHandler|Successfully obtained JWT access token, sending AuthToken to server 
2026-01-28 09:40:04.4644|INFO|HytaleClient.Networking.PacketHandler|Received ServerAuthToken, validating server access token... 
2026-01-28 09:40:04.4644|DEBUG||Ed25519 signature verified successfully 
2026-01-28 09:40:04.4644|DEBUG||Certificate binding validated for server 
2026-01-28 09:40:04.4644|DEBUG||Server access token validated successfully for c013444c-04d3-4ef1-beaa-1533fd7a3034 
2026-01-28 09:40:04.4644|INFO|HytaleClient.Networking.PacketHandler|Mutual authentication complete! Server identity confirmed: CodeCreature (c013444c-04d3-4ef1-beaa-1533fd7a3034) 
2026-01-28 09:40:04.4644|INFO|HytaleClient.Networking.PacketHandler|No password required - authentication complete 
2026-01-28 09:40:04.5353|INFO|HytaleClient.Networking.PacketHandler|Stage WaitingForSetup -> SettingUp took 945ms 
2026-01-28 09:40:04.5353|INFO|HytaleClient.Networking.PacketHandler|Handle RequiredAssets at 946ms 
2026-01-28 09:40:04.5533|INFO|HytaleClient.Networking.PacketHandler|Finished handling RequiredAssets, took 17ms 
2026-01-28 09:40:04.5893|INFO|HytaleClient.Networking.PacketHandler|Received AssetType RepulsionConfig at 999ms 
2026-01-28 09:40:04.5893|INFO|HytaleClient.Networking.PacketHandler|Finished handling AssetType RepulsionConfig took 0ms 
2026-01-28 09:40:04.5893|INFO|HytaleClient.Networking.PacketHandler|Received AssetType ItemSoundSets at 1000ms 
2026-01-28 09:40:04.5893|INFO|HytaleClient.Networking.PacketHandler|Finished handling AssetType ItemSoundSets took 0ms 
2026-01-28 09:40:04.6676|INFO|HytaleClient.Networking.PacketHandler|Received AssetType BlockTypes at 1077ms 
2026-01-28 09:40:04.6676|INFO|HytaleClient.Networking.PacketHandler|Finished handling AssetType BlockTypes took 1ms 
2026-01-28 09:40:04.6676|INFO|HytaleClient.Networking.PacketHandler|Received AssetType FluidFX at 1078ms 
2026-01-28 09:40:04.6676|INFO|HytaleClient.Networking.PacketHandler|Finished handling AssetType FluidFX took 0ms 
2026-01-28 09:40:04.6903|INFO|HytaleClient.Networking.PacketHandler|Received AssetType Items at 1100ms 
2026-01-28 09:40:04.6903|INFO|HytaleClient.Networking.PacketHandler|Finished handling AssetType Items took 0ms 
2026-01-28 09:40:04.6903|INFO|HytaleClient.Networking.PacketHandler|Received AssetType Trails at 1101ms 
2026-01-28 09:40:04.6903|INFO|HytaleClient.Networking.PacketHandler|Finished handling AssetType Trails took 0ms 
2026-01-28 09:40:04.6903|INFO|HytaleClient.Networking.PacketHandler|Received AssetType TagPatterns at 1101ms 
2026-01-28 09:40:04.6903|INFO|HytaleClient.Networking.PacketHandler|Finished handling AssetType TagPatterns took 0ms 
2026-01-28 09:40:04.6993|INFO|HytaleClient.Networking.PacketHandler|Received AssetType Recipes at 1109ms 
2026-01-28 09:40:04.6993|INFO|HytaleClient.Networking.PacketHandler|Finished handling AssetType Recipes took 0ms 
2026-01-28 09:40:04.6993|INFO|HytaleClient.Networking.PacketHandler|Received AssetType BlockHitboxes at 1109ms 
2026-01-28 09:40:04.6993|INFO|HytaleClient.Networking.PacketHandler|Finished handling AssetType BlockHitboxes took 1ms 
2026-01-28 09:40:04.6993|INFO|HytaleClient.Networking.PacketHandler|Received AssetType ResourceTypes at 1110ms 
2026-01-28 09:40:04.6993|INFO|HytaleClient.Networking.PacketHandler|Finished handling AssetType ResourceTypes took 0ms 
2026-01-28 09:40:04.6993|INFO|HytaleClient.Networking.PacketHandler|Received AssetType ItemCategories at 1110ms 
2026-01-28 09:40:04.6993|INFO|HytaleClient.Networking.PacketHandler|Finished handling AssetType ItemCategories took 0ms 
2026-01-28 09:40:04.7170|INFO|HytaleClient.Networking.PacketHandler|Received AssetType Weather at 1127ms 
2026-01-28 09:40:04.7170|INFO|HytaleClient.Networking.PacketHandler|Finished handling AssetType Weather took 0ms 
2026-01-28 09:40:04.7288|INFO|HytaleClient.Networking.PacketHandler|Received AssetType ItemAnimations at 1138ms 
2026-01-28 09:40:04.7288|INFO|HytaleClient.Networking.PacketHandler|Finished handling AssetType ItemAnimations took 1ms 
2026-01-28 09:40:04.7288|INFO|HytaleClient.Networking.PacketHandler|Received AssetType AmbienceFX at 1139ms 
2026-01-28 09:40:04.7288|INFO|HytaleClient.Networking.PacketHandler|Finished handling AssetType AmbienceFX took 0ms 
2026-01-28 09:40:04.7722|INFO|HytaleClient.Networking.PacketHandler|Received AssetType ParticleSpawners at 1182ms 
2026-01-28 09:40:04.7722|INFO|HytaleClient.Networking.PacketHandler|Finished handling AssetType ParticleSpawners took 0ms 
2026-01-28 09:40:04.8254|INFO|HytaleClient.Networking.PacketHandler|Received AssetType Interactions at 1235ms 
2026-01-28 09:40:04.8254|INFO|HytaleClient.Networking.PacketHandler|Finished handling AssetType Interactions took 1ms 
2026-01-28 09:40:04.8254|INFO|HytaleClient.Networking.PacketHandler|Received AssetType SoundEvents at 1240ms 
2026-01-28 09:40:04.8254|INFO|HytaleClient.Networking.PacketHandler|Finished handling AssetType SoundEvents took 1ms 
2026-01-28 09:40:04.8254|INFO|HytaleClient.Networking.PacketHandler|Received AssetType BlockSets at 1241ms 
2026-01-28 09:40:04.8254|INFO|HytaleClient.Networking.PacketHandler|Finished handling AssetType BlockSets took 0ms 
2026-01-28 09:40:04.8341|INFO|HytaleClient.Networking.PacketHandler|Received AssetType EntityEffects at 1244ms 
2026-01-28 09:40:04.8341|INFO|HytaleClient.Networking.PacketHandler|Finished handling AssetType EntityEffects took 0ms 
2026-01-28 09:40:04.8341|INFO|HytaleClient.Networking.PacketHandler|Received AssetType BlockBreakingDecals at 1244ms 
2026-01-28 09:40:04.8341|INFO|HytaleClient.Networking.PacketHandler|Finished handling AssetType BlockBreakingDecals took 0ms 
2026-01-28 09:40:04.8341|INFO|HytaleClient.Networking.PacketHandler|Received AssetType BlockSoundSets at 1245ms 
2026-01-28 09:40:04.8341|INFO|HytaleClient.Networking.PacketHandler|Finished handling AssetType BlockSoundSets took 0ms 
2026-01-28 09:40:04.8341|INFO|HytaleClient.Networking.PacketHandler|Received AssetType ItemReticles at 1246ms 
2026-01-28 09:40:04.8341|INFO|HytaleClient.Networking.PacketHandler|Finished handling AssetType ItemReticles took 0ms 
2026-01-28 09:40:04.8341|INFO|HytaleClient.Networking.PacketHandler|Received AssetType Fluids at 1246ms 
2026-01-28 09:40:04.8341|INFO|HytaleClient.Networking.PacketHandler|Finished handling AssetType Fluids took 0ms 
2026-01-28 09:40:04.8341|INFO|HytaleClient.Networking.PacketHandler|Received AssetType EqualizerEffects at 1246ms 
2026-01-28 09:40:04.8341|INFO|HytaleClient.Networking.PacketHandler|Finished handling AssetType EqualizerEffects took 1ms 
2026-01-28 09:40:04.8341|INFO|HytaleClient.Networking.PacketHandler|Received AssetType BlockTypes, Items at 1247ms 
2026-01-28 09:40:04.8341|INFO|HytaleClient.Networking.PacketHandler|Received AssetType ItemQuality at 1247ms 
2026-01-28 09:40:04.8341|INFO|HytaleClient.Networking.PacketHandler|Finished handling AssetType ItemQuality took 0ms 
2026-01-28 09:40:04.8341|INFO|HytaleClient.Networking.PacketHandler|Received AssetType UnarmedInteractions at 1248ms 
2026-01-28 09:40:04.8341|INFO|HytaleClient.Networking.PacketHandler|Finished handling AssetType UnarmedInteractions took 0ms 
2026-01-28 09:40:04.8341|INFO|HytaleClient.Networking.PacketHandler|Received AssetType EntityUIComponents at 1249ms 
2026-01-28 09:40:04.8341|INFO|HytaleClient.Networking.PacketHandler|Finished handling AssetType EntityUIComponents took 0ms 
2026-01-28 09:40:04.8341|INFO|HytaleClient.Networking.PacketHandler|Received AssetType AudioCategories at 1249ms 
2026-01-28 09:40:04.8341|INFO|HytaleClient.Networking.PacketHandler|Finished handling AssetType AudioCategories took 0ms 
2026-01-28 09:40:04.8341|INFO|HytaleClient.Networking.PacketHandler|Received AssetType SoundSets at 1250ms 
2026-01-28 09:40:04.8341|INFO|HytaleClient.Networking.PacketHandler|Finished handling AssetType SoundSets took 0ms 
2026-01-28 09:40:04.8341|INFO|HytaleClient.Networking.PacketHandler|Received AssetType ParticleSystems at 1255ms 
2026-01-28 09:40:04.8341|INFO|HytaleClient.Networking.PacketHandler|Finished handling AssetType ParticleSystems took 0ms 
2026-01-28 09:40:04.8341|INFO|HytaleClient.Networking.PacketHandler|Received AssetType ModelVFX at 1255ms 
2026-01-28 09:40:04.8341|INFO|HytaleClient.Networking.PacketHandler|Finished handling AssetType ModelVFX took 0ms 
2026-01-28 09:40:04.8341|INFO|HytaleClient.Networking.PacketHandler|Received AssetType FieldcraftCategories at 1258ms 
2026-01-28 09:40:04.8341|INFO|HytaleClient.Networking.PacketHandler|Finished handling AssetType FieldcraftCategories took 0ms 
2026-01-28 09:40:04.8341|INFO|HytaleClient.Networking.PacketHandler|Received AssetType EntityStatTypes at 1258ms 
2026-01-28 09:40:04.8341|INFO|HytaleClient.Networking.PacketHandler|Finished handling AssetType EntityStatTypes took 0ms 
2026-01-28 09:40:04.8341|INFO|HytaleClient.Networking.PacketHandler|Received AssetType HitboxCollisionConfig at 1258ms 
2026-01-28 09:40:04.8341|INFO|HytaleClient.Networking.PacketHandler|Finished handling AssetType HitboxCollisionConfig took 0ms 
2026-01-28 09:40:04.8695|INFO|HytaleClient.Networking.PacketHandler|Received AssetType RootInteractions at 1279ms 
2026-01-28 09:40:04.8695|INFO|HytaleClient.Networking.PacketHandler|Finished handling AssetType RootInteractions took 1ms 
2026-01-28 09:40:04.8695|INFO|HytaleClient.Networking.PacketHandler|Received AssetType ReverbEffects at 1280ms 
2026-01-28 09:40:04.8695|INFO|HytaleClient.Networking.PacketHandler|Finished handling AssetType ReverbEffects took 0ms 
2026-01-28 09:40:04.8695|INFO|HytaleClient.Networking.PacketHandler|Received AssetType Environment at 1280ms 
2026-01-28 09:40:04.8695|INFO|HytaleClient.Networking.PacketHandler|Finished handling AssetType Environment took 0ms 
2026-01-28 09:40:04.8695|INFO|HytaleClient.Networking.PacketHandler|Received AssetType BlockParticleSets at 1280ms 
2026-01-28 09:40:04.8695|INFO|HytaleClient.Networking.PacketHandler|Finished handling AssetType BlockParticleSets took 0ms 
2026-01-28 09:40:04.8839|INFO|HytaleClient.Networking.PacketHandler|Received AssetType Translations at 1294ms 
2026-01-28 09:40:04.8839|INFO|HytaleClient.Networking.PacketHandler|Finished handling AssetType Translations took 0ms 
2026-01-28 09:40:04.8839|INFO|HytaleClient.Networking.PacketHandler|Stage SettingUp -> Playing took 348ms 
2026-01-28 09:40:04.8839|INFO|HytaleClient.Networking.PacketHandler|PrepareAmbienceFX: 0ms 
2026-01-28 09:40:04.8839|INFO|HytaleClient.Application.Program|Loading world: PrepareRootInterations: 0ms 
2026-01-28 09:40:04.8839|INFO|HytaleClient.Application.Program|Loading world: PrepareInterations: 1ms 
2026-01-28 09:40:04.8839|INFO|HytaleClient.Networking.PacketHandler|PrepareBlockOverlayAtlas: 4ms 
2026-01-28 09:40:04.9083|INFO|HytaleClient.Networking.PacketHandler|PrepareWorldMap: 23ms 
2026-01-28 09:40:05.1405|INFO|HytaleClient.Networking.PacketHandler|PrepareParticles: 256ms 
2026-01-28 09:40:05.2020|INFO|HytaleClient.Networking.PacketHandler|PrepareItemAnimations: 317ms 
2026-01-28 09:40:05.4325|INFO|HytaleClient.Networking.PacketHandler|PrepareItems: 548ms 
2026-01-28 09:40:05.4789|INFO|HytaleClient.Networking.PacketHandler|PrepareBlockTypes: 594 ms 
2026-01-28 09:40:05.4789|WARN|HytaleClient.Networking.PacketHandler|All rendered chunks were discarded. 
2026-01-28 09:40:05.4789|WARN|HytaleClient.Networking.PacketHandler|All rendered chunks were discarded. 
2026-01-28 09:40:05.5463|INFO|HytaleClient.Networking.PacketHandler|PrepareEntitiesAtlas: 662ms 
2026-01-28 09:40:05.5690|INFO|HytaleClient.Networking.PacketHandler|Received JoinWorldPacket 
2026-01-28 09:40:05.8742|INFO|HytaleClient.Application.AppGameLoading|GameInstance.OnSetupComplete() 
2026-01-28 09:40:05.9482|INFO|HytaleClient.Networking.PacketHandler|Global: 1064.0842ms 
2026-01-28 09:40:05.9482|INFO|HytaleClient.Networking.PacketHandler|ProcessJoinWorldPacket: FadeInOut is False 
2026-01-28 09:40:05.9482|INFO|HytaleClient.Application.AppGameLoading|GameInstance.PrepareJoiningWorld() 
2026-01-28 09:40:05.9482|INFO|HytaleClient.Application.AppGameLoading|GameInstance.StartJoiningWorld() 
2026-01-28 09:40:06.3254|WARN|HytaleClient.Networking.PacketHandler|A Equipment packet had been received on the local player 
2026-01-28 09:40:06.3254|WARN|HytaleClient.Networking.PacketHandler|A Equipment packet had been received on the local player 
2026-01-28 09:40:06.9440|INFO|HytaleClient.Application.AppGameLoading|GameInstance.OnWorldJoined() 
2026-01-28 09:40:06.9440|INFO|HytaleClient.Application.AppMainMenu|Changing from loading stage Loading to Complete 
2026-01-28 09:40:06.9440|INFO|HytaleClient.Application.Program|Changing from Stage GameLoading to InGame 
2026-01-28 09:40:07.0972|DEBUG|HytaleClient.Application.Program|Telemetry packet sent: event (seq: 25) 
2026-01-28 09:40:07.1845|DEBUG|HytaleClient.Application.Program|Telemetry packet sent: event (seq: 26) 
2026-01-28 09:40:07.2406|INFO|HytaleClient.Application.AppMainMenu|[AssetUpdate] BlockTypes: Starting AddOrUpdate 
2026-01-28 09:40:07.7795|WARN|HytaleClient.Networking.PacketHandler|All rendered chunks were discarded. 
2026-01-28 09:40:07.7952|INFO|HytaleClient.Application.AppMainMenu|[AssetUpdate] BlockTypes: Finished AddOrUpdate in 554ms 
2026-01-28 09:40:07.7952|WARN|HytaleClient.Networking.PacketHandler|A Equipment packet had been received on the local player 
2026-01-28 09:40:11.6374|INFO|HytaleClient.Application.AppMainMenu|[AssetUpdate] BlockTypes: Starting AddOrUpdate 
2026-01-28 09:40:11.7176|INFO|HytaleClient.Application.AppMainMenu|[AssetUpdate] BlockTypes: Finished AddOrUpdate in 79ms 
2026-01-28 09:40:14.9598|INFO|HytaleClient.Application.AppMainMenu|[AssetUpdate] BlockTypes: Starting AddOrUpdate 
2026-01-28 09:40:15.0142|INFO|HytaleClient.Application.AppMainMenu|[AssetUpdate] BlockTypes: Finished AddOrUpdate in 53ms 
2026-01-28 09:40:17.5826|INFO|HytaleClient.Application.AppMainMenu|[AssetUpdate] BlockTypes: Starting AddOrUpdate 
2026-01-28 09:40:17.6201|INFO|HytaleClient.Application.AppMainMenu|[AssetUpdate] BlockTypes: Finished AddOrUpdate in 37ms 
2026-01-28 09:40:22.3859|INFO|HytaleClient.Application.AppMainMenu|[AssetUpdate] BlockTypes: Starting AddOrUpdate 
2026-01-28 09:40:22.4280|INFO|HytaleClient.Application.AppMainMenu|[AssetUpdate] BlockTypes: Finished AddOrUpdate in 41ms 
2026-01-28 09:40:38.7617|INFO|HytaleClient.Application.AppMainMenu|[AssetUpdate] BlockTypes: Starting AddOrUpdate 
2026-01-28 09:40:38.8053|INFO|HytaleClient.Application.AppMainMenu|[AssetUpdate] BlockTypes: Finished AddOrUpdate in 43ms 
2026-01-28 09:40:41.9748|INFO|HytaleClient.Application.AppMainMenu|[AssetUpdate] BlockTypes: Starting AddOrUpdate 
2026-01-28 09:40:42.0192|INFO|HytaleClient.Application.AppMainMenu|[AssetUpdate] BlockTypes: Finished AddOrUpdate in 44ms 
2026-01-28 09:42:46.4274|DEBUG|HytaleClient.Application.Program|Telemetry packet sent: heartbeat (seq: 27) 
2026-01-28 09:44:31.5805|INFO|HytaleClient.Application.AppInGame|Disconnected (network) System.Net.Quic.QuicException: Connection timed out waiting for a response from the peer.
   at HytaleClient!<BaseAddress>+0xa6f2bc
   at HytaleClient!<BaseAddress>+0xb27495
   at HytaleClient!<BaseAddress>+0xa10d10
   at HytaleClient!<BaseAddress>+0xa181ec
   at HytaleClient!<BaseAddress>+0xa18273
   at HytaleClient!<BaseAddress>+0xa18385
--- End of stack trace from previous location ---
   at HytaleClient!<BaseAddress>+0xb27450
   at HytaleClient!<BaseAddress>+0xa10ee2
   at HytaleClient!<BaseAddress>+0xa19ec0
--- End of stack trace from previous location ---
   at HytaleClient!<BaseAddress>+0xb27450
   at HytaleClient!<BaseAddress>+0xb29ca7
   at HytaleClient!<BaseAddress>+0xb29bcb
   at HytaleClient!<BaseAddress>+0x6aa061
2026-01-28 09:44:31.5805|INFO|HytaleClient.Application.Program|Changing from Stage InGame to Disconnection 
2026-01-28 09:44:31.7062|DEBUG|HytaleClient.Application.Program|Telemetry packet sent: event (seq: 28) 
2026-01-28 09:44:31.7658|INFO|HytaleClient.Application.Program|Generating new self-signed certificate... 
2026-01-28 09:44:31.9746|INFO|HytaleClient.Application.Program|Certificate generated successfully in 208.6713ms. Fingerprint: JTGuo-84aOljSvGTzMJe2GNSCbrE1liApNv10bxAfJc 
2026-01-28 09:44:32.0432|DEBUG|HytaleClient.Application.Program|Telemetry packet sent: event (seq: 29) 
2026-01-28 09:44:39.2662|INFO|HytaleClient.Application.AppMainMenu|Connecting to server localhost:5520 
2026-01-28 09:44:39.2662|INFO|HytaleClient.Application.Program|Changing from Stage Disconnection to GameLoading 
2026-01-28 09:44:39.3513|INFO||Using mTLS with client certificate (fingerprint: JTGuo-84aOljSvGTzMJe2GNSCbrE1liApNv10bxAfJc) 
2026-01-28 09:44:39.3513|INFO||Opening Quic Connection to localhost:5520 
2026-01-28 09:44:39.3513|DEBUG||Game server requesting client certificate, providing: JTGuo-84aOljSvGTzMJe2GNSCbrE1liApNv10bxAfJc 
2026-01-28 09:44:39.3940|INFO||Server certificate fingerprint captured: 8xe7cm39z50a6uKYd9yQW7E7quKot0YrZfkeZ69ySFg 
2026-01-28 09:44:39.3940|INFO||Accepting self-signed server certificate: CN=localhost 
2026-01-28 09:44:39.3940|INFO||Waiting for Quic Stream from localhost:5520 
2026-01-28 09:44:39.3940|INFO||Quic Stream connected to localhost:5520 
2026-01-28 09:44:39.4251|DEBUG|HytaleClient.Application.Program|Telemetry packet sent: event (seq: 30) 
2026-01-28 09:44:39.5021|INFO|HytaleClient.Application.AppMainMenu|Changing from loading stage Initial to Connecting 
2026-01-28 09:44:39.5030|INFO|HytaleClient.Application.AppMainMenu|Changing from loading stage Connecting to Loading 
2026-01-28 09:44:39.5944|DEBUG|HytaleClient.Application.Program|Telemetry packet sent: event (seq: 31) 
2026-01-28 09:44:39.5944|INFO|HytaleClient.Application.Program|Built 75 GPU programs successfully. 
2026-01-28 09:44:39.5944|DEBUG|HytaleClient.Application.Program|GPU programs: BasicProgram, BasicFullScreenProgram, BasicFogProgram, BlockyModelForwardProgram, BlockyModelDitheringProgram, BlockyModelProgram, FirstPersonBlockyModelProgram, BlockyModelDistortionProgram, FirstPersonDistortionBlockyModelProgram, FirstPersonClippingBlockyModelProgram, MapChunkNearOpaqueProgram, MapChunkNearAlphaTestedProgram, MapChunkFarOpaqueProgram, MapChunkFarAlphaTestedProgram, MapChunkAlphaBlendedProgram, MapBlockAnimatedProgram, MapBlockAnimatedForwardProgram, SkyProgram, CloudsProgram, TextProgram, ParticleProgram, ParticleErosionProgram, ParticleDistortionProgram, ForceFieldProgram, BuilderToolProgram, WorldMapProgram, PostEffectProgram, InventoryPostEffectProgram, MainMenuPostEffectProgram, TemporalAAProgram, OITCompositeProgram, CubemapProgram, ZDownsampleProgram, LinearZDownsampleProgram, EdgeDetectionProgram, LinearZProgram, LightMixProgram, LightProgram, LightLowResProgram, LightClusteredProgram, MapChunkShadowMapProgram, MapBlockAnimatedShadowMapProgram, BlockyModelShadowMapProgram, BlockyModelOcclusionMapProgram, DeferredShadowProgram, SSAOProgram, BlurSSAOAndShadowProgram, DeferredProgram, ScreenBlitProgram, BlurProgram, DoFBlurProgram, DoFCircleOfConfusionProgram, DoFDownsampleProgram, DoFNearCoCMaxProgram, DoFNearCoCBlurProgram, DepthOfFieldAdvancedProgram, DoFFillProgram, BloomSelectProgram, BloomDownsampleBlurProgram, BloomUpsampleBlurProgram, BloomMaxProgram, BloomCompositeProgram, RadialGlowMaskProgram, RadialGlowLuminanceProgram, SunOcclusionDownsampleProgram, SceneBrightnessPackProgram, ZOnlyMapChunkProgram, ZOnlyMapChunkPlanesProgram, ZOnlyProgram, HiZReprojectProgram, HiZFillHoleProgram, HiZBuildProgram, HiZCullProgram, DebugDrawMapProgram, Batcher2DProgram 
2026-01-28 09:44:39.7353|INFO|HytaleClient.Application.AppGameLoading|Starting authenticated connection flow 
2026-01-28 09:44:40.1939|INFO|HytaleClient.Networking.PacketHandler|Received AuthGrant with server identity token 
2026-01-28 09:44:40.1939|INFO|HytaleClient.Networking.PacketHandler|Validating server identity token... 
2026-01-28 09:44:40.1939|DEBUG|HytaleClient.Utils.SentryHelper|Fetching JWKS from Session Service... 
2026-01-28 09:44:40.3043|INFO|HytaleClient.Utils.SentryHelper|Successfully fetched JWKS with 1 keys 
2026-01-28 09:44:40.3043|DEBUG||JWKS loaded with 1 keys (cached permanently) 
2026-01-28 09:44:40.3043|DEBUG||Ed25519 signature verified successfully 
2026-01-28 09:44:40.3043|DEBUG||User token validated successfully for c013444c-04d3-4ef1-beaa-1533fd7a3034 
2026-01-28 09:44:40.3043|INFO|HytaleClient.Networking.PacketHandler|Server identity validated: CodeCreature (c013444c-04d3-4ef1-beaa-1533fd7a3034, scope: hytale:server) 
2026-01-28 09:44:40.3043|INFO|HytaleClient.Networking.PacketHandler|Requesting auth grant for server 
2026-01-28 09:44:40.3043|DEBUG|HytaleClient.Utils.SentryHelper|Requesting auth grant for server using identity token 
2026-01-28 09:44:40.3819|INFO|HytaleClient.Utils.SentryHelper|Successfully obtained auth grant for server 
2026-01-28 09:44:40.3819|INFO|HytaleClient.Networking.PacketHandler|Obtained auth grant for server 
2026-01-28 09:44:40.3819|DEBUG|HytaleClient.Utils.SentryHelper|Exchanging authorization grant for access token 
2026-01-28 09:44:40.4604|INFO|HytaleClient.Utils.SentryHelper|Successfully obtained access token 
2026-01-28 09:44:40.4604|INFO|HytaleClient.Networking.PacketHandler|Successfully obtained JWT access token, sending AuthToken to server 
2026-01-28 09:44:40.5447|INFO|HytaleClient.Networking.PacketHandler|Received ServerAuthToken, validating server access token... 
2026-01-28 09:44:40.5447|DEBUG||Ed25519 signature verified successfully 
2026-01-28 09:44:40.5447|DEBUG||Certificate binding validated for server 
2026-01-28 09:44:40.5447|DEBUG||Server access token validated successfully for c013444c-04d3-4ef1-beaa-1533fd7a3034 
2026-01-28 09:44:40.5447|INFO|HytaleClient.Networking.PacketHandler|Mutual authentication complete! Server identity confirmed: CodeCreature (c013444c-04d3-4ef1-beaa-1533fd7a3034) 
2026-01-28 09:44:40.5447|INFO|HytaleClient.Networking.PacketHandler|No password required - authentication complete 
2026-01-28 09:44:40.6295|INFO|HytaleClient.Networking.PacketHandler|Stage WaitingForSetup -> SettingUp took 894ms 
2026-01-28 09:44:40.6295|INFO|HytaleClient.Networking.PacketHandler|Handle RequiredAssets at 902ms 
2026-01-28 09:44:40.6460|INFO|HytaleClient.Networking.PacketHandler|Finished handling RequiredAssets, took 8ms 
2026-01-28 09:44:40.6771|INFO|HytaleClient.Networking.PacketHandler|Received AssetType RepulsionConfig at 941ms 
2026-01-28 09:44:40.6771|INFO|HytaleClient.Networking.PacketHandler|Finished handling AssetType RepulsionConfig took 1ms 
2026-01-28 09:44:40.6771|INFO|HytaleClient.Networking.PacketHandler|Received AssetType ItemSoundSets at 942ms 
2026-01-28 09:44:40.6771|INFO|HytaleClient.Networking.PacketHandler|Finished handling AssetType ItemSoundSets took 0ms 
2026-01-28 09:44:40.7567|INFO|HytaleClient.Networking.PacketHandler|Received AssetType BlockTypes at 1021ms 
2026-01-28 09:44:40.7567|INFO|HytaleClient.Networking.PacketHandler|Finished handling AssetType BlockTypes took 0ms 
2026-01-28 09:44:40.7567|INFO|HytaleClient.Networking.PacketHandler|Received AssetType FluidFX at 1021ms 
2026-01-28 09:44:40.7567|INFO|HytaleClient.Networking.PacketHandler|Finished handling AssetType FluidFX took 0ms 
2026-01-28 09:44:40.7904|INFO|HytaleClient.Networking.PacketHandler|Received AssetType Items at 1055ms 
2026-01-28 09:44:40.7904|INFO|HytaleClient.Networking.PacketHandler|Finished handling AssetType Items took 1ms 
2026-01-28 09:44:40.7904|INFO|HytaleClient.Networking.PacketHandler|Received AssetType Trails at 1056ms 
2026-01-28 09:44:40.7904|INFO|HytaleClient.Networking.PacketHandler|Finished handling AssetType Trails took 0ms 
2026-01-28 09:44:40.7904|INFO|HytaleClient.Networking.PacketHandler|Received AssetType TagPatterns at 1056ms 
2026-01-28 09:44:40.7904|INFO|HytaleClient.Networking.PacketHandler|Finished handling AssetType TagPatterns took 0ms 
2026-01-28 09:44:40.7904|INFO|HytaleClient.Networking.PacketHandler|Received AssetType Recipes at 1058ms 
2026-01-28 09:44:40.7904|INFO|HytaleClient.Networking.PacketHandler|Finished handling AssetType Recipes took 1ms 
2026-01-28 09:44:40.7904|INFO|HytaleClient.Networking.PacketHandler|Received AssetType BlockHitboxes at 1059ms 
2026-01-28 09:44:40.7904|INFO|HytaleClient.Networking.PacketHandler|Finished handling AssetType BlockHitboxes took 1ms 
2026-01-28 09:44:40.7904|INFO|HytaleClient.Networking.PacketHandler|Received AssetType ResourceTypes at 1060ms 
2026-01-28 09:44:40.7904|INFO|HytaleClient.Networking.PacketHandler|Finished handling AssetType ResourceTypes took 0ms 
2026-01-28 09:44:40.7904|INFO|HytaleClient.Networking.PacketHandler|Received AssetType ItemCategories at 1060ms 
2026-01-28 09:44:40.7904|INFO|HytaleClient.Networking.PacketHandler|Finished handling AssetType ItemCategories took 0ms 
2026-01-28 09:44:40.8010|INFO|HytaleClient.Networking.PacketHandler|Received AssetType Weather at 1065ms 
2026-01-28 09:44:40.8010|INFO|HytaleClient.Networking.PacketHandler|Finished handling AssetType Weather took 1ms 
2026-01-28 09:44:40.8212|INFO|HytaleClient.Networking.PacketHandler|Received AssetType ItemAnimations at 1086ms 
2026-01-28 09:44:40.8212|INFO|HytaleClient.Networking.PacketHandler|Finished handling AssetType ItemAnimations took 0ms 
2026-01-28 09:44:40.8212|INFO|HytaleClient.Networking.PacketHandler|Received AssetType AmbienceFX at 1086ms 
2026-01-28 09:44:40.8212|INFO|HytaleClient.Networking.PacketHandler|Finished handling AssetType AmbienceFX took 0ms 
2026-01-28 09:44:40.8212|INFO|HytaleClient.Networking.PacketHandler|Received AssetType EntityUIComponents at 1086ms 
2026-01-28 09:44:40.8212|INFO|HytaleClient.Networking.PacketHandler|Finished handling AssetType EntityUIComponents took 0ms 
2026-01-28 09:44:40.8376|INFO|HytaleClient.Networking.PacketHandler|Received AssetType ParticleSpawners at 1102ms 
2026-01-28 09:44:40.8376|INFO|HytaleClient.Networking.PacketHandler|Finished handling AssetType ParticleSpawners took 0ms 
2026-01-28 09:44:40.9115|INFO|HytaleClient.Networking.PacketHandler|Received AssetType Interactions at 1176ms 
2026-01-28 09:44:40.9115|INFO|HytaleClient.Networking.PacketHandler|Finished handling AssetType Interactions took 0ms 
2026-01-28 09:44:40.9115|INFO|HytaleClient.Networking.PacketHandler|Received AssetType SoundEvents at 1177ms 
2026-01-28 09:44:40.9115|INFO|HytaleClient.Networking.PacketHandler|Finished handling AssetType SoundEvents took 0ms 
2026-01-28 09:44:40.9115|INFO|HytaleClient.Networking.PacketHandler|Received AssetType BlockSets at 1177ms 
2026-01-28 09:44:40.9115|INFO|HytaleClient.Networking.PacketHandler|Finished handling AssetType BlockSets took 0ms 
2026-01-28 09:44:40.9115|INFO|HytaleClient.Networking.PacketHandler|Received AssetType EntityEffects at 1186ms 
2026-01-28 09:44:40.9115|INFO|HytaleClient.Networking.PacketHandler|Finished handling AssetType EntityEffects took 0ms 
2026-01-28 09:44:40.9115|INFO|HytaleClient.Networking.PacketHandler|Received AssetType BlockBreakingDecals at 1186ms 
2026-01-28 09:44:40.9115|INFO|HytaleClient.Networking.PacketHandler|Finished handling AssetType BlockBreakingDecals took 0ms 
2026-01-28 09:44:40.9115|INFO|HytaleClient.Networking.PacketHandler|Received AssetType BlockSoundSets at 1187ms 
2026-01-28 09:44:40.9115|INFO|HytaleClient.Networking.PacketHandler|Finished handling AssetType BlockSoundSets took 0ms 
2026-01-28 09:44:40.9115|INFO|HytaleClient.Networking.PacketHandler|Received AssetType ItemReticles at 1188ms 
2026-01-28 09:44:40.9115|INFO|HytaleClient.Networking.PacketHandler|Finished handling AssetType ItemReticles took 0ms 
2026-01-28 09:44:40.9115|INFO|HytaleClient.Networking.PacketHandler|Received AssetType Fluids at 1189ms 
2026-01-28 09:44:40.9115|INFO|HytaleClient.Networking.PacketHandler|Finished handling AssetType Fluids took 0ms 
2026-01-28 09:44:40.9253|INFO|HytaleClient.Networking.PacketHandler|Received AssetType EqualizerEffects at 1190ms 
2026-01-28 09:44:40.9253|INFO|HytaleClient.Networking.PacketHandler|Finished handling AssetType EqualizerEffects took 0ms 
2026-01-28 09:44:40.9253|INFO|HytaleClient.Networking.PacketHandler|Received AssetType BlockTypes, Items at 1191ms 
2026-01-28 09:44:40.9253|INFO|HytaleClient.Networking.PacketHandler|Received AssetType ItemQuality at 1191ms 
2026-01-28 09:44:40.9253|INFO|HytaleClient.Networking.PacketHandler|Finished handling AssetType ItemQuality took 0ms 
2026-01-28 09:44:40.9253|INFO|HytaleClient.Networking.PacketHandler|Received AssetType UnarmedInteractions at 1191ms 
2026-01-28 09:44:40.9253|INFO|HytaleClient.Networking.PacketHandler|Finished handling AssetType UnarmedInteractions took 0ms 
2026-01-28 09:44:40.9253|INFO|HytaleClient.Networking.PacketHandler|Received AssetType AudioCategories at 1192ms 
2026-01-28 09:44:40.9253|INFO|HytaleClient.Networking.PacketHandler|Finished handling AssetType AudioCategories took 0ms 
2026-01-28 09:44:40.9253|INFO|HytaleClient.Networking.PacketHandler|Received AssetType SoundSets at 1193ms 
2026-01-28 09:44:40.9253|INFO|HytaleClient.Networking.PacketHandler|Finished handling AssetType SoundSets took 0ms 
2026-01-28 09:44:40.9253|INFO|HytaleClient.Networking.PacketHandler|Received AssetType ParticleSystems at 1201ms 
2026-01-28 09:44:40.9253|INFO|HytaleClient.Networking.PacketHandler|Finished handling AssetType ParticleSystems took 0ms 
2026-01-28 09:44:40.9253|INFO|HytaleClient.Networking.PacketHandler|Received AssetType ModelVFX at 1201ms 
2026-01-28 09:44:40.9253|INFO|HytaleClient.Networking.PacketHandler|Finished handling AssetType ModelVFX took 0ms 
2026-01-28 09:44:40.9253|INFO|HytaleClient.Networking.PacketHandler|Received AssetType FieldcraftCategories at 1203ms 
2026-01-28 09:44:40.9253|INFO|HytaleClient.Networking.PacketHandler|Finished handling AssetType FieldcraftCategories took 0ms 
2026-01-28 09:44:40.9253|INFO|HytaleClient.Networking.PacketHandler|Received AssetType EntityStatTypes at 1203ms 
2026-01-28 09:44:40.9253|INFO|HytaleClient.Networking.PacketHandler|Finished handling AssetType EntityStatTypes took 0ms 
2026-01-28 09:44:40.9253|INFO|HytaleClient.Networking.PacketHandler|Received AssetType HitboxCollisionConfig at 1204ms 
2026-01-28 09:44:40.9253|INFO|HytaleClient.Networking.PacketHandler|Finished handling AssetType HitboxCollisionConfig took 0ms 
2026-01-28 09:44:40.9664|INFO|HytaleClient.Networking.PacketHandler|Received AssetType RootInteractions at 1231ms 
2026-01-28 09:44:40.9664|INFO|HytaleClient.Networking.PacketHandler|Finished handling AssetType RootInteractions took 1ms 
2026-01-28 09:44:40.9664|INFO|HytaleClient.Networking.PacketHandler|Received AssetType ReverbEffects at 1232ms 
2026-01-28 09:44:40.9664|INFO|HytaleClient.Networking.PacketHandler|Finished handling AssetType ReverbEffects took 0ms 
2026-01-28 09:44:40.9664|INFO|HytaleClient.Networking.PacketHandler|Received AssetType Environment at 1232ms 
2026-01-28 09:44:40.9664|INFO|HytaleClient.Networking.PacketHandler|Finished handling AssetType Environment took 0ms 
2026-01-28 09:44:40.9664|INFO|HytaleClient.Networking.PacketHandler|Received AssetType BlockParticleSets at 1232ms 
2026-01-28 09:44:40.9664|INFO|HytaleClient.Networking.PacketHandler|Finished handling AssetType BlockParticleSets took 0ms 
2026-01-28 09:44:40.9843|INFO|HytaleClient.Networking.PacketHandler|Received AssetType Translations at 1249ms 
2026-01-28 09:44:40.9843|INFO|HytaleClient.Networking.PacketHandler|Finished handling AssetType Translations took 0ms 
2026-01-28 09:44:40.9843|INFO|HytaleClient.Networking.PacketHandler|Stage SettingUp -> Playing took 354ms 
2026-01-28 09:44:40.9843|INFO|HytaleClient.Networking.PacketHandler|PrepareAmbienceFX: 0ms 
2026-01-28 09:44:40.9843|INFO|HytaleClient.Application.Program|Loading world: PrepareRootInterations: 1ms 
2026-01-28 09:44:40.9873|INFO|HytaleClient.Application.Program|Loading world: PrepareInterations: 2ms 
2026-01-28 09:44:40.9873|INFO|HytaleClient.Networking.PacketHandler|PrepareBlockOverlayAtlas: 4ms 
2026-01-28 09:44:41.0091|INFO|HytaleClient.Networking.PacketHandler|PrepareWorldMap: 23ms 
2026-01-28 09:44:41.2523|INFO|HytaleClient.Networking.PacketHandler|PrepareParticles: 267ms 
2026-01-28 09:44:41.3262|INFO|HytaleClient.Networking.PacketHandler|PrepareItemAnimations: 341ms 
2026-01-28 09:44:41.5512|INFO|HytaleClient.Networking.PacketHandler|PrepareItems: 566ms 
2026-01-28 09:44:41.5937|INFO|HytaleClient.Networking.PacketHandler|PrepareBlockTypes: 609 ms 
2026-01-28 09:44:41.6020|WARN|HytaleClient.Networking.PacketHandler|All rendered chunks were discarded. 
2026-01-28 09:44:41.6020|WARN|HytaleClient.Networking.PacketHandler|All rendered chunks were discarded. 
2026-01-28 09:44:41.6761|INFO|HytaleClient.Networking.PacketHandler|PrepareEntitiesAtlas: 691ms 
2026-01-28 09:44:41.7368|INFO|HytaleClient.Networking.PacketHandler|Received JoinWorldPacket 
2026-01-28 09:44:42.0902|INFO|HytaleClient.Application.AppGameLoading|GameInstance.OnSetupComplete() 
2026-01-28 09:44:42.1026|INFO|HytaleClient.Networking.PacketHandler|Global: 1118.1972ms 
2026-01-28 09:44:42.1026|INFO|HytaleClient.Networking.PacketHandler|ProcessJoinWorldPacket: FadeInOut is False 
2026-01-28 09:44:42.1026|INFO|HytaleClient.Application.AppGameLoading|GameInstance.PrepareJoiningWorld() 
2026-01-28 09:44:42.1026|INFO|HytaleClient.Application.AppGameLoading|GameInstance.StartJoiningWorld() 
2026-01-28 09:44:42.4296|WARN|HytaleClient.Networking.PacketHandler|A Equipment packet had been received on the local player 
2026-01-28 09:44:42.4296|WARN|HytaleClient.Networking.PacketHandler|A Equipment packet had been received on the local player 
2026-01-28 09:44:42.9322|INFO|HytaleClient.Application.AppGameLoading|GameInstance.OnWorldJoined() 
2026-01-28 09:44:42.9322|INFO|HytaleClient.Application.AppMainMenu|Changing from loading stage Loading to Complete 
2026-01-28 09:44:42.9322|INFO|HytaleClient.Application.Program|Changing from Stage GameLoading to InGame 
2026-01-28 09:44:43.0176|DEBUG|HytaleClient.Application.Program|Telemetry packet sent: event (seq: 32) 
2026-01-28 09:44:43.0789|INFO|HytaleClient.Application.AppMainMenu|[AssetUpdate] BlockTypes: Starting AddOrUpdate 
2026-01-28 09:44:43.1020|DEBUG|HytaleClient.Application.Program|Telemetry packet sent: event (seq: 33) 
2026-01-28 09:44:43.6903|WARN|HytaleClient.Networking.PacketHandler|All rendered chunks were discarded. 
2026-01-28 09:44:43.7257|INFO|HytaleClient.Application.AppMainMenu|[AssetUpdate] BlockTypes: Finished AddOrUpdate in 646ms 
2026-01-28 09:44:43.7257|WARN|HytaleClient.Networking.PacketHandler|A Equipment packet had been received on the local player 
2026-01-28 09:44:45.5197|INFO|HytaleClient.Application.AppMainMenu|[AssetUpdate] BlockTypes: Starting AddOrUpdate 
2026-01-28 09:44:45.5734|INFO|HytaleClient.Application.AppMainMenu|[AssetUpdate] BlockTypes: Starting AddOrUpdate 
2026-01-28 09:44:45.5898|INFO|HytaleClient.Application.AppMainMenu|[AssetUpdate] BlockTypes: Finished AddOrUpdate in 69ms 
2026-01-28 09:44:45.6242|ERROR|HytaleClient.Networking.PacketHandler|Exception when handling packet 40 UpdateBlockTypes: System.Collections.Generic.KeyNotFoundException: The given key '949650efc4b3cd622384959ae4f800958f3756ebe3098c62ffde1c2a47bd294c' was not present in the dictionary.
   at HytaleClient!<BaseAddress>+0x137cca4
   at HytaleClient!<BaseAddress>+0x366218
   at HytaleClient!<BaseAddress>+0x364d20
   at HytaleClient!<BaseAddress>+0x1b1a70
   at HytaleClient!<BaseAddress>+0x1b9b39
   at HytaleClient!<BaseAddress>+0x1b8643
   at HytaleClient!<BaseAddress>+0x1b7d23
2026-01-28 09:44:45.6242|INFO|HytaleClient.Utils.SentryHelper|Sentry event captured: 1e5a3091c0e14dbdbd0ded72efad711e 
2026-01-28 09:44:45.7615|INFO|HytaleClient.Application.AppInGame|Disconnected with error: 
2026-01-28 09:44:45.7615|ERROR|HytaleClient.Application.AppInGame|System.Collections.Generic.KeyNotFoundException: The given key '949650efc4b3cd622384959ae4f800958f3756ebe3098c62ffde1c2a47bd294c' was not present in the dictionary. System.Collections.Generic.KeyNotFoundException: The given key '949650efc4b3cd622384959ae4f800958f3756ebe3098c62ffde1c2a47bd294c' was not present in the dictionary.
   at HytaleClient!<BaseAddress>+0x137cca4
   at HytaleClient!<BaseAddress>+0x366218
   at HytaleClient!<BaseAddress>+0x364d20
   at HytaleClient!<BaseAddress>+0x1b1a70
   at HytaleClient!<BaseAddress>+0x1b9b39
   at HytaleClient!<BaseAddress>+0x1b8643
   at HytaleClient!<BaseAddress>+0x1b7d23
2026-01-28 09:44:45.7615|INFO|HytaleClient.Application.Program|Changing from Stage InGame to Disconnection 
2026-01-28 09:44:45.8126|INFO|HytaleClient.Application.Program|Generating new self-signed certificate... 
2026-01-28 09:44:45.9933|DEBUG|HytaleClient.Application.Program|Telemetry packet sent: event (seq: 34) 
2026-01-28 09:44:46.0080|INFO|HytaleClient.Application.Program|Certificate generated successfully in 195.3186ms. Fingerprint: ZLH5Kx4t3Qi4TK--mpot-FCk1M33wWWbVri9QeDQszI 
2026-01-28 09:44:46.0713|DEBUG|HytaleClient.Application.Program|Telemetry packet sent: event (seq: 35) 
2026-01-28 09:45:57.3505|INFO|HytaleClient.Application.AppMainMenu|Connecting to server localhost:5520 
2026-01-28 09:45:57.3511|INFO|HytaleClient.Application.Program|Changing from Stage Disconnection to GameLoading 
2026-01-28 09:45:57.4478|INFO||Using mTLS with client certificate (fingerprint: ZLH5Kx4t3Qi4TK--mpot-FCk1M33wWWbVri9QeDQszI) 
2026-01-28 09:45:57.4478|INFO||Opening Quic Connection to localhost:5520 
2026-01-28 09:45:57.4478|DEBUG||Game server requesting client certificate, providing: ZLH5Kx4t3Qi4TK--mpot-FCk1M33wWWbVri9QeDQszI 
2026-01-28 09:45:57.4723|INFO||Server certificate fingerprint captured: 8xe7cm39z50a6uKYd9yQW7E7quKot0YrZfkeZ69ySFg 
2026-01-28 09:45:57.4723|INFO||Accepting self-signed server certificate: CN=localhost 
2026-01-28 09:45:57.4723|INFO||Waiting for Quic Stream from localhost:5520 
2026-01-28 09:45:57.4723|INFO||Quic Stream connected to localhost:5520 
2026-01-28 09:45:57.5649|DEBUG|HytaleClient.Application.Program|Telemetry packet sent: event (seq: 36) 
2026-01-28 09:45:57.6000|INFO|HytaleClient.Application.AppMainMenu|Changing from loading stage Initial to Connecting 
2026-01-28 09:45:57.6010|INFO|HytaleClient.Application.AppMainMenu|Changing from loading stage Connecting to Loading 
2026-01-28 09:45:57.6802|DEBUG|HytaleClient.Application.Program|Telemetry packet sent: event (seq: 37) 
2026-01-28 09:45:57.6802|INFO|HytaleClient.Application.Program|Built 75 GPU programs successfully. 
2026-01-28 09:45:57.6802|DEBUG|HytaleClient.Application.Program|GPU programs: BasicProgram, BasicFullScreenProgram, BasicFogProgram, BlockyModelForwardProgram, BlockyModelDitheringProgram, BlockyModelProgram, FirstPersonBlockyModelProgram, BlockyModelDistortionProgram, FirstPersonDistortionBlockyModelProgram, FirstPersonClippingBlockyModelProgram, MapChunkNearOpaqueProgram, MapChunkNearAlphaTestedProgram, MapChunkFarOpaqueProgram, MapChunkFarAlphaTestedProgram, MapChunkAlphaBlendedProgram, MapBlockAnimatedProgram, MapBlockAnimatedForwardProgram, SkyProgram, CloudsProgram, TextProgram, ParticleProgram, ParticleErosionProgram, ParticleDistortionProgram, ForceFieldProgram, BuilderToolProgram, WorldMapProgram, PostEffectProgram, InventoryPostEffectProgram, MainMenuPostEffectProgram, TemporalAAProgram, OITCompositeProgram, CubemapProgram, ZDownsampleProgram, LinearZDownsampleProgram, EdgeDetectionProgram, LinearZProgram, LightMixProgram, LightProgram, LightLowResProgram, LightClusteredProgram, MapChunkShadowMapProgram, MapBlockAnimatedShadowMapProgram, BlockyModelShadowMapProgram, BlockyModelOcclusionMapProgram, DeferredShadowProgram, SSAOProgram, BlurSSAOAndShadowProgram, DeferredProgram, ScreenBlitProgram, BlurProgram, DoFBlurProgram, DoFCircleOfConfusionProgram, DoFDownsampleProgram, DoFNearCoCMaxProgram, DoFNearCoCBlurProgram, DepthOfFieldAdvancedProgram, DoFFillProgram, BloomSelectProgram, BloomDownsampleBlurProgram, BloomUpsampleBlurProgram, BloomMaxProgram, BloomCompositeProgram, RadialGlowMaskProgram, RadialGlowLuminanceProgram, SunOcclusionDownsampleProgram, SceneBrightnessPackProgram, ZOnlyMapChunkProgram, ZOnlyMapChunkPlanesProgram, ZOnlyProgram, HiZReprojectProgram, HiZFillHoleProgram, HiZBuildProgram, HiZCullProgram, DebugDrawMapProgram, Batcher2DProgram 
2026-01-28 09:45:57.8325|INFO|HytaleClient.Application.AppGameLoading|Starting authenticated connection flow 
2026-01-28 09:45:57.9781|INFO|HytaleClient.Networking.PacketHandler|Received AuthGrant with server identity token 
2026-01-28 09:45:57.9781|INFO|HytaleClient.Networking.PacketHandler|Validating server identity token... 
2026-01-28 09:45:57.9781|DEBUG|HytaleClient.Utils.SentryHelper|Fetching JWKS from Session Service... 
2026-01-28 09:45:58.1012|INFO|HytaleClient.Utils.SentryHelper|Successfully fetched JWKS with 1 keys 
2026-01-28 09:45:58.1012|DEBUG||JWKS loaded with 1 keys (cached permanently) 
2026-01-28 09:45:58.1012|DEBUG||Ed25519 signature verified successfully 
2026-01-28 09:45:58.1012|DEBUG||User token validated successfully for c013444c-04d3-4ef1-beaa-1533fd7a3034 
2026-01-28 09:45:58.1012|INFO|HytaleClient.Networking.PacketHandler|Server identity validated: CodeCreature (c013444c-04d3-4ef1-beaa-1533fd7a3034, scope: hytale:server) 
2026-01-28 09:45:58.1012|INFO|HytaleClient.Networking.PacketHandler|Requesting auth grant for server 
2026-01-28 09:45:58.1012|DEBUG|HytaleClient.Utils.SentryHelper|Requesting auth grant for server using identity token 
2026-01-28 09:45:58.1806|INFO|HytaleClient.Utils.SentryHelper|Successfully obtained auth grant for server 
2026-01-28 09:45:58.1806|INFO|HytaleClient.Networking.PacketHandler|Obtained auth grant for server 
2026-01-28 09:45:58.1806|DEBUG|HytaleClient.Utils.SentryHelper|Exchanging authorization grant for access token 
2026-01-28 09:45:58.2592|INFO|HytaleClient.Utils.SentryHelper|Successfully obtained access token 
2026-01-28 09:45:58.2592|INFO|HytaleClient.Networking.PacketHandler|Successfully obtained JWT access token, sending AuthToken to server 
2026-01-28 09:45:58.3432|INFO|HytaleClient.Networking.PacketHandler|Received ServerAuthToken, validating server access token... 
2026-01-28 09:45:58.3432|DEBUG||Ed25519 signature verified successfully 
2026-01-28 09:45:58.3432|DEBUG||Certificate binding validated for server 
2026-01-28 09:45:58.3432|DEBUG||Server access token validated successfully for c013444c-04d3-4ef1-beaa-1533fd7a3034 
2026-01-28 09:45:58.3432|INFO|HytaleClient.Networking.PacketHandler|Mutual authentication complete! Server identity confirmed: CodeCreature (c013444c-04d3-4ef1-beaa-1533fd7a3034) 
2026-01-28 09:45:58.3432|INFO|HytaleClient.Networking.PacketHandler|No password required - authentication complete 
2026-01-28 09:45:58.3777|INFO|HytaleClient.Networking.PacketHandler|Stage WaitingForSetup -> SettingUp took 545ms 
2026-01-28 09:45:58.3855|INFO|HytaleClient.Networking.PacketHandler|Handle RequiredAssets at 553ms 
2026-01-28 09:45:58.4058|INFO|HytaleClient.Networking.PacketHandler|Finished handling RequiredAssets, took 20ms 
2026-01-28 09:45:58.4231|INFO|HytaleClient.Networking.PacketHandler|Received AssetType RepulsionConfig at 590ms 
2026-01-28 09:45:58.4231|INFO|HytaleClient.Networking.PacketHandler|Finished handling AssetType RepulsionConfig took 0ms 
2026-01-28 09:45:58.4231|INFO|HytaleClient.Networking.PacketHandler|Received AssetType ItemSoundSets at 591ms 
2026-01-28 09:45:58.4231|INFO|HytaleClient.Networking.PacketHandler|Finished handling AssetType ItemSoundSets took 0ms 
2026-01-28 09:45:58.4778|INFO|HytaleClient.Networking.PacketHandler|Received AssetType BlockTypes at 645ms 
2026-01-28 09:45:58.4778|INFO|HytaleClient.Networking.PacketHandler|Finished handling AssetType BlockTypes took 0ms 
2026-01-28 09:45:58.4778|INFO|HytaleClient.Networking.PacketHandler|Received AssetType FluidFX at 645ms 
2026-01-28 09:45:58.4778|INFO|HytaleClient.Networking.PacketHandler|Finished handling AssetType FluidFX took 0ms 
2026-01-28 09:45:58.4778|INFO|HytaleClient.Networking.PacketHandler|Received AssetType Items at 651ms 
2026-01-28 09:45:58.4778|INFO|HytaleClient.Networking.PacketHandler|Finished handling AssetType Items took 1ms 
2026-01-28 09:45:58.4778|INFO|HytaleClient.Networking.PacketHandler|Received AssetType Trails at 652ms 
2026-01-28 09:45:58.4778|INFO|HytaleClient.Networking.PacketHandler|Finished handling AssetType Trails took 0ms 
2026-01-28 09:45:58.4778|INFO|HytaleClient.Networking.PacketHandler|Received AssetType TagPatterns at 652ms 
2026-01-28 09:45:58.4778|INFO|HytaleClient.Networking.PacketHandler|Finished handling AssetType TagPatterns took 0ms 
2026-01-28 09:45:58.4778|INFO|HytaleClient.Networking.PacketHandler|Received AssetType Recipes at 652ms 
2026-01-28 09:45:58.4778|INFO|HytaleClient.Networking.PacketHandler|Finished handling AssetType Recipes took 1ms 
2026-01-28 09:45:58.4778|INFO|HytaleClient.Networking.PacketHandler|Received AssetType BlockHitboxes at 653ms 
2026-01-28 09:45:58.4778|INFO|HytaleClient.Networking.PacketHandler|Finished handling AssetType BlockHitboxes took 1ms 
2026-01-28 09:45:58.4778|INFO|HytaleClient.Networking.PacketHandler|Received AssetType ResourceTypes at 654ms 
2026-01-28 09:45:58.4778|INFO|HytaleClient.Networking.PacketHandler|Finished handling AssetType ResourceTypes took 0ms 
2026-01-28 09:45:58.4778|INFO|HytaleClient.Networking.PacketHandler|Received AssetType ItemCategories at 654ms 
2026-01-28 09:45:58.4778|INFO|HytaleClient.Networking.PacketHandler|Finished handling AssetType ItemCategories took 0ms 
2026-01-28 09:45:58.4778|INFO|HytaleClient.Networking.PacketHandler|Received AssetType Weather at 654ms 
2026-01-28 09:45:58.5014|INFO|HytaleClient.Networking.PacketHandler|Finished handling AssetType Weather took 15ms 
2026-01-28 09:45:58.5014|INFO|HytaleClient.Networking.PacketHandler|Received AssetType ItemAnimations at 670ms 
2026-01-28 09:45:58.5014|INFO|HytaleClient.Networking.PacketHandler|Finished handling AssetType ItemAnimations took 0ms 
2026-01-28 09:45:58.5014|INFO|HytaleClient.Networking.PacketHandler|Received AssetType AmbienceFX at 670ms 
2026-01-28 09:45:58.5014|INFO|HytaleClient.Networking.PacketHandler|Finished handling AssetType AmbienceFX took 0ms 
2026-01-28 09:45:58.5014|INFO|HytaleClient.Networking.PacketHandler|Received AssetType EntityUIComponents at 670ms 
2026-01-28 09:45:58.5014|INFO|HytaleClient.Networking.PacketHandler|Finished handling AssetType EntityUIComponents took 0ms 
2026-01-28 09:45:58.5014|INFO|HytaleClient.Networking.PacketHandler|Received AssetType ParticleSpawners at 672ms 
2026-01-28 09:45:58.5014|INFO|HytaleClient.Networking.PacketHandler|Finished handling AssetType ParticleSpawners took 1ms 
2026-01-28 09:45:58.5168|INFO|HytaleClient.Networking.PacketHandler|Received AssetType Interactions at 684ms 
2026-01-28 09:45:58.5168|INFO|HytaleClient.Networking.PacketHandler|Finished handling AssetType Interactions took 1ms 
2026-01-28 09:45:58.5168|INFO|HytaleClient.Networking.PacketHandler|Received AssetType SoundEvents at 685ms 
2026-01-28 09:45:58.5168|INFO|HytaleClient.Networking.PacketHandler|Finished handling AssetType SoundEvents took 0ms 
2026-01-28 09:45:58.5168|INFO|HytaleClient.Networking.PacketHandler|Received AssetType BlockSets at 685ms 
2026-01-28 09:45:58.5168|INFO|HytaleClient.Networking.PacketHandler|Finished handling AssetType BlockSets took 0ms 
2026-01-28 09:45:58.5168|INFO|HytaleClient.Networking.PacketHandler|Received AssetType EntityEffects at 685ms 
2026-01-28 09:45:58.5168|INFO|HytaleClient.Networking.PacketHandler|Finished handling AssetType EntityEffects took 0ms 
2026-01-28 09:45:58.5168|INFO|HytaleClient.Networking.PacketHandler|Received AssetType BlockBreakingDecals at 685ms 
2026-01-28 09:45:58.5168|INFO|HytaleClient.Networking.PacketHandler|Finished handling AssetType BlockBreakingDecals took 0ms 
2026-01-28 09:45:58.5168|INFO|HytaleClient.Networking.PacketHandler|Received AssetType BlockSoundSets at 685ms 
2026-01-28 09:45:58.5168|INFO|HytaleClient.Networking.PacketHandler|Finished handling AssetType BlockSoundSets took 0ms 
2026-01-28 09:45:58.5168|INFO|HytaleClient.Networking.PacketHandler|Received AssetType ItemReticles at 685ms 
2026-01-28 09:45:58.5168|INFO|HytaleClient.Networking.PacketHandler|Finished handling AssetType ItemReticles took 0ms 
2026-01-28 09:45:58.5168|INFO|HytaleClient.Networking.PacketHandler|Received AssetType Fluids at 685ms 
2026-01-28 09:45:58.5168|INFO|HytaleClient.Networking.PacketHandler|Finished handling AssetType Fluids took 0ms 
2026-01-28 09:45:58.5168|INFO|HytaleClient.Networking.PacketHandler|Received AssetType EqualizerEffects at 685ms 
2026-01-28 09:45:58.5168|INFO|HytaleClient.Networking.PacketHandler|Finished handling AssetType EqualizerEffects took 0ms 
2026-01-28 09:45:58.5168|INFO|HytaleClient.Networking.PacketHandler|Received AssetType BlockTypes, Items at 685ms 
2026-01-28 09:45:58.5168|INFO|HytaleClient.Networking.PacketHandler|Received AssetType ItemQuality at 685ms 
2026-01-28 09:45:58.5168|INFO|HytaleClient.Networking.PacketHandler|Finished handling AssetType ItemQuality took 0ms 
2026-01-28 09:45:58.5168|INFO|HytaleClient.Networking.PacketHandler|Received AssetType UnarmedInteractions at 685ms 
2026-01-28 09:45:58.5168|INFO|HytaleClient.Networking.PacketHandler|Finished handling AssetType UnarmedInteractions took 0ms 
2026-01-28 09:45:58.5168|INFO|HytaleClient.Networking.PacketHandler|Received AssetType AudioCategories at 685ms 
2026-01-28 09:45:58.5168|INFO|HytaleClient.Networking.PacketHandler|Finished handling AssetType AudioCategories took 0ms 
2026-01-28 09:45:58.5168|INFO|HytaleClient.Networking.PacketHandler|Received AssetType SoundSets at 685ms 
2026-01-28 09:45:58.5168|INFO|HytaleClient.Networking.PacketHandler|Finished handling AssetType SoundSets took 0ms 
2026-01-28 09:45:58.5168|INFO|HytaleClient.Networking.PacketHandler|Received AssetType ParticleSystems at 686ms 
2026-01-28 09:45:58.5168|INFO|HytaleClient.Networking.PacketHandler|Finished handling AssetType ParticleSystems took 0ms 
2026-01-28 09:45:58.5168|INFO|HytaleClient.Networking.PacketHandler|Received AssetType ModelVFX at 686ms 
2026-01-28 09:45:58.5168|INFO|HytaleClient.Networking.PacketHandler|Finished handling AssetType ModelVFX took 0ms 
2026-01-28 09:45:58.5168|INFO|HytaleClient.Networking.PacketHandler|Received AssetType FieldcraftCategories at 686ms 
2026-01-28 09:45:58.5168|INFO|HytaleClient.Networking.PacketHandler|Finished handling AssetType FieldcraftCategories took 0ms 
2026-01-28 09:45:58.5168|INFO|HytaleClient.Networking.PacketHandler|Received AssetType EntityStatTypes at 686ms 
2026-01-28 09:45:58.5168|INFO|HytaleClient.Networking.PacketHandler|Finished handling AssetType EntityStatTypes took 0ms 
2026-01-28 09:45:58.5168|INFO|HytaleClient.Networking.PacketHandler|Received AssetType HitboxCollisionConfig at 686ms 
2026-01-28 09:45:58.5168|INFO|HytaleClient.Networking.PacketHandler|Finished handling AssetType HitboxCollisionConfig took 0ms 
2026-01-28 09:45:58.5168|INFO|HytaleClient.Networking.PacketHandler|Received AssetType RootInteractions at 687ms 
2026-01-28 09:45:58.5168|INFO|HytaleClient.Networking.PacketHandler|Finished handling AssetType RootInteractions took 1ms 
2026-01-28 09:45:58.5168|INFO|HytaleClient.Networking.PacketHandler|Received AssetType ReverbEffects at 688ms 
2026-01-28 09:45:58.5168|INFO|HytaleClient.Networking.PacketHandler|Finished handling AssetType ReverbEffects took 0ms 
2026-01-28 09:45:58.5168|INFO|HytaleClient.Networking.PacketHandler|Received AssetType Environment at 688ms 
2026-01-28 09:45:58.5168|INFO|HytaleClient.Networking.PacketHandler|Finished handling AssetType Environment took 0ms 
2026-01-28 09:45:58.5168|INFO|HytaleClient.Networking.PacketHandler|Received AssetType BlockParticleSets at 688ms 
2026-01-28 09:45:58.5168|INFO|HytaleClient.Networking.PacketHandler|Finished handling AssetType BlockParticleSets took 0ms 
2026-01-28 09:45:58.5168|INFO|HytaleClient.Networking.PacketHandler|Received AssetType Translations at 688ms 
2026-01-28 09:45:58.5168|INFO|HytaleClient.Networking.PacketHandler|Finished handling AssetType Translations took 0ms 
2026-01-28 09:45:58.5168|INFO|HytaleClient.Networking.PacketHandler|Stage SettingUp -> Playing took 143ms 
2026-01-28 09:45:58.5168|INFO|HytaleClient.Networking.PacketHandler|PrepareAmbienceFX: 0ms 
2026-01-28 09:45:58.5455|INFO|HytaleClient.Application.Program|Loading world: PrepareRootInterations: 24ms 
2026-01-28 09:45:58.5455|INFO|HytaleClient.Application.Program|Loading world: PrepareInterations: 26ms 
2026-01-28 09:45:58.5455|INFO|HytaleClient.Networking.PacketHandler|PrepareBlockOverlayAtlas: 28ms 
2026-01-28 09:45:58.5750|INFO|HytaleClient.Networking.PacketHandler|PrepareWorldMap: 53ms 
2026-01-28 09:45:58.8355|INFO|HytaleClient.Networking.PacketHandler|PrepareParticles: 314ms 
2026-01-28 09:45:58.9436|INFO|HytaleClient.Networking.PacketHandler|PrepareItemAnimations: 422ms 
2026-01-28 09:45:59.2469|INFO|HytaleClient.Networking.PacketHandler|PrepareItems: 725ms 
2026-01-28 09:45:59.2813|INFO|HytaleClient.Networking.PacketHandler|PrepareBlockTypes: 760 ms 
2026-01-28 09:45:59.2986|WARN|HytaleClient.Networking.PacketHandler|All rendered chunks were discarded. 
2026-01-28 09:45:59.2986|WARN|HytaleClient.Networking.PacketHandler|All rendered chunks were discarded. 
2026-01-28 09:45:59.3190|INFO|HytaleClient.Networking.PacketHandler|PrepareEntitiesAtlas: 797ms 
2026-01-28 09:45:59.3261|INFO|HytaleClient.Networking.PacketHandler|Received JoinWorldPacket 
2026-01-28 09:45:59.6712|INFO|HytaleClient.Application.AppGameLoading|GameInstance.OnSetupComplete() 
2026-01-28 09:45:59.6812|INFO|HytaleClient.Networking.PacketHandler|Global: 1160.0312ms 
2026-01-28 09:45:59.6812|INFO|HytaleClient.Networking.PacketHandler|ProcessJoinWorldPacket: FadeInOut is False 
2026-01-28 09:45:59.6812|INFO|HytaleClient.Application.AppGameLoading|GameInstance.PrepareJoiningWorld() 
2026-01-28 09:45:59.6812|INFO|HytaleClient.Application.AppGameLoading|GameInstance.StartJoiningWorld() 
2026-01-28 09:45:59.9734|WARN|HytaleClient.Networking.PacketHandler|A Equipment packet had been received on the local player 
2026-01-28 09:45:59.9771|WARN|HytaleClient.Networking.PacketHandler|A Equipment packet had been received on the local player 
2026-01-28 09:46:00.6942|INFO|HytaleClient.Application.AppGameLoading|GameInstance.OnWorldJoined() 
2026-01-28 09:46:00.6942|INFO|HytaleClient.Application.AppMainMenu|Changing from loading stage Loading to Complete 
2026-01-28 09:46:00.6942|INFO|HytaleClient.Application.Program|Changing from Stage GameLoading to InGame 
2026-01-28 09:46:00.7860|DEBUG|HytaleClient.Application.Program|Telemetry packet sent: event (seq: 38) 
2026-01-28 09:46:00.8678|DEBUG|HytaleClient.Application.Program|Telemetry packet sent: event (seq: 39) 
2026-01-28 09:46:00.8841|INFO|HytaleClient.Application.AppMainMenu|[AssetUpdate] BlockTypes: Starting AddOrUpdate 
2026-01-28 09:46:01.3461|WARN|HytaleClient.Networking.PacketHandler|All rendered chunks were discarded. 
2026-01-28 09:46:01.4050|INFO|HytaleClient.Application.AppMainMenu|[AssetUpdate] BlockTypes: Finished AddOrUpdate in 520ms 
2026-01-28 09:46:01.4050|WARN|HytaleClient.Networking.PacketHandler|A Equipment packet had been received on the local player 
2026-01-28 09:46:43.2790|INFO|HytaleClient.Application.Program|Changing from Stage InGame to MainMenu 
2026-01-28 09:46:43.5657|INFO|HytaleClient.Application.Program|Generating new self-signed certificate... 
2026-01-28 09:46:43.8152|INFO|HytaleClient.Application.Program|Certificate generated successfully in 249.3676ms. Fingerprint: Qx0M1gwVo5YTMBGfATZ_gremx9Koa8svG8HOy1qFWn4 
2026-01-28 09:46:43.8785|DEBUG|HytaleClient.Application.Program|Telemetry packet sent: event (seq: 40) 
2026-01-28 09:46:43.9112|INFO|HytaleClient.Application.Program|Built 75 GPU programs successfully. 
2026-01-28 09:46:43.9112|DEBUG|HytaleClient.Application.Program|GPU programs: BasicProgram, BasicFullScreenProgram, BasicFogProgram, BlockyModelForwardProgram, BlockyModelDitheringProgram, BlockyModelProgram, FirstPersonBlockyModelProgram, BlockyModelDistortionProgram, FirstPersonDistortionBlockyModelProgram, FirstPersonClippingBlockyModelProgram, MapChunkNearOpaqueProgram, MapChunkNearAlphaTestedProgram, MapChunkFarOpaqueProgram, MapChunkFarAlphaTestedProgram, MapChunkAlphaBlendedProgram, MapBlockAnimatedProgram, MapBlockAnimatedForwardProgram, SkyProgram, CloudsProgram, TextProgram, ParticleProgram, ParticleErosionProgram, ParticleDistortionProgram, ForceFieldProgram, BuilderToolProgram, WorldMapProgram, PostEffectProgram, InventoryPostEffectProgram, MainMenuPostEffectProgram, TemporalAAProgram, OITCompositeProgram, CubemapProgram, ZDownsampleProgram, LinearZDownsampleProgram, EdgeDetectionProgram, LinearZProgram, LightMixProgram, LightProgram, LightLowResProgram, LightClusteredProgram, MapChunkShadowMapProgram, MapBlockAnimatedShadowMapProgram, BlockyModelShadowMapProgram, BlockyModelOcclusionMapProgram, DeferredShadowProgram, SSAOProgram, BlurSSAOAndShadowProgram, DeferredProgram, ScreenBlitProgram, BlurProgram, DoFBlurProgram, DoFCircleOfConfusionProgram, DoFDownsampleProgram, DoFNearCoCMaxProgram, DoFNearCoCBlurProgram, DepthOfFieldAdvancedProgram, DoFFillProgram, BloomSelectProgram, BloomDownsampleBlurProgram, BloomUpsampleBlurProgram, BloomMaxProgram, BloomCompositeProgram, RadialGlowMaskProgram, RadialGlowLuminanceProgram, SunOcclusionDownsampleProgram, SceneBrightnessPackProgram, ZOnlyMapChunkProgram, ZOnlyMapChunkPlanesProgram, ZOnlyProgram, HiZReprojectProgram, HiZFillHoleProgram, HiZBuildProgram, HiZCullProgram, DebugDrawMapProgram, Batcher2DProgram 
2026-01-28 09:47:46.4048|DEBUG|HytaleClient.Application.Program|Telemetry packet sent: heartbeat (seq: 41) 
2026-01-28 09:48:00.7023|INFO|HytaleClient.Application.AppStartup|Connecting to multiplayer server "Local Host" at localhost 
2026-01-28 09:48:00.8558|INFO|HytaleClient.Application.AppMainMenu|Connecting to server localhost:5520 
2026-01-28 09:48:00.8558|INFO|HytaleClient.Application.Program|Changing from Stage MainMenu to GameLoading 
2026-01-28 09:48:00.8558|INFO||Using mTLS with client certificate (fingerprint: Qx0M1gwVo5YTMBGfATZ_gremx9Koa8svG8HOy1qFWn4) 
2026-01-28 09:48:00.8558|INFO||Opening Quic Connection to localhost:5520 
2026-01-28 09:48:00.8558|DEBUG||Game server requesting client certificate, providing: Qx0M1gwVo5YTMBGfATZ_gremx9Koa8svG8HOy1qFWn4 
2026-01-28 09:48:00.9679|INFO||Server certificate fingerprint captured: -Lip7mv-NhAFmQ61WAsBt6hbveebDD18xLKr1WzWIGk 
2026-01-28 09:48:00.9679|INFO||Accepting self-signed server certificate: CN=localhost 
2026-01-28 09:48:00.9679|INFO||Waiting for Quic Stream from localhost:5520 
2026-01-28 09:48:00.9679|INFO||Quic Stream connected to localhost:5520 
2026-01-28 09:48:01.0026|DEBUG|HytaleClient.Application.Program|Telemetry packet sent: event (seq: 42) 
2026-01-28 09:48:01.0782|INFO|HytaleClient.Application.AppMainMenu|Changing from loading stage Initial to Connecting 
2026-01-28 09:48:01.0782|INFO|HytaleClient.Application.AppMainMenu|Changing from loading stage Connecting to Loading 
2026-01-28 09:48:01.1565|DEBUG|HytaleClient.Application.Program|Telemetry packet sent: event (seq: 43) 
2026-01-28 09:48:01.1701|INFO|HytaleClient.Application.Program|Built 75 GPU programs successfully. 
2026-01-28 09:48:01.1701|DEBUG|HytaleClient.Application.Program|GPU programs: BasicProgram, BasicFullScreenProgram, BasicFogProgram, BlockyModelForwardProgram, BlockyModelDitheringProgram, BlockyModelProgram, FirstPersonBlockyModelProgram, BlockyModelDistortionProgram, FirstPersonDistortionBlockyModelProgram, FirstPersonClippingBlockyModelProgram, MapChunkNearOpaqueProgram, MapChunkNearAlphaTestedProgram, MapChunkFarOpaqueProgram, MapChunkFarAlphaTestedProgram, MapChunkAlphaBlendedProgram, MapBlockAnimatedProgram, MapBlockAnimatedForwardProgram, SkyProgram, CloudsProgram, TextProgram, ParticleProgram, ParticleErosionProgram, ParticleDistortionProgram, ForceFieldProgram, BuilderToolProgram, WorldMapProgram, PostEffectProgram, InventoryPostEffectProgram, MainMenuPostEffectProgram, TemporalAAProgram, OITCompositeProgram, CubemapProgram, ZDownsampleProgram, LinearZDownsampleProgram, EdgeDetectionProgram, LinearZProgram, LightMixProgram, LightProgram, LightLowResProgram, LightClusteredProgram, MapChunkShadowMapProgram, MapBlockAnimatedShadowMapProgram, BlockyModelShadowMapProgram, BlockyModelOcclusionMapProgram, DeferredShadowProgram, SSAOProgram, BlurSSAOAndShadowProgram, DeferredProgram, ScreenBlitProgram, BlurProgram, DoFBlurProgram, DoFCircleOfConfusionProgram, DoFDownsampleProgram, DoFNearCoCMaxProgram, DoFNearCoCBlurProgram, DepthOfFieldAdvancedProgram, DoFFillProgram, BloomSelectProgram, BloomDownsampleBlurProgram, BloomUpsampleBlurProgram, BloomMaxProgram, BloomCompositeProgram, RadialGlowMaskProgram, RadialGlowLuminanceProgram, SunOcclusionDownsampleProgram, SceneBrightnessPackProgram, ZOnlyMapChunkProgram, ZOnlyMapChunkPlanesProgram, ZOnlyProgram, HiZReprojectProgram, HiZFillHoleProgram, HiZBuildProgram, HiZCullProgram, DebugDrawMapProgram, Batcher2DProgram 
2026-01-28 09:48:01.3055|INFO|HytaleClient.Application.AppGameLoading|Starting authenticated connection flow 
2026-01-28 09:48:01.8427|INFO|HytaleClient.Networking.PacketHandler|Received AuthGrant with server identity token 
2026-01-28 09:48:01.8427|INFO|HytaleClient.Networking.PacketHandler|Validating server identity token... 
2026-01-28 09:48:01.8427|DEBUG|HytaleClient.Utils.SentryHelper|Fetching JWKS from Session Service... 
2026-01-28 09:48:01.9924|INFO|HytaleClient.Utils.SentryHelper|Successfully fetched JWKS with 1 keys 
2026-01-28 09:48:01.9924|DEBUG||JWKS loaded with 1 keys (cached permanently) 
2026-01-28 09:48:01.9924|DEBUG||Ed25519 signature verified successfully 
2026-01-28 09:48:01.9924|DEBUG||User token validated successfully for c013444c-04d3-4ef1-beaa-1533fd7a3034 
2026-01-28 09:48:01.9924|INFO|HytaleClient.Networking.PacketHandler|Server identity validated: CodeCreature (c013444c-04d3-4ef1-beaa-1533fd7a3034, scope: hytale:server) 
2026-01-28 09:48:01.9924|INFO|HytaleClient.Networking.PacketHandler|Requesting auth grant for server 
2026-01-28 09:48:01.9924|DEBUG|HytaleClient.Utils.SentryHelper|Requesting auth grant for server using identity token 
2026-01-28 09:48:02.0805|INFO|HytaleClient.Utils.SentryHelper|Successfully obtained auth grant for server 
2026-01-28 09:48:02.0805|INFO|HytaleClient.Networking.PacketHandler|Obtained auth grant for server 
2026-01-28 09:48:02.0805|DEBUG|HytaleClient.Utils.SentryHelper|Exchanging authorization grant for access token 
2026-01-28 09:48:02.1569|INFO|HytaleClient.Utils.SentryHelper|Successfully obtained access token 
2026-01-28 09:48:02.1569|INFO|HytaleClient.Networking.PacketHandler|Successfully obtained JWT access token, sending AuthToken to server 
2026-01-28 09:48:02.2647|INFO|HytaleClient.Networking.PacketHandler|Received ServerAuthToken, validating server access token... 
2026-01-28 09:48:02.2647|DEBUG||Ed25519 signature verified successfully 
2026-01-28 09:48:02.2647|DEBUG||Certificate binding validated for server 
2026-01-28 09:48:02.2647|DEBUG||Server access token validated successfully for c013444c-04d3-4ef1-beaa-1533fd7a3034 
2026-01-28 09:48:02.2647|INFO|HytaleClient.Networking.PacketHandler|Mutual authentication complete! Server identity confirmed: CodeCreature (c013444c-04d3-4ef1-beaa-1533fd7a3034) 
2026-01-28 09:48:02.2647|INFO|HytaleClient.Networking.PacketHandler|No password required - authentication complete 
2026-01-28 09:48:02.3591|INFO|HytaleClient.Networking.PacketHandler|Stage WaitingForSetup -> SettingUp took 1053ms 
2026-01-28 09:48:02.3591|INFO|HytaleClient.Networking.PacketHandler|Handle RequiredAssets at 1061ms 
2026-01-28 09:48:02.3856|INFO|HytaleClient.Networking.PacketHandler|Finished handling RequiredAssets, took 19ms 
2026-01-28 09:48:02.4012|INFO|HytaleClient.Networking.PacketHandler|Received AssetType RepulsionConfig at 1095ms 
2026-01-28 09:48:02.4012|INFO|HytaleClient.Networking.PacketHandler|Finished handling AssetType RepulsionConfig took 0ms 
2026-01-28 09:48:02.4012|INFO|HytaleClient.Networking.PacketHandler|Received AssetType ItemSoundSets at 1096ms 
2026-01-28 09:48:02.4012|INFO|HytaleClient.Networking.PacketHandler|Finished handling AssetType ItemSoundSets took 0ms 
2026-01-28 09:48:02.5003|INFO|HytaleClient.Networking.PacketHandler|Received AssetType BlockTypes at 1194ms 
2026-01-28 09:48:02.5003|INFO|HytaleClient.Networking.PacketHandler|Finished handling AssetType BlockTypes took 1ms 
2026-01-28 09:48:02.5003|INFO|HytaleClient.Networking.PacketHandler|Received AssetType FluidFX at 1195ms 
2026-01-28 09:48:02.5003|INFO|HytaleClient.Networking.PacketHandler|Finished handling AssetType FluidFX took 0ms 
2026-01-28 09:48:02.5253|INFO|HytaleClient.Networking.PacketHandler|Received AssetType Items at 1219ms 
2026-01-28 09:48:02.5253|INFO|HytaleClient.Networking.PacketHandler|Finished handling AssetType Items took 1ms 
2026-01-28 09:48:02.5253|INFO|HytaleClient.Networking.PacketHandler|Received AssetType Trails at 1220ms 
2026-01-28 09:48:02.5253|INFO|HytaleClient.Networking.PacketHandler|Finished handling AssetType Trails took 0ms 
2026-01-28 09:48:02.5253|INFO|HytaleClient.Networking.PacketHandler|Received AssetType TagPatterns at 1220ms 
2026-01-28 09:48:02.5253|INFO|HytaleClient.Networking.PacketHandler|Finished handling AssetType TagPatterns took 0ms 
2026-01-28 09:48:02.5321|INFO|HytaleClient.Networking.PacketHandler|Received AssetType Recipes at 1226ms 
2026-01-28 09:48:02.5321|INFO|HytaleClient.Networking.PacketHandler|Finished handling AssetType Recipes took 1ms 
2026-01-28 09:48:02.5321|INFO|HytaleClient.Networking.PacketHandler|Received AssetType BlockHitboxes at 1227ms 
2026-01-28 09:48:02.5321|INFO|HytaleClient.Networking.PacketHandler|Finished handling AssetType BlockHitboxes took 1ms 
2026-01-28 09:48:02.5321|INFO|HytaleClient.Networking.PacketHandler|Received AssetType ResourceTypes at 1228ms 
2026-01-28 09:48:02.5321|INFO|HytaleClient.Networking.PacketHandler|Finished handling AssetType ResourceTypes took 0ms 
2026-01-28 09:48:02.5321|INFO|HytaleClient.Networking.PacketHandler|Received AssetType ItemCategories at 1228ms 
2026-01-28 09:48:02.5321|INFO|HytaleClient.Networking.PacketHandler|Finished handling AssetType ItemCategories took 0ms 
2026-01-28 09:48:02.5507|INFO|HytaleClient.Networking.PacketHandler|Received AssetType Weather at 1245ms 
2026-01-28 09:48:02.5507|INFO|HytaleClient.Networking.PacketHandler|Finished handling AssetType Weather took 1ms 
2026-01-28 09:48:02.5619|INFO|HytaleClient.Networking.PacketHandler|Received AssetType ItemAnimations at 1256ms 
2026-01-28 09:48:02.5619|INFO|HytaleClient.Networking.PacketHandler|Finished handling AssetType ItemAnimations took 0ms 
2026-01-28 09:48:02.5619|INFO|HytaleClient.Networking.PacketHandler|Received AssetType AmbienceFX at 1256ms 
2026-01-28 09:48:02.5619|INFO|HytaleClient.Networking.PacketHandler|Finished handling AssetType AmbienceFX took 0ms 
2026-01-28 09:48:02.5911|INFO|HytaleClient.Networking.PacketHandler|Received AssetType ParticleSpawners at 1285ms 
2026-01-28 09:48:02.5915|INFO|HytaleClient.Networking.PacketHandler|Finished handling AssetType ParticleSpawners took 1ms 
2026-01-28 09:48:02.6781|INFO|HytaleClient.Networking.PacketHandler|Received AssetType Interactions at 1372ms 
2026-01-28 09:48:02.6781|INFO|HytaleClient.Networking.PacketHandler|Finished handling AssetType Interactions took 1ms 
2026-01-28 09:48:02.6781|INFO|HytaleClient.Networking.PacketHandler|Received AssetType SoundEvents at 1375ms 
2026-01-28 09:48:02.6781|INFO|HytaleClient.Networking.PacketHandler|Finished handling AssetType SoundEvents took 0ms 
2026-01-28 09:48:02.6781|INFO|HytaleClient.Networking.PacketHandler|Received AssetType BlockSets at 1375ms 
2026-01-28 09:48:02.6781|INFO|HytaleClient.Networking.PacketHandler|Finished handling AssetType BlockSets took 0ms 
2026-01-28 09:48:02.6781|INFO|HytaleClient.Networking.PacketHandler|Received AssetType EntityEffects at 1377ms 
2026-01-28 09:48:02.6781|INFO|HytaleClient.Networking.PacketHandler|Finished handling AssetType EntityEffects took 0ms 
2026-01-28 09:48:02.6781|INFO|HytaleClient.Networking.PacketHandler|Received AssetType BlockBreakingDecals at 1377ms 
2026-01-28 09:48:02.6781|INFO|HytaleClient.Networking.PacketHandler|Finished handling AssetType BlockBreakingDecals took 0ms 
2026-01-28 09:48:02.6781|INFO|HytaleClient.Networking.PacketHandler|Received AssetType BlockSoundSets at 1378ms 
2026-01-28 09:48:02.6781|INFO|HytaleClient.Networking.PacketHandler|Finished handling AssetType BlockSoundSets took 0ms 
2026-01-28 09:48:02.6850|INFO|HytaleClient.Networking.PacketHandler|Received AssetType ItemReticles at 1379ms 
2026-01-28 09:48:02.6850|INFO|HytaleClient.Networking.PacketHandler|Finished handling AssetType ItemReticles took 0ms 
2026-01-28 09:48:02.6850|INFO|HytaleClient.Networking.PacketHandler|Received AssetType Fluids at 1380ms 
2026-01-28 09:48:02.6850|INFO|HytaleClient.Networking.PacketHandler|Finished handling AssetType Fluids took 0ms 
2026-01-28 09:48:02.6850|INFO|HytaleClient.Networking.PacketHandler|Received AssetType EqualizerEffects at 1380ms 
2026-01-28 09:48:02.6850|INFO|HytaleClient.Networking.PacketHandler|Finished handling AssetType EqualizerEffects took 0ms 
2026-01-28 09:48:02.6850|INFO|HytaleClient.Networking.PacketHandler|Received AssetType BlockTypes, Items at 1381ms 
2026-01-28 09:48:02.6850|INFO|HytaleClient.Networking.PacketHandler|Received AssetType ItemQuality at 1382ms 
2026-01-28 09:48:02.6850|INFO|HytaleClient.Networking.PacketHandler|Finished handling AssetType ItemQuality took 0ms 
2026-01-28 09:48:02.6850|INFO|HytaleClient.Networking.PacketHandler|Received AssetType UnarmedInteractions at 1382ms 
2026-01-28 09:48:02.6850|INFO|HytaleClient.Networking.PacketHandler|Finished handling AssetType UnarmedInteractions took 0ms 
2026-01-28 09:48:02.6850|INFO|HytaleClient.Networking.PacketHandler|Received AssetType EntityUIComponents at 1384ms 
2026-01-28 09:48:02.6850|INFO|HytaleClient.Networking.PacketHandler|Finished handling AssetType EntityUIComponents took 0ms 
2026-01-28 09:48:02.6850|INFO|HytaleClient.Networking.PacketHandler|Received AssetType AudioCategories at 1384ms 
2026-01-28 09:48:02.6850|INFO|HytaleClient.Networking.PacketHandler|Finished handling AssetType AudioCategories took 0ms 
2026-01-28 09:48:02.6850|INFO|HytaleClient.Networking.PacketHandler|Received AssetType SoundSets at 1385ms 
2026-01-28 09:48:02.6850|INFO|HytaleClient.Networking.PacketHandler|Finished handling AssetType SoundSets took 0ms 
2026-01-28 09:48:02.6850|INFO|HytaleClient.Networking.PacketHandler|Received AssetType ParticleSystems at 1392ms 
2026-01-28 09:48:02.6850|INFO|HytaleClient.Networking.PacketHandler|Finished handling AssetType ParticleSystems took 1ms 
2026-01-28 09:48:02.6850|INFO|HytaleClient.Networking.PacketHandler|Received AssetType ModelVFX at 1393ms 
2026-01-28 09:48:02.6850|INFO|HytaleClient.Networking.PacketHandler|Finished handling AssetType ModelVFX took 0ms 
2026-01-28 09:48:02.7013|INFO|HytaleClient.Networking.PacketHandler|Received AssetType FieldcraftCategories at 1395ms 
2026-01-28 09:48:02.7013|INFO|HytaleClient.Networking.PacketHandler|Finished handling AssetType FieldcraftCategories took 1ms 
2026-01-28 09:48:02.7013|INFO|HytaleClient.Networking.PacketHandler|Received AssetType EntityStatTypes at 1396ms 
2026-01-28 09:48:02.7013|INFO|HytaleClient.Networking.PacketHandler|Finished handling AssetType EntityStatTypes took 0ms 
2026-01-28 09:48:02.7013|INFO|HytaleClient.Networking.PacketHandler|Received AssetType HitboxCollisionConfig at 1397ms 
2026-01-28 09:48:02.7013|INFO|HytaleClient.Networking.PacketHandler|Finished handling AssetType HitboxCollisionConfig took 0ms 
2026-01-28 09:48:02.7308|INFO|HytaleClient.Networking.PacketHandler|Received AssetType RootInteractions at 1425ms 
2026-01-28 09:48:02.7308|INFO|HytaleClient.Networking.PacketHandler|Finished handling AssetType RootInteractions took 1ms 
2026-01-28 09:48:02.7308|INFO|HytaleClient.Networking.PacketHandler|Received AssetType ReverbEffects at 1426ms 
2026-01-28 09:48:02.7317|INFO|HytaleClient.Networking.PacketHandler|Finished handling AssetType ReverbEffects took 0ms 
2026-01-28 09:48:02.7317|INFO|HytaleClient.Networking.PacketHandler|Received AssetType Environment at 1426ms 
2026-01-28 09:48:02.7317|INFO|HytaleClient.Networking.PacketHandler|Finished handling AssetType Environment took 0ms 
2026-01-28 09:48:02.7317|INFO|HytaleClient.Networking.PacketHandler|Received AssetType BlockParticleSets at 1426ms 
2026-01-28 09:48:02.7317|INFO|HytaleClient.Networking.PacketHandler|Finished handling AssetType BlockParticleSets took 0ms 
2026-01-28 09:48:02.7317|INFO|HytaleClient.Networking.PacketHandler|Received AssetType Translations at 1437ms 
2026-01-28 09:48:02.7317|INFO|HytaleClient.Networking.PacketHandler|Finished handling AssetType Translations took 0ms 
2026-01-28 09:48:02.7317|INFO|HytaleClient.Networking.PacketHandler|Stage SettingUp -> Playing took 383ms 
2026-01-28 09:48:02.7317|INFO|HytaleClient.Networking.PacketHandler|PrepareAmbienceFX: 0ms 
2026-01-28 09:48:02.7317|INFO|HytaleClient.Application.Program|Loading world: PrepareRootInterations: 1ms 
2026-01-28 09:48:02.7317|INFO|HytaleClient.Application.Program|Loading world: PrepareInterations: 3ms 
2026-01-28 09:48:02.7483|INFO|HytaleClient.Networking.PacketHandler|PrepareBlockOverlayAtlas: 5ms 
2026-01-28 09:48:02.7667|INFO|HytaleClient.Networking.PacketHandler|PrepareWorldMap: 23ms 
2026-01-28 09:48:02.9891|INFO|HytaleClient.Networking.PacketHandler|PrepareParticles: 246ms 
2026-01-28 09:48:03.0746|INFO|HytaleClient.Networking.PacketHandler|PrepareItemAnimations: 331ms 
2026-01-28 09:48:03.3011|INFO|HytaleClient.Networking.PacketHandler|PrepareItems: 558ms 
2026-01-28 09:48:03.3541|INFO|HytaleClient.Networking.PacketHandler|PrepareBlockTypes: 611 ms 
2026-01-28 09:48:03.3585|WARN|HytaleClient.Networking.PacketHandler|All rendered chunks were discarded. 
2026-01-28 09:48:03.3585|WARN|HytaleClient.Networking.PacketHandler|All rendered chunks were discarded. 
2026-01-28 09:48:03.4352|INFO|HytaleClient.Networking.PacketHandler|PrepareEntitiesAtlas: 692ms 
2026-01-28 09:48:03.4674|INFO|HytaleClient.Networking.PacketHandler|Received JoinWorldPacket 
2026-01-28 09:48:03.7664|INFO|HytaleClient.Application.AppGameLoading|GameInstance.OnSetupComplete() 
2026-01-28 09:48:03.8070|INFO|HytaleClient.Networking.PacketHandler|Global: 1064.1333ms 
2026-01-28 09:48:03.8070|INFO|HytaleClient.Networking.PacketHandler|ProcessJoinWorldPacket: FadeInOut is False 
2026-01-28 09:48:03.8070|INFO|HytaleClient.Application.AppGameLoading|GameInstance.PrepareJoiningWorld() 
2026-01-28 09:48:03.8070|INFO|HytaleClient.Application.AppGameLoading|GameInstance.StartJoiningWorld() 
2026-01-28 09:48:04.1409|WARN|HytaleClient.Networking.PacketHandler|A Equipment packet had been received on the local player 
2026-01-28 09:48:04.1409|WARN|HytaleClient.Networking.PacketHandler|A Equipment packet had been received on the local player 
2026-01-28 09:48:04.6607|INFO|HytaleClient.Application.AppGameLoading|GameInstance.OnWorldJoined() 
2026-01-28 09:48:04.6607|INFO|HytaleClient.Application.AppMainMenu|Changing from loading stage Loading to Complete 
2026-01-28 09:48:04.6607|INFO|HytaleClient.Application.Program|Changing from Stage GameLoading to InGame 
2026-01-28 09:48:04.7732|DEBUG|HytaleClient.Application.Program|Telemetry packet sent: event (seq: 44) 
2026-01-28 09:48:04.8535|DEBUG|HytaleClient.Application.Program|Telemetry packet sent: event (seq: 45) 
2026-01-28 09:48:04.8624|INFO|HytaleClient.Application.AppMainMenu|[AssetUpdate] BlockTypes: Starting AddOrUpdate 
2026-01-28 09:48:05.4852|WARN|HytaleClient.Networking.PacketHandler|All rendered chunks were discarded. 
2026-01-28 09:48:05.5006|INFO|HytaleClient.Application.AppMainMenu|[AssetUpdate] BlockTypes: Finished AddOrUpdate in 637ms 
2026-01-28 09:48:05.5006|WARN|HytaleClient.Networking.PacketHandler|A Equipment packet had been received on the local player 
2026-01-28 09:48:08.3518|INFO|HytaleClient.Application.AppMainMenu|[AssetUpdate] BlockTypes: Starting AddOrUpdate 
2026-01-28 09:48:08.3847|INFO|HytaleClient.Application.AppMainMenu|[AssetUpdate] BlockTypes: Starting AddOrUpdate 
2026-01-28 09:48:08.4018|INFO|HytaleClient.Application.AppMainMenu|[AssetUpdate] BlockTypes: Finished AddOrUpdate in 49ms 
2026-01-28 09:48:08.4479|INFO|HytaleClient.Application.AppMainMenu|[AssetUpdate] BlockTypes: Starting AddOrUpdate 
2026-01-28 09:48:08.4543|INFO|HytaleClient.Application.AppMainMenu|[AssetUpdate] BlockTypes: Finished AddOrUpdate in 69ms 
2026-01-28 09:48:08.4956|INFO|HytaleClient.Application.AppMainMenu|[AssetUpdate] BlockTypes: Starting AddOrUpdate 
2026-01-28 09:48:08.5118|INFO|HytaleClient.Application.AppMainMenu|[AssetUpdate] BlockTypes: Finished AddOrUpdate in 63ms 
2026-01-28 09:48:08.5569|ERROR|HytaleClient.Networking.PacketHandler|Exception when handling packet 140 ServerSetBlock: System.NullReferenceException: Object reference not set to an instance of an object.
   at HytaleClient!<BaseAddress>+0x368987
   at HytaleClient!<BaseAddress>+0x1b6121
   at HytaleClient!<BaseAddress>+0x1b9a89
   at HytaleClient!<BaseAddress>+0x1b8643
   at HytaleClient!<BaseAddress>+0x1b7d23
2026-01-28 09:48:08.5614|INFO|HytaleClient.Utils.SentryHelper|Sentry event captured: 629da680944446e9a1e20ef57c7a2574 
2026-01-28 09:48:08.5614|INFO|HytaleClient.Application.AppMainMenu|[AssetUpdate] BlockTypes: Finished AddOrUpdate in 69ms 
2026-01-28 09:48:08.5614|INFO|HytaleClient.Application.AppInGame|Disconnected with error: 
2026-01-28 09:48:08.5614|ERROR|HytaleClient.Application.AppInGame|System.NullReferenceException: Object reference not set to an instance of an object. System.NullReferenceException: Object reference not set to an instance of an object.
   at HytaleClient!<BaseAddress>+0x368987
   at HytaleClient!<BaseAddress>+0x1b6121
   at HytaleClient!<BaseAddress>+0x1b9a89
   at HytaleClient!<BaseAddress>+0x1b8643
   at HytaleClient!<BaseAddress>+0x1b7d23
2026-01-28 09:48:08.5614|INFO|HytaleClient.Application.Program|Changing from Stage InGame to Disconnection 
2026-01-28 09:48:08.6497|INFO|HytaleClient.Application.Program|Generating new self-signed certificate... 
2026-01-28 09:48:08.8101|DEBUG|HytaleClient.Application.Program|Telemetry packet sent: event (seq: 46) 
2026-01-28 09:48:08.8101|INFO|HytaleClient.Application.Program|Certificate generated successfully in 174.4881ms. Fingerprint: NFvYdptxACccGt6gylHPJNdnUU4KeSw125_sj7rm7MQ 
2026-01-28 09:48:08.8879|DEBUG|HytaleClient.Application.Program|Telemetry packet sent: event (seq: 47) 
2026-01-28 09:48:15.3068|INFO|HytaleClient.Application.Program|Changing from Stage Disconnection to MainMenu 
2026-01-28 09:48:15.4457|DEBUG|HytaleClient.Application.Program|Telemetry packet sent: event (seq: 48) 
2026-01-28 09:48:15.4744|INFO|HytaleClient.Application.Program|Built 75 GPU programs successfully. 
2026-01-28 09:48:15.4744|DEBUG|HytaleClient.Application.Program|GPU programs: BasicProgram, BasicFullScreenProgram, BasicFogProgram, BlockyModelForwardProgram, BlockyModelDitheringProgram, BlockyModelProgram, FirstPersonBlockyModelProgram, BlockyModelDistortionProgram, FirstPersonDistortionBlockyModelProgram, FirstPersonClippingBlockyModelProgram, MapChunkNearOpaqueProgram, MapChunkNearAlphaTestedProgram, MapChunkFarOpaqueProgram, MapChunkFarAlphaTestedProgram, MapChunkAlphaBlendedProgram, MapBlockAnimatedProgram, MapBlockAnimatedForwardProgram, SkyProgram, CloudsProgram, TextProgram, ParticleProgram, ParticleErosionProgram, ParticleDistortionProgram, ForceFieldProgram, BuilderToolProgram, WorldMapProgram, PostEffectProgram, InventoryPostEffectProgram, MainMenuPostEffectProgram, TemporalAAProgram, OITCompositeProgram, CubemapProgram, ZDownsampleProgram, LinearZDownsampleProgram, EdgeDetectionProgram, LinearZProgram, LightMixProgram, LightProgram, LightLowResProgram, LightClusteredProgram, MapChunkShadowMapProgram, MapBlockAnimatedShadowMapProgram, BlockyModelShadowMapProgram, BlockyModelOcclusionMapProgram, DeferredShadowProgram, SSAOProgram, BlurSSAOAndShadowProgram, DeferredProgram, ScreenBlitProgram, BlurProgram, DoFBlurProgram, DoFCircleOfConfusionProgram, DoFDownsampleProgram, DoFNearCoCMaxProgram, DoFNearCoCBlurProgram, DepthOfFieldAdvancedProgram, DoFFillProgram, BloomSelectProgram, BloomDownsampleBlurProgram, BloomUpsampleBlurProgram, BloomMaxProgram, BloomCompositeProgram, RadialGlowMaskProgram, RadialGlowLuminanceProgram, SunOcclusionDownsampleProgram, SceneBrightnessPackProgram, ZOnlyMapChunkProgram, ZOnlyMapChunkPlanesProgram, ZOnlyProgram, HiZReprojectProgram, HiZFillHoleProgram, HiZBuildProgram, HiZCullProgram, DebugDrawMapProgram, Batcher2DProgram 
2026-01-28 09:51:32.9351|INFO|HytaleClient.Application.AppStartup|Connecting to multiplayer server "Local Host" at localhost 
2026-01-28 09:51:33.0879|INFO|HytaleClient.Application.AppMainMenu|Connecting to server localhost:5520 
2026-01-28 09:51:33.0879|INFO|HytaleClient.Application.Program|Changing from Stage MainMenu to GameLoading 
2026-01-28 09:51:33.0879|INFO||Using mTLS with client certificate (fingerprint: NFvYdptxACccGt6gylHPJNdnUU4KeSw125_sj7rm7MQ) 
2026-01-28 09:51:33.0879|INFO||Opening Quic Connection to localhost:5520 
2026-01-28 09:51:33.0879|DEBUG||Game server requesting client certificate, providing: NFvYdptxACccGt6gylHPJNdnUU4KeSw125_sj7rm7MQ 
2026-01-28 09:51:33.2387|INFO||Server certificate fingerprint captured: 3bqtQabyqJIVr1Pn866KiIxZU4MIWKgMAOlMwH4zEdE 
2026-01-28 09:51:33.2387|INFO||Accepting self-signed server certificate: CN=localhost 
2026-01-28 09:51:33.2387|INFO||Waiting for Quic Stream from localhost:5520 
2026-01-28 09:51:33.2387|INFO||Quic Stream connected to localhost:5520 
2026-01-28 09:51:33.3185|DEBUG|HytaleClient.Application.Program|Telemetry packet sent: event (seq: 49) 
2026-01-28 09:51:33.3433|INFO|HytaleClient.Application.AppMainMenu|Changing from loading stage Initial to Connecting 
2026-01-28 09:51:33.3433|INFO|HytaleClient.Application.AppMainMenu|Changing from loading stage Connecting to Loading 
2026-01-28 09:51:33.4176|DEBUG|HytaleClient.Application.Program|Telemetry packet sent: event (seq: 50) 
2026-01-28 09:51:33.4361|INFO|HytaleClient.Application.Program|Built 75 GPU programs successfully. 
2026-01-28 09:51:33.4361|DEBUG|HytaleClient.Application.Program|GPU programs: BasicProgram, BasicFullScreenProgram, BasicFogProgram, BlockyModelForwardProgram, BlockyModelDitheringProgram, BlockyModelProgram, FirstPersonBlockyModelProgram, BlockyModelDistortionProgram, FirstPersonDistortionBlockyModelProgram, FirstPersonClippingBlockyModelProgram, MapChunkNearOpaqueProgram, MapChunkNearAlphaTestedProgram, MapChunkFarOpaqueProgram, MapChunkFarAlphaTestedProgram, MapChunkAlphaBlendedProgram, MapBlockAnimatedProgram, MapBlockAnimatedForwardProgram, SkyProgram, CloudsProgram, TextProgram, ParticleProgram, ParticleErosionProgram, ParticleDistortionProgram, ForceFieldProgram, BuilderToolProgram, WorldMapProgram, PostEffectProgram, InventoryPostEffectProgram, MainMenuPostEffectProgram, TemporalAAProgram, OITCompositeProgram, CubemapProgram, ZDownsampleProgram, LinearZDownsampleProgram, EdgeDetectionProgram, LinearZProgram, LightMixProgram, LightProgram, LightLowResProgram, LightClusteredProgram, MapChunkShadowMapProgram, MapBlockAnimatedShadowMapProgram, BlockyModelShadowMapProgram, BlockyModelOcclusionMapProgram, DeferredShadowProgram, SSAOProgram, BlurSSAOAndShadowProgram, DeferredProgram, ScreenBlitProgram, BlurProgram, DoFBlurProgram, DoFCircleOfConfusionProgram, DoFDownsampleProgram, DoFNearCoCMaxProgram, DoFNearCoCBlurProgram, DepthOfFieldAdvancedProgram, DoFFillProgram, BloomSelectProgram, BloomDownsampleBlurProgram, BloomUpsampleBlurProgram, BloomMaxProgram, BloomCompositeProgram, RadialGlowMaskProgram, RadialGlowLuminanceProgram, SunOcclusionDownsampleProgram, SceneBrightnessPackProgram, ZOnlyMapChunkProgram, ZOnlyMapChunkPlanesProgram, ZOnlyProgram, HiZReprojectProgram, HiZFillHoleProgram, HiZBuildProgram, HiZCullProgram, DebugDrawMapProgram, Batcher2DProgram 
2026-01-28 09:51:33.5742|INFO|HytaleClient.Application.AppGameLoading|Starting authenticated connection flow 
2026-01-28 09:51:33.9887|INFO|HytaleClient.Networking.PacketHandler|Received AuthGrant with server identity token 
2026-01-28 09:51:33.9887|INFO|HytaleClient.Networking.PacketHandler|Validating server identity token... 
2026-01-28 09:51:33.9887|DEBUG|HytaleClient.Utils.SentryHelper|Fetching JWKS from Session Service... 
2026-01-28 09:51:34.0750|INFO|HytaleClient.Utils.SentryHelper|Successfully fetched JWKS with 1 keys 
2026-01-28 09:51:34.0750|DEBUG||JWKS loaded with 1 keys (cached permanently) 
2026-01-28 09:51:34.0750|DEBUG||Ed25519 signature verified successfully 
2026-01-28 09:51:34.0750|DEBUG||User token validated successfully for c013444c-04d3-4ef1-beaa-1533fd7a3034 
2026-01-28 09:51:34.0750|INFO|HytaleClient.Networking.PacketHandler|Server identity validated: CodeCreature (c013444c-04d3-4ef1-beaa-1533fd7a3034, scope: hytale:server) 
2026-01-28 09:51:34.0750|INFO|HytaleClient.Networking.PacketHandler|Requesting auth grant for server 
2026-01-28 09:51:34.0750|DEBUG|HytaleClient.Utils.SentryHelper|Requesting auth grant for server using identity token 
2026-01-28 09:51:34.1529|INFO|HytaleClient.Utils.SentryHelper|Successfully obtained auth grant for server 
2026-01-28 09:51:34.1529|INFO|HytaleClient.Networking.PacketHandler|Obtained auth grant for server 
2026-01-28 09:51:34.1529|DEBUG|HytaleClient.Utils.SentryHelper|Exchanging authorization grant for access token 
2026-01-28 09:51:34.2381|INFO|HytaleClient.Utils.SentryHelper|Successfully obtained access token 
2026-01-28 09:51:34.2381|INFO|HytaleClient.Networking.PacketHandler|Successfully obtained JWT access token, sending AuthToken to server 
2026-01-28 09:51:34.3214|INFO|HytaleClient.Networking.PacketHandler|Received ServerAuthToken, validating server access token... 
2026-01-28 09:51:34.3214|DEBUG||Ed25519 signature verified successfully 
2026-01-28 09:51:34.3214|DEBUG||Certificate binding validated for server 
2026-01-28 09:51:34.3214|DEBUG||Server access token validated successfully for c013444c-04d3-4ef1-beaa-1533fd7a3034 
2026-01-28 09:51:34.3214|INFO|HytaleClient.Networking.PacketHandler|Mutual authentication complete! Server identity confirmed: CodeCreature (c013444c-04d3-4ef1-beaa-1533fd7a3034) 
2026-01-28 09:51:34.3214|INFO|HytaleClient.Networking.PacketHandler|No password required - authentication complete 
2026-01-28 09:51:34.3938|INFO|HytaleClient.Networking.PacketHandler|Stage WaitingForSetup -> SettingUp took 819ms 
2026-01-28 09:51:34.4018|INFO|HytaleClient.Networking.PacketHandler|Handle RequiredAssets at 827ms 
2026-01-28 09:51:34.4203|INFO|HytaleClient.Networking.PacketHandler|Finished handling RequiredAssets, took 19ms 
2026-01-28 09:51:34.4507|INFO|HytaleClient.Networking.PacketHandler|Received AssetType RepulsionConfig at 876ms 
2026-01-28 09:51:34.4507|INFO|HytaleClient.Networking.PacketHandler|Finished handling AssetType RepulsionConfig took 0ms 
2026-01-28 09:51:34.4507|INFO|HytaleClient.Networking.PacketHandler|Received AssetType ItemSoundSets at 877ms 
2026-01-28 09:51:34.4507|INFO|HytaleClient.Networking.PacketHandler|Finished handling AssetType ItemSoundSets took 0ms 
2026-01-28 09:51:34.5246|INFO|HytaleClient.Networking.PacketHandler|Received AssetType BlockTypes at 950ms 
2026-01-28 09:51:34.5246|INFO|HytaleClient.Networking.PacketHandler|Finished handling AssetType BlockTypes took 0ms 
2026-01-28 09:51:34.5246|INFO|HytaleClient.Networking.PacketHandler|Received AssetType FluidFX at 951ms 
2026-01-28 09:51:34.5246|INFO|HytaleClient.Networking.PacketHandler|Finished handling AssetType FluidFX took 0ms 
2026-01-28 09:51:34.5489|INFO|HytaleClient.Networking.PacketHandler|Received AssetType Items at 974ms 
2026-01-28 09:51:34.5489|INFO|HytaleClient.Networking.PacketHandler|Finished handling AssetType Items took 1ms 
2026-01-28 09:51:34.5489|INFO|HytaleClient.Networking.PacketHandler|Received AssetType Trails at 975ms 
2026-01-28 09:51:34.5489|INFO|HytaleClient.Networking.PacketHandler|Finished handling AssetType Trails took 0ms 
2026-01-28 09:51:34.5489|INFO|HytaleClient.Networking.PacketHandler|Received AssetType TagPatterns at 975ms 
2026-01-28 09:51:34.5489|INFO|HytaleClient.Networking.PacketHandler|Finished handling AssetType TagPatterns took 0ms 
2026-01-28 09:51:34.5489|INFO|HytaleClient.Networking.PacketHandler|Received AssetType Recipes at 977ms 
2026-01-28 09:51:34.5489|INFO|HytaleClient.Networking.PacketHandler|Finished handling AssetType Recipes took 1ms 
2026-01-28 09:51:34.5489|INFO|HytaleClient.Networking.PacketHandler|Received AssetType BlockHitboxes at 978ms 
2026-01-28 09:51:34.5489|INFO|HytaleClient.Networking.PacketHandler|Finished handling AssetType BlockHitboxes took 1ms 
2026-01-28 09:51:34.5489|INFO|HytaleClient.Networking.PacketHandler|Received AssetType ResourceTypes at 979ms 
2026-01-28 09:51:34.5489|INFO|HytaleClient.Networking.PacketHandler|Finished handling AssetType ResourceTypes took 0ms 
2026-01-28 09:51:34.5489|INFO|HytaleClient.Networking.PacketHandler|Received AssetType ItemCategories at 980ms 
2026-01-28 09:51:34.5489|INFO|HytaleClient.Networking.PacketHandler|Finished handling AssetType ItemCategories took 0ms 
2026-01-28 09:51:34.5727|INFO|HytaleClient.Networking.PacketHandler|Received AssetType Weather at 998ms 
2026-01-28 09:51:34.5727|INFO|HytaleClient.Networking.PacketHandler|Finished handling AssetType Weather took 1ms 
2026-01-28 09:51:34.5727|INFO|HytaleClient.Networking.PacketHandler|Received AssetType ItemAnimations at 1005ms 
2026-01-28 09:51:34.5727|INFO|HytaleClient.Networking.PacketHandler|Finished handling AssetType ItemAnimations took 0ms 
2026-01-28 09:51:34.5727|INFO|HytaleClient.Networking.PacketHandler|Received AssetType AmbienceFX at 1006ms 
2026-01-28 09:51:34.5727|INFO|HytaleClient.Networking.PacketHandler|Finished handling AssetType AmbienceFX took 0ms 
2026-01-28 09:51:34.6039|INFO|HytaleClient.Networking.PacketHandler|Received AssetType ParticleSpawners at 1029ms 
2026-01-28 09:51:34.6039|INFO|HytaleClient.Networking.PacketHandler|Finished handling AssetType ParticleSpawners took 1ms 
2026-01-28 09:51:34.6641|INFO|HytaleClient.Networking.PacketHandler|Received AssetType Interactions at 1090ms 
2026-01-28 09:51:34.6641|INFO|HytaleClient.Networking.PacketHandler|Finished handling AssetType Interactions took 1ms 
2026-01-28 09:51:34.6641|INFO|HytaleClient.Networking.PacketHandler|Received AssetType SoundEvents at 1093ms 
2026-01-28 09:51:34.6641|INFO|HytaleClient.Networking.PacketHandler|Finished handling AssetType SoundEvents took 0ms 
2026-01-28 09:51:34.6641|INFO|HytaleClient.Networking.PacketHandler|Received AssetType BlockSets at 1093ms 
2026-01-28 09:51:34.6641|INFO|HytaleClient.Networking.PacketHandler|Finished handling AssetType BlockSets took 0ms 
2026-01-28 09:51:34.6641|INFO|HytaleClient.Networking.PacketHandler|Received AssetType EntityEffects at 1097ms 
2026-01-28 09:51:34.6641|INFO|HytaleClient.Networking.PacketHandler|Finished handling AssetType EntityEffects took 0ms 
2026-01-28 09:51:34.6641|INFO|HytaleClient.Networking.PacketHandler|Received AssetType BlockBreakingDecals at 1097ms 
2026-01-28 09:51:34.6641|INFO|HytaleClient.Networking.PacketHandler|Finished handling AssetType BlockBreakingDecals took 0ms 
2026-01-28 09:51:34.6641|INFO|HytaleClient.Networking.PacketHandler|Received AssetType BlockSoundSets at 1098ms 
2026-01-28 09:51:34.6641|INFO|HytaleClient.Networking.PacketHandler|Finished handling AssetType BlockSoundSets took 0ms 
2026-01-28 09:51:34.6641|INFO|HytaleClient.Networking.PacketHandler|Received AssetType ItemReticles at 1099ms 
2026-01-28 09:51:34.6641|INFO|HytaleClient.Networking.PacketHandler|Finished handling AssetType ItemReticles took 0ms 
2026-01-28 09:51:34.6641|INFO|HytaleClient.Networking.PacketHandler|Received AssetType Fluids at 1099ms 
2026-01-28 09:51:34.6641|INFO|HytaleClient.Networking.PacketHandler|Finished handling AssetType Fluids took 0ms 
2026-01-28 09:51:34.6641|INFO|HytaleClient.Networking.PacketHandler|Received AssetType EqualizerEffects at 1100ms 
2026-01-28 09:51:34.6641|INFO|HytaleClient.Networking.PacketHandler|Finished handling AssetType EqualizerEffects took 0ms 
2026-01-28 09:51:34.6641|INFO|HytaleClient.Networking.PacketHandler|Received AssetType EntityUIComponents at 1101ms 
2026-01-28 09:51:34.6641|INFO|HytaleClient.Networking.PacketHandler|Finished handling AssetType EntityUIComponents took 0ms 
2026-01-28 09:51:34.6641|INFO|HytaleClient.Networking.PacketHandler|Received AssetType BlockTypes, Items at 1102ms 
2026-01-28 09:51:34.6641|INFO|HytaleClient.Networking.PacketHandler|Received AssetType ItemQuality at 1103ms 
2026-01-28 09:51:34.6641|INFO|HytaleClient.Networking.PacketHandler|Finished handling AssetType ItemQuality took 0ms 
2026-01-28 09:51:34.6641|INFO|HytaleClient.Networking.PacketHandler|Received AssetType UnarmedInteractions at 1103ms 
2026-01-28 09:51:34.6641|INFO|HytaleClient.Networking.PacketHandler|Finished handling AssetType UnarmedInteractions took 0ms 
2026-01-28 09:51:34.6641|INFO|HytaleClient.Networking.PacketHandler|Received AssetType AudioCategories at 1103ms 
2026-01-28 09:51:34.6641|INFO|HytaleClient.Networking.PacketHandler|Finished handling AssetType AudioCategories took 0ms 
2026-01-28 09:51:34.6641|INFO|HytaleClient.Networking.PacketHandler|Received AssetType SoundSets at 1104ms 
2026-01-28 09:51:34.6641|INFO|HytaleClient.Networking.PacketHandler|Finished handling AssetType SoundSets took 0ms 
2026-01-28 09:51:34.6854|INFO|HytaleClient.Networking.PacketHandler|Received AssetType ParticleSystems at 1111ms 
2026-01-28 09:51:34.6854|INFO|HytaleClient.Networking.PacketHandler|Finished handling AssetType ParticleSystems took 0ms 
2026-01-28 09:51:34.6854|INFO|HytaleClient.Networking.PacketHandler|Received AssetType ModelVFX at 1111ms 
2026-01-28 09:51:34.6854|INFO|HytaleClient.Networking.PacketHandler|Finished handling AssetType ModelVFX took 0ms 
2026-01-28 09:51:34.6854|INFO|HytaleClient.Networking.PacketHandler|Received AssetType FieldcraftCategories at 1113ms 
2026-01-28 09:51:34.6854|INFO|HytaleClient.Networking.PacketHandler|Finished handling AssetType FieldcraftCategories took 1ms 
2026-01-28 09:51:34.6854|INFO|HytaleClient.Networking.PacketHandler|Received AssetType EntityStatTypes at 1114ms 
2026-01-28 09:51:34.6854|INFO|HytaleClient.Networking.PacketHandler|Finished handling AssetType EntityStatTypes took 0ms 
2026-01-28 09:51:34.6854|INFO|HytaleClient.Networking.PacketHandler|Received AssetType HitboxCollisionConfig at 1114ms 
2026-01-28 09:51:34.6854|INFO|HytaleClient.Networking.PacketHandler|Finished handling AssetType HitboxCollisionConfig took 0ms 
2026-01-28 09:51:34.7176|INFO|HytaleClient.Networking.PacketHandler|Received AssetType RootInteractions at 1143ms 
2026-01-28 09:51:34.7176|INFO|HytaleClient.Networking.PacketHandler|Finished handling AssetType RootInteractions took 2ms 
2026-01-28 09:51:34.7176|INFO|HytaleClient.Networking.PacketHandler|Received AssetType ReverbEffects at 1145ms 
2026-01-28 09:51:34.7176|INFO|HytaleClient.Networking.PacketHandler|Finished handling AssetType ReverbEffects took 0ms 
2026-01-28 09:51:34.7176|INFO|HytaleClient.Networking.PacketHandler|Received AssetType Environment at 1145ms 
2026-01-28 09:51:34.7176|INFO|HytaleClient.Networking.PacketHandler|Finished handling AssetType Environment took 0ms 
2026-01-28 09:51:34.7176|INFO|HytaleClient.Networking.PacketHandler|Received AssetType BlockParticleSets at 1145ms 
2026-01-28 09:51:34.7176|INFO|HytaleClient.Networking.PacketHandler|Finished handling AssetType BlockParticleSets took 0ms 
2026-01-28 09:51:34.7357|INFO|HytaleClient.Networking.PacketHandler|Received AssetType Translations at 1161ms 
2026-01-28 09:51:34.7357|INFO|HytaleClient.Networking.PacketHandler|Finished handling AssetType Translations took 0ms 
2026-01-28 09:51:34.7357|INFO|HytaleClient.Networking.PacketHandler|Stage SettingUp -> Playing took 341ms 
2026-01-28 09:51:34.7357|INFO|HytaleClient.Networking.PacketHandler|PrepareAmbienceFX: 0ms 
2026-01-28 09:51:34.7357|INFO|HytaleClient.Application.Program|Loading world: PrepareRootInterations: 1ms 
2026-01-28 09:51:34.7357|INFO|HytaleClient.Application.Program|Loading world: PrepareInterations: 1ms 
2026-01-28 09:51:34.7357|INFO|HytaleClient.Networking.PacketHandler|PrepareBlockOverlayAtlas: 4ms 
2026-01-28 09:51:34.7646|INFO|HytaleClient.Networking.PacketHandler|PrepareWorldMap: 27ms 
2026-01-28 09:51:35.0041|INFO|HytaleClient.Networking.PacketHandler|PrepareParticles: 268ms 
2026-01-28 09:51:35.0803|INFO|HytaleClient.Networking.PacketHandler|PrepareItemAnimations: 344ms 
2026-01-28 09:51:35.2953|INFO|HytaleClient.Networking.PacketHandler|PrepareItems: 559ms 
2026-01-28 09:51:35.3477|INFO|HytaleClient.Networking.PacketHandler|PrepareBlockTypes: 611 ms 
2026-01-28 09:51:35.3477|WARN|HytaleClient.Networking.PacketHandler|All rendered chunks were discarded. 
2026-01-28 09:51:35.3477|WARN|HytaleClient.Networking.PacketHandler|All rendered chunks were discarded. 
2026-01-28 09:51:35.4110|INFO|HytaleClient.Networking.PacketHandler|PrepareEntitiesAtlas: 675ms 
2026-01-28 09:51:35.4620|INFO|HytaleClient.Networking.PacketHandler|Received JoinWorldPacket 
2026-01-28 09:51:35.7284|INFO|HytaleClient.Application.AppGameLoading|GameInstance.OnSetupComplete() 
2026-01-28 09:51:35.7284|INFO|HytaleClient.Networking.PacketHandler|Global: 998.4431ms 
2026-01-28 09:51:35.7284|INFO|HytaleClient.Networking.PacketHandler|ProcessJoinWorldPacket: FadeInOut is False 
2026-01-28 09:51:35.7284|INFO|HytaleClient.Application.AppGameLoading|GameInstance.PrepareJoiningWorld() 
2026-01-28 09:51:35.7284|INFO|HytaleClient.Application.AppGameLoading|GameInstance.StartJoiningWorld() 
2026-01-28 09:51:36.0843|WARN|HytaleClient.Networking.PacketHandler|A Equipment packet had been received on the local player 
2026-01-28 09:51:36.0843|WARN|HytaleClient.Networking.PacketHandler|A Equipment packet had been received on the local player 
2026-01-28 09:51:36.6529|INFO|HytaleClient.Application.AppGameLoading|GameInstance.OnWorldJoined() 
2026-01-28 09:51:36.6529|INFO|HytaleClient.Application.AppMainMenu|Changing from loading stage Loading to Complete 
2026-01-28 09:51:36.6529|INFO|HytaleClient.Application.Program|Changing from Stage GameLoading to InGame 
2026-01-28 09:51:36.7370|DEBUG|HytaleClient.Application.Program|Telemetry packet sent: event (seq: 51) 
2026-01-28 09:51:36.8122|DEBUG|HytaleClient.Application.Program|Telemetry packet sent: event (seq: 52) 
2026-01-28 09:51:36.8469|INFO|HytaleClient.Application.AppMainMenu|[AssetUpdate] BlockTypes: Starting AddOrUpdate 
2026-01-28 09:51:37.4013|WARN|HytaleClient.Networking.PacketHandler|All rendered chunks were discarded. 
2026-01-28 09:51:37.4224|INFO|HytaleClient.Application.AppMainMenu|[AssetUpdate] BlockTypes: Finished AddOrUpdate in 575ms 
2026-01-28 09:51:37.4224|WARN|HytaleClient.Networking.PacketHandler|A Equipment packet had been received on the local player 
2026-01-28 09:51:39.5765|INFO|HytaleClient.Application.AppMainMenu|[AssetUpdate] BlockTypes: Starting AddOrUpdate 
2026-01-28 09:51:39.6398|INFO|HytaleClient.Application.AppMainMenu|[AssetUpdate] BlockTypes: Starting AddOrUpdate 
2026-01-28 09:51:39.6398|INFO|HytaleClient.Application.AppMainMenu|[AssetUpdate] BlockTypes: Finished AddOrUpdate in 66ms 
2026-01-28 09:51:39.7158|INFO|HytaleClient.Application.AppMainMenu|[AssetUpdate] BlockTypes: Starting AddOrUpdate 
2026-01-28 09:51:39.7367|INFO|HytaleClient.Application.AppMainMenu|[AssetUpdate] BlockTypes: Finished AddOrUpdate in 96ms 
2026-01-28 09:51:39.7690|INFO|HytaleClient.Application.AppMainMenu|[AssetUpdate] BlockTypes: Starting AddOrUpdate 
2026-01-28 09:51:39.7815|INFO|HytaleClient.Application.AppMainMenu|[AssetUpdate] BlockTypes: Finished AddOrUpdate in 65ms 
2026-01-28 09:51:39.8412|ERROR|HytaleClient.Networking.PacketHandler|Exception when handling packet 40 UpdateBlockTypes: System.Collections.Generic.KeyNotFoundException: The given key '949650efc4b3cd622384959ae4f800958f3756ebe3098c62ffde1c2a47bd294c' was not present in the dictionary.
   at HytaleClient!<BaseAddress>+0x137cca4
   at HytaleClient!<BaseAddress>+0x366218
   at HytaleClient!<BaseAddress>+0x364d20
   at HytaleClient!<BaseAddress>+0x1b1a70
   at HytaleClient!<BaseAddress>+0x1b9b39
   at HytaleClient!<BaseAddress>+0x1b8643
   at HytaleClient!<BaseAddress>+0x1b7d23
2026-01-28 09:51:39.8412|INFO|HytaleClient.Utils.SentryHelper|Sentry event captured: 137b7873c9a44a4682ccb1a499e5af8c 
2026-01-28 09:51:40.0123|INFO|HytaleClient.Application.AppInGame|Disconnected with error: 
2026-01-28 09:51:40.0123|ERROR|HytaleClient.Application.AppInGame|System.Collections.Generic.KeyNotFoundException: The given key '949650efc4b3cd622384959ae4f800958f3756ebe3098c62ffde1c2a47bd294c' was not present in the dictionary. System.Collections.Generic.KeyNotFoundException: The given key '949650efc4b3cd622384959ae4f800958f3756ebe3098c62ffde1c2a47bd294c' was not present in the dictionary.
   at HytaleClient!<BaseAddress>+0x137cca4
   at HytaleClient!<BaseAddress>+0x366218
   at HytaleClient!<BaseAddress>+0x364d20
   at HytaleClient!<BaseAddress>+0x1b1a70
   at HytaleClient!<BaseAddress>+0x1b9b39
   at HytaleClient!<BaseAddress>+0x1b8643
   at HytaleClient!<BaseAddress>+0x1b7d23
2026-01-28 09:51:40.0123|INFO|HytaleClient.Application.Program|Changing from Stage InGame to Disconnection 
2026-01-28 09:51:40.0616|INFO|HytaleClient.Application.Program|Generating new self-signed certificate... 
2026-01-28 09:51:40.2301|DEBUG|HytaleClient.Application.Program|Telemetry packet sent: event (seq: 53) 
2026-01-28 09:51:40.2442|INFO|HytaleClient.Application.Program|Certificate generated successfully in 182.473ms. Fingerprint: mf1CymlBpsprjeD8IsiGD74DXZ4Z0BkAlvaUvN0V2R8 
2026-01-28 09:51:40.3041|DEBUG|HytaleClient.Application.Program|Telemetry packet sent: event (seq: 54) 
2026-01-28 09:51:44.3325|INFO|HytaleClient.Application.Program|Changing from Stage Disconnection to MainMenu 
2026-01-28 09:51:44.4781|DEBUG|HytaleClient.Application.Program|Telemetry packet sent: event (seq: 55) 
2026-01-28 09:51:44.5109|INFO|HytaleClient.Application.Program|Built 75 GPU programs successfully. 
2026-01-28 09:51:44.5109|DEBUG|HytaleClient.Application.Program|GPU programs: BasicProgram, BasicFullScreenProgram, BasicFogProgram, BlockyModelForwardProgram, BlockyModelDitheringProgram, BlockyModelProgram, FirstPersonBlockyModelProgram, BlockyModelDistortionProgram, FirstPersonDistortionBlockyModelProgram, FirstPersonClippingBlockyModelProgram, MapChunkNearOpaqueProgram, MapChunkNearAlphaTestedProgram, MapChunkFarOpaqueProgram, MapChunkFarAlphaTestedProgram, MapChunkAlphaBlendedProgram, MapBlockAnimatedProgram, MapBlockAnimatedForwardProgram, SkyProgram, CloudsProgram, TextProgram, ParticleProgram, ParticleErosionProgram, ParticleDistortionProgram, ForceFieldProgram, BuilderToolProgram, WorldMapProgram, PostEffectProgram, InventoryPostEffectProgram, MainMenuPostEffectProgram, TemporalAAProgram, OITCompositeProgram, CubemapProgram, ZDownsampleProgram, LinearZDownsampleProgram, EdgeDetectionProgram, LinearZProgram, LightMixProgram, LightProgram, LightLowResProgram, LightClusteredProgram, MapChunkShadowMapProgram, MapBlockAnimatedShadowMapProgram, BlockyModelShadowMapProgram, BlockyModelOcclusionMapProgram, DeferredShadowProgram, SSAOProgram, BlurSSAOAndShadowProgram, DeferredProgram, ScreenBlitProgram, BlurProgram, DoFBlurProgram, DoFCircleOfConfusionProgram, DoFDownsampleProgram, DoFNearCoCMaxProgram, DoFNearCoCBlurProgram, DepthOfFieldAdvancedProgram, DoFFillProgram, BloomSelectProgram, BloomDownsampleBlurProgram, BloomUpsampleBlurProgram, BloomMaxProgram, BloomCompositeProgram, RadialGlowMaskProgram, RadialGlowLuminanceProgram, SunOcclusionDownsampleProgram, SceneBrightnessPackProgram, ZOnlyMapChunkProgram, ZOnlyMapChunkPlanesProgram, ZOnlyProgram, HiZReprojectProgram, HiZFillHoleProgram, HiZBuildProgram, HiZCullProgram, DebugDrawMapProgram, Batcher2DProgram 
2026-01-28 09:52:46.4297|DEBUG|HytaleClient.Application.Program|Telemetry packet sent: heartbeat (seq: 56) 
2026-01-28 09:53:27.3450|INFO|HytaleClient.Application.AppStartup|Connecting to multiplayer server "Local Host" at localhost 
2026-01-28 09:53:27.4991|INFO|HytaleClient.Application.AppMainMenu|Connecting to server localhost:5520 
2026-01-28 09:53:27.4991|INFO|HytaleClient.Application.Program|Changing from Stage MainMenu to GameLoading 
2026-01-28 09:53:27.4991|INFO||Using mTLS with client certificate (fingerprint: mf1CymlBpsprjeD8IsiGD74DXZ4Z0BkAlvaUvN0V2R8) 
2026-01-28 09:53:27.4991|INFO||Opening Quic Connection to localhost:5520 
2026-01-28 09:53:27.5758|DEBUG||Game server requesting client certificate, providing: mf1CymlBpsprjeD8IsiGD74DXZ4Z0BkAlvaUvN0V2R8 
2026-01-28 09:53:27.6227|INFO||Server certificate fingerprint captured: dmegquwzM15aleHRy2u5ANbfs_kihszNdevWDycwCa8 
2026-01-28 09:53:27.6227|INFO||Accepting self-signed server certificate: CN=localhost 
2026-01-28 09:53:27.6227|INFO||Waiting for Quic Stream from localhost:5520 
2026-01-28 09:53:27.6227|INFO||Quic Stream connected to localhost:5520 
2026-01-28 09:53:27.6735|DEBUG|HytaleClient.Application.Program|Telemetry packet sent: event (seq: 57) 
2026-01-28 09:53:27.7321|INFO|HytaleClient.Application.AppMainMenu|Changing from loading stage Initial to Connecting 
2026-01-28 09:53:27.7321|INFO|HytaleClient.Application.AppMainMenu|Changing from loading stage Connecting to Loading 
2026-01-28 09:53:27.8064|DEBUG|HytaleClient.Application.Program|Telemetry packet sent: event (seq: 58) 
2026-01-28 09:53:27.8229|INFO|HytaleClient.Application.Program|Built 75 GPU programs successfully. 
2026-01-28 09:53:27.8229|DEBUG|HytaleClient.Application.Program|GPU programs: BasicProgram, BasicFullScreenProgram, BasicFogProgram, BlockyModelForwardProgram, BlockyModelDitheringProgram, BlockyModelProgram, FirstPersonBlockyModelProgram, BlockyModelDistortionProgram, FirstPersonDistortionBlockyModelProgram, FirstPersonClippingBlockyModelProgram, MapChunkNearOpaqueProgram, MapChunkNearAlphaTestedProgram, MapChunkFarOpaqueProgram, MapChunkFarAlphaTestedProgram, MapChunkAlphaBlendedProgram, MapBlockAnimatedProgram, MapBlockAnimatedForwardProgram, SkyProgram, CloudsProgram, TextProgram, ParticleProgram, ParticleErosionProgram, ParticleDistortionProgram, ForceFieldProgram, BuilderToolProgram, WorldMapProgram, PostEffectProgram, InventoryPostEffectProgram, MainMenuPostEffectProgram, TemporalAAProgram, OITCompositeProgram, CubemapProgram, ZDownsampleProgram, LinearZDownsampleProgram, EdgeDetectionProgram, LinearZProgram, LightMixProgram, LightProgram, LightLowResProgram, LightClusteredProgram, MapChunkShadowMapProgram, MapBlockAnimatedShadowMapProgram, BlockyModelShadowMapProgram, BlockyModelOcclusionMapProgram, DeferredShadowProgram, SSAOProgram, BlurSSAOAndShadowProgram, DeferredProgram, ScreenBlitProgram, BlurProgram, DoFBlurProgram, DoFCircleOfConfusionProgram, DoFDownsampleProgram, DoFNearCoCMaxProgram, DoFNearCoCBlurProgram, DepthOfFieldAdvancedProgram, DoFFillProgram, BloomSelectProgram, BloomDownsampleBlurProgram, BloomUpsampleBlurProgram, BloomMaxProgram, BloomCompositeProgram, RadialGlowMaskProgram, RadialGlowLuminanceProgram, SunOcclusionDownsampleProgram, SceneBrightnessPackProgram, ZOnlyMapChunkProgram, ZOnlyMapChunkPlanesProgram, ZOnlyProgram, HiZReprojectProgram, HiZFillHoleProgram, HiZBuildProgram, HiZCullProgram, DebugDrawMapProgram, Batcher2DProgram 
2026-01-28 09:53:27.9614|INFO|HytaleClient.Application.AppGameLoading|Starting authenticated connection flow 
2026-01-28 09:53:28.4292|INFO|HytaleClient.Networking.PacketHandler|Received AuthGrant with server identity token 
2026-01-28 09:53:28.4292|INFO|HytaleClient.Networking.PacketHandler|Validating server identity token... 
2026-01-28 09:53:28.4292|DEBUG|HytaleClient.Utils.SentryHelper|Fetching JWKS from Session Service... 
2026-01-28 09:53:28.5291|INFO|HytaleClient.Utils.SentryHelper|Successfully fetched JWKS with 1 keys 
2026-01-28 09:53:28.5291|DEBUG||JWKS loaded with 1 keys (cached permanently) 
2026-01-28 09:53:28.5291|DEBUG||Ed25519 signature verified successfully 
2026-01-28 09:53:28.5291|DEBUG||User token validated successfully for c013444c-04d3-4ef1-beaa-1533fd7a3034 
2026-01-28 09:53:28.5291|INFO|HytaleClient.Networking.PacketHandler|Server identity validated: CodeCreature (c013444c-04d3-4ef1-beaa-1533fd7a3034, scope: hytale:server) 
2026-01-28 09:53:28.5291|INFO|HytaleClient.Networking.PacketHandler|Requesting auth grant for server 
2026-01-28 09:53:28.5291|DEBUG|HytaleClient.Utils.SentryHelper|Requesting auth grant for server using identity token 
2026-01-28 09:53:28.6179|INFO|HytaleClient.Utils.SentryHelper|Successfully obtained auth grant for server 
2026-01-28 09:53:28.6179|INFO|HytaleClient.Networking.PacketHandler|Obtained auth grant for server 
2026-01-28 09:53:28.6179|DEBUG|HytaleClient.Utils.SentryHelper|Exchanging authorization grant for access token 
2026-01-28 09:53:28.7074|INFO|HytaleClient.Utils.SentryHelper|Successfully obtained access token 
2026-01-28 09:53:28.7074|INFO|HytaleClient.Networking.PacketHandler|Successfully obtained JWT access token, sending AuthToken to server 
2026-01-28 09:53:28.7923|INFO|HytaleClient.Networking.PacketHandler|Received ServerAuthToken, validating server access token... 
2026-01-28 09:53:28.7923|DEBUG||Ed25519 signature verified successfully 
2026-01-28 09:53:28.7923|DEBUG||Certificate binding validated for server 
2026-01-28 09:53:28.7923|DEBUG||Server access token validated successfully for c013444c-04d3-4ef1-beaa-1533fd7a3034 
2026-01-28 09:53:28.7923|INFO|HytaleClient.Networking.PacketHandler|Mutual authentication complete! Server identity confirmed: CodeCreature (c013444c-04d3-4ef1-beaa-1533fd7a3034) 
2026-01-28 09:53:28.7923|INFO|HytaleClient.Networking.PacketHandler|No password required - authentication complete 
2026-01-28 09:53:28.8718|INFO|HytaleClient.Networking.PacketHandler|Stage WaitingForSetup -> SettingUp took 910ms 
2026-01-28 09:53:28.8797|INFO|HytaleClient.Networking.PacketHandler|Handle RequiredAssets at 918ms 
2026-01-28 09:53:28.8971|INFO|HytaleClient.Networking.PacketHandler|Finished handling RequiredAssets, took 17ms 
2026-01-28 09:53:28.9138|INFO|HytaleClient.Networking.PacketHandler|Received AssetType RepulsionConfig at 952ms 
2026-01-28 09:53:28.9138|INFO|HytaleClient.Networking.PacketHandler|Finished handling AssetType RepulsionConfig took 0ms 
2026-01-28 09:53:28.9138|INFO|HytaleClient.Networking.PacketHandler|Received AssetType ItemSoundSets at 953ms 
2026-01-28 09:53:28.9138|INFO|HytaleClient.Networking.PacketHandler|Finished handling AssetType ItemSoundSets took 0ms 
2026-01-28 09:53:28.9859|INFO|HytaleClient.Networking.PacketHandler|Received AssetType BlockTypes at 1024ms 
2026-01-28 09:53:28.9859|INFO|HytaleClient.Networking.PacketHandler|Finished handling AssetType BlockTypes took 0ms 
2026-01-28 09:53:28.9859|INFO|HytaleClient.Networking.PacketHandler|Received AssetType FluidFX at 1025ms 
2026-01-28 09:53:28.9859|INFO|HytaleClient.Networking.PacketHandler|Finished handling AssetType FluidFX took 0ms 
2026-01-28 09:53:29.0137|INFO|HytaleClient.Networking.PacketHandler|Received AssetType Items at 1052ms 
2026-01-28 09:53:29.0137|INFO|HytaleClient.Networking.PacketHandler|Finished handling AssetType Items took 0ms 
2026-01-28 09:53:29.0137|INFO|HytaleClient.Networking.PacketHandler|Received AssetType Trails at 1052ms 
2026-01-28 09:53:29.0137|INFO|HytaleClient.Networking.PacketHandler|Finished handling AssetType Trails took 0ms 
2026-01-28 09:53:29.0137|INFO|HytaleClient.Networking.PacketHandler|Received AssetType TagPatterns at 1052ms 
2026-01-28 09:53:29.0137|INFO|HytaleClient.Networking.PacketHandler|Finished handling AssetType TagPatterns took 0ms 
2026-01-28 09:53:29.0137|INFO|HytaleClient.Networking.PacketHandler|Received AssetType Recipes at 1056ms 
2026-01-28 09:53:29.0137|INFO|HytaleClient.Networking.PacketHandler|Finished handling AssetType Recipes took 0ms 
2026-01-28 09:53:29.0137|INFO|HytaleClient.Networking.PacketHandler|Received AssetType BlockHitboxes at 1056ms 
2026-01-28 09:53:29.0137|INFO|HytaleClient.Networking.PacketHandler|Finished handling AssetType BlockHitboxes took 1ms 
2026-01-28 09:53:29.0137|INFO|HytaleClient.Networking.PacketHandler|Received AssetType ResourceTypes at 1057ms 
2026-01-28 09:53:29.0137|INFO|HytaleClient.Networking.PacketHandler|Finished handling AssetType ResourceTypes took 0ms 
2026-01-28 09:53:29.0137|INFO|HytaleClient.Networking.PacketHandler|Received AssetType ItemCategories at 1057ms 
2026-01-28 09:53:29.0137|INFO|HytaleClient.Networking.PacketHandler|Finished handling AssetType ItemCategories took 0ms 
2026-01-28 09:53:29.0319|INFO|HytaleClient.Networking.PacketHandler|Received AssetType Weather at 1070ms 
2026-01-28 09:53:29.0319|INFO|HytaleClient.Networking.PacketHandler|Finished handling AssetType Weather took 1ms 
2026-01-28 09:53:29.0319|INFO|HytaleClient.Networking.PacketHandler|Received AssetType ItemAnimations at 1081ms 
2026-01-28 09:53:29.0319|INFO|HytaleClient.Networking.PacketHandler|Finished handling AssetType ItemAnimations took 0ms 
2026-01-28 09:53:29.0319|INFO|HytaleClient.Networking.PacketHandler|Received AssetType AmbienceFX at 1081ms 
2026-01-28 09:53:29.0319|INFO|HytaleClient.Networking.PacketHandler|Finished handling AssetType AmbienceFX took 0ms 
2026-01-28 09:53:29.0636|INFO|HytaleClient.Networking.PacketHandler|Received AssetType ParticleSpawners at 1102ms 
2026-01-28 09:53:29.0636|INFO|HytaleClient.Networking.PacketHandler|Finished handling AssetType ParticleSpawners took 0ms 
2026-01-28 09:53:29.1408|INFO|HytaleClient.Networking.PacketHandler|Received AssetType Interactions at 1179ms 
2026-01-28 09:53:29.1408|INFO|HytaleClient.Networking.PacketHandler|Finished handling AssetType Interactions took 0ms 
2026-01-28 09:53:29.1408|INFO|HytaleClient.Networking.PacketHandler|Received AssetType SoundEvents at 1182ms 
2026-01-28 09:53:29.1408|INFO|HytaleClient.Networking.PacketHandler|Finished handling AssetType SoundEvents took 0ms 
2026-01-28 09:53:29.1408|INFO|HytaleClient.Networking.PacketHandler|Received AssetType BlockSets at 1182ms 
2026-01-28 09:53:29.1408|INFO|HytaleClient.Networking.PacketHandler|Finished handling AssetType BlockSets took 0ms 
2026-01-28 09:53:29.1408|INFO|HytaleClient.Networking.PacketHandler|Received AssetType EntityEffects at 1185ms 
2026-01-28 09:53:29.1408|INFO|HytaleClient.Networking.PacketHandler|Finished handling AssetType EntityEffects took 0ms 
2026-01-28 09:53:29.1408|INFO|HytaleClient.Networking.PacketHandler|Received AssetType BlockBreakingDecals at 1186ms 
2026-01-28 09:53:29.1408|INFO|HytaleClient.Networking.PacketHandler|Finished handling AssetType BlockBreakingDecals took 0ms 
2026-01-28 09:53:29.1408|INFO|HytaleClient.Networking.PacketHandler|Received AssetType BlockSoundSets at 1186ms 
2026-01-28 09:53:29.1408|INFO|HytaleClient.Networking.PacketHandler|Finished handling AssetType BlockSoundSets took 0ms 
2026-01-28 09:53:29.1408|INFO|HytaleClient.Networking.PacketHandler|Received AssetType ItemReticles at 1187ms 
2026-01-28 09:53:29.1408|INFO|HytaleClient.Networking.PacketHandler|Finished handling AssetType ItemReticles took 0ms 
2026-01-28 09:53:29.1408|INFO|HytaleClient.Networking.PacketHandler|Received AssetType Fluids at 1188ms 
2026-01-28 09:53:29.1408|INFO|HytaleClient.Networking.PacketHandler|Finished handling AssetType Fluids took 0ms 
2026-01-28 09:53:29.1408|INFO|HytaleClient.Networking.PacketHandler|Received AssetType EqualizerEffects at 1188ms 
2026-01-28 09:53:29.1408|INFO|HytaleClient.Networking.PacketHandler|Finished handling AssetType EqualizerEffects took 0ms 
2026-01-28 09:53:29.1408|INFO|HytaleClient.Networking.PacketHandler|Received AssetType BlockTypes, Items at 1189ms 
2026-01-28 09:53:29.1408|INFO|HytaleClient.Networking.PacketHandler|Received AssetType ItemQuality at 1189ms 
2026-01-28 09:53:29.1408|INFO|HytaleClient.Networking.PacketHandler|Finished handling AssetType ItemQuality took 0ms 
2026-01-28 09:53:29.1408|INFO|HytaleClient.Networking.PacketHandler|Received AssetType UnarmedInteractions at 1191ms 
2026-01-28 09:53:29.1408|INFO|HytaleClient.Networking.PacketHandler|Finished handling AssetType UnarmedInteractions took 0ms 
2026-01-28 09:53:29.1545|INFO|HytaleClient.Networking.PacketHandler|Received AssetType EntityUIComponents at 1193ms 
2026-01-28 09:53:29.1545|INFO|HytaleClient.Networking.PacketHandler|Finished handling AssetType EntityUIComponents took 0ms 
2026-01-28 09:53:29.1545|INFO|HytaleClient.Networking.PacketHandler|Received AssetType AudioCategories at 1193ms 
2026-01-28 09:53:29.1545|INFO|HytaleClient.Networking.PacketHandler|Finished handling AssetType AudioCategories took 0ms 
2026-01-28 09:53:29.1545|INFO|HytaleClient.Networking.PacketHandler|Received AssetType SoundSets at 1194ms 
2026-01-28 09:53:29.1545|INFO|HytaleClient.Networking.PacketHandler|Finished handling AssetType SoundSets took 0ms 
2026-01-28 09:53:29.1545|INFO|HytaleClient.Networking.PacketHandler|Received AssetType ParticleSystems at 1200ms 
2026-01-28 09:53:29.1545|INFO|HytaleClient.Networking.PacketHandler|Finished handling AssetType ParticleSystems took 1ms 
2026-01-28 09:53:29.1545|INFO|HytaleClient.Networking.PacketHandler|Received AssetType ModelVFX at 1201ms 
2026-01-28 09:53:29.1545|INFO|HytaleClient.Networking.PacketHandler|Finished handling AssetType ModelVFX took 0ms 
2026-01-28 09:53:29.1545|INFO|HytaleClient.Networking.PacketHandler|Received AssetType FieldcraftCategories at 1202ms 
2026-01-28 09:53:29.1545|INFO|HytaleClient.Networking.PacketHandler|Finished handling AssetType FieldcraftCategories took 0ms 
2026-01-28 09:53:29.1545|INFO|HytaleClient.Networking.PacketHandler|Received AssetType EntityStatTypes at 1203ms 
2026-01-28 09:53:29.1545|INFO|HytaleClient.Networking.PacketHandler|Finished handling AssetType EntityStatTypes took 0ms 
2026-01-28 09:53:29.1545|INFO|HytaleClient.Networking.PacketHandler|Received AssetType HitboxCollisionConfig at 1203ms 
2026-01-28 09:53:29.1545|INFO|HytaleClient.Networking.PacketHandler|Finished handling AssetType HitboxCollisionConfig took 0ms 
2026-01-28 09:53:29.1885|INFO|HytaleClient.Networking.PacketHandler|Received AssetType RootInteractions at 1227ms 
2026-01-28 09:53:29.1885|INFO|HytaleClient.Networking.PacketHandler|Finished handling AssetType RootInteractions took 1ms 
2026-01-28 09:53:29.1885|INFO|HytaleClient.Networking.PacketHandler|Received AssetType ReverbEffects at 1228ms 
2026-01-28 09:53:29.1885|INFO|HytaleClient.Networking.PacketHandler|Finished handling AssetType ReverbEffects took 0ms 
2026-01-28 09:53:29.1885|INFO|HytaleClient.Networking.PacketHandler|Received AssetType Environment at 1228ms 
2026-01-28 09:53:29.1885|INFO|HytaleClient.Networking.PacketHandler|Finished handling AssetType Environment took 0ms 
2026-01-28 09:53:29.1885|INFO|HytaleClient.Networking.PacketHandler|Received AssetType BlockParticleSets at 1228ms 
2026-01-28 09:53:29.1885|INFO|HytaleClient.Networking.PacketHandler|Finished handling AssetType BlockParticleSets took 0ms 
2026-01-28 09:53:29.2064|INFO|HytaleClient.Networking.PacketHandler|Received AssetType Translations at 1245ms 
2026-01-28 09:53:29.2064|INFO|HytaleClient.Networking.PacketHandler|Finished handling AssetType Translations took 0ms 
2026-01-28 09:53:29.2064|INFO|HytaleClient.Networking.PacketHandler|Stage SettingUp -> Playing took 334ms 
2026-01-28 09:53:29.2064|INFO|HytaleClient.Networking.PacketHandler|PrepareAmbienceFX: 0ms 
2026-01-28 09:53:29.2064|INFO|HytaleClient.Application.Program|Loading world: PrepareRootInterations: 0ms 
2026-01-28 09:53:29.2064|INFO|HytaleClient.Application.Program|Loading world: PrepareInterations: 1ms 
2026-01-28 09:53:29.2064|INFO|HytaleClient.Networking.PacketHandler|PrepareBlockOverlayAtlas: 5ms 
2026-01-28 09:53:29.2308|INFO|HytaleClient.Networking.PacketHandler|PrepareWorldMap: 23ms 
2026-01-28 09:53:29.4626|INFO|HytaleClient.Networking.PacketHandler|PrepareParticles: 255ms 
2026-01-28 09:53:29.5268|INFO|HytaleClient.Networking.PacketHandler|PrepareItemAnimations: 319ms 
2026-01-28 09:53:29.7796|INFO|HytaleClient.Networking.PacketHandler|PrepareItems: 572ms 
2026-01-28 09:53:29.8415|INFO|HytaleClient.Networking.PacketHandler|PrepareBlockTypes: 634 ms 
2026-01-28 09:53:29.8415|WARN|HytaleClient.Networking.PacketHandler|All rendered chunks were discarded. 
2026-01-28 09:53:29.8415|WARN|HytaleClient.Networking.PacketHandler|All rendered chunks were discarded. 
2026-01-28 09:53:29.9017|INFO|HytaleClient.Networking.PacketHandler|PrepareEntitiesAtlas: 695ms 
2026-01-28 09:53:29.9272|INFO|HytaleClient.Networking.PacketHandler|Received JoinWorldPacket 
2026-01-28 09:53:30.2136|INFO|HytaleClient.Application.AppGameLoading|GameInstance.OnSetupComplete() 
2026-01-28 09:53:30.2196|INFO|HytaleClient.Networking.PacketHandler|Global: 1013.0027ms 
2026-01-28 09:53:30.2196|INFO|HytaleClient.Networking.PacketHandler|ProcessJoinWorldPacket: FadeInOut is False 
2026-01-28 09:53:30.2196|INFO|HytaleClient.Application.AppGameLoading|GameInstance.PrepareJoiningWorld() 
2026-01-28 09:53:30.2196|INFO|HytaleClient.Application.AppGameLoading|GameInstance.StartJoiningWorld() 
2026-01-28 09:53:30.5638|WARN|HytaleClient.Networking.PacketHandler|A Equipment packet had been received on the local player 
2026-01-28 09:53:30.5638|WARN|HytaleClient.Networking.PacketHandler|A Equipment packet had been received on the local player 
2026-01-28 09:53:32.2570|INFO|HytaleClient.Application.AppGameLoading|GameInstance.OnWorldJoined() 
2026-01-28 09:53:32.2570|INFO|HytaleClient.Application.AppMainMenu|Changing from loading stage Loading to Complete 
2026-01-28 09:53:32.2570|INFO|HytaleClient.Application.Program|Changing from Stage GameLoading to InGame 
2026-01-28 09:53:32.3901|DEBUG|HytaleClient.Application.Program|Telemetry packet sent: event (seq: 59) 
2026-01-28 09:53:32.4658|DEBUG|HytaleClient.Application.Program|Telemetry packet sent: event (seq: 60) 
2026-01-28 09:53:32.4889|INFO|HytaleClient.Application.AppMainMenu|[AssetUpdate] BlockTypes: Starting AddOrUpdate 
2026-01-28 09:53:32.8511|WARN|HytaleClient.Networking.PacketHandler|All rendered chunks were discarded. 
2026-01-28 09:53:32.8595|INFO|HytaleClient.Application.AppMainMenu|[AssetUpdate] BlockTypes: Finished AddOrUpdate in 370ms 
2026-01-28 09:53:32.8595|WARN|HytaleClient.Networking.PacketHandler|A Equipment packet had been received on the local player 
2026-01-28 09:53:35.6652|INFO|HytaleClient.Application.AppMainMenu|[AssetUpdate] BlockTypes: Starting AddOrUpdate 
2026-01-28 09:53:35.7067|INFO|HytaleClient.Application.AppMainMenu|[AssetUpdate] BlockTypes: Finished AddOrUpdate in 41ms 
2026-01-28 09:53:38.4522|INFO|HytaleClient.Application.AppMainMenu|[AssetUpdate] BlockTypes: Starting AddOrUpdate 
2026-01-28 09:53:38.4997|INFO|HytaleClient.Application.AppMainMenu|[AssetUpdate] BlockTypes: Finished AddOrUpdate in 47ms 
2026-01-28 09:53:49.9733|INFO|HytaleClient.Application.AppMainMenu|[AssetUpdate] BlockTypes: Starting AddOrUpdate 
2026-01-28 09:53:50.0104|INFO|HytaleClient.Application.AppMainMenu|[AssetUpdate] BlockTypes: Finished AddOrUpdate in 36ms 
2026-01-28 09:53:51.2502|INFO|HytaleClient.Application.Program|Saving settings... 
2026-01-28 09:53:53.4350|INFO|HytaleClient.Application.AppMainMenu|[AssetUpdate] BlockTypes: Starting AddOrUpdate 
2026-01-28 09:53:53.4790|INFO|HytaleClient.Application.AppMainMenu|[AssetUpdate] BlockTypes: Finished AddOrUpdate in 43ms 
2026-01-28 09:53:55.6311|INFO|HytaleClient.Application.Program|Saving settings... 
2026-01-28 09:57:46.4797|DEBUG|HytaleClient.Application.Program|Telemetry packet sent: heartbeat (seq: 61) 
2026-01-28 10:02:46.4963|DEBUG|HytaleClient.Application.Program|Telemetry packet sent: heartbeat (seq: 62) 
2026-01-28 10:07:46.4783|DEBUG|HytaleClient.Application.Program|Telemetry packet sent: heartbeat (seq: 63) 
2026-01-28 10:11:06.4099|INFO|HytaleClient.Application.Program|Changing from Stage InGame to MainMenu 
2026-01-28 10:11:06.6602|INFO|HytaleClient.Application.Program|Generating new self-signed certificate... 
2026-01-28 10:11:06.8714|INFO|HytaleClient.Application.Program|Certificate generated successfully in 211.1084ms. Fingerprint: HG1Ssf3TGLd3VpprNAggi9drb95jgVZ2A631hsYNjBU 
2026-01-28 10:11:06.9716|INFO|HytaleClient.Application.Program|Built 75 GPU programs successfully. 
2026-01-28 10:11:06.9716|DEBUG|HytaleClient.Application.Program|GPU programs: BasicProgram, BasicFullScreenProgram, BasicFogProgram, BlockyModelForwardProgram, BlockyModelDitheringProgram, BlockyModelProgram, FirstPersonBlockyModelProgram, BlockyModelDistortionProgram, FirstPersonDistortionBlockyModelProgram, FirstPersonClippingBlockyModelProgram, MapChunkNearOpaqueProgram, MapChunkNearAlphaTestedProgram, MapChunkFarOpaqueProgram, MapChunkFarAlphaTestedProgram, MapChunkAlphaBlendedProgram, MapBlockAnimatedProgram, MapBlockAnimatedForwardProgram, SkyProgram, CloudsProgram, TextProgram, ParticleProgram, ParticleErosionProgram, ParticleDistortionProgram, ForceFieldProgram, BuilderToolProgram, WorldMapProgram, PostEffectProgram, InventoryPostEffectProgram, MainMenuPostEffectProgram, TemporalAAProgram, OITCompositeProgram, CubemapProgram, ZDownsampleProgram, LinearZDownsampleProgram, EdgeDetectionProgram, LinearZProgram, LightMixProgram, LightProgram, LightLowResProgram, LightClusteredProgram, MapChunkShadowMapProgram, MapBlockAnimatedShadowMapProgram, BlockyModelShadowMapProgram, BlockyModelOcclusionMapProgram, DeferredShadowProgram, SSAOProgram, BlurSSAOAndShadowProgram, DeferredProgram, ScreenBlitProgram, BlurProgram, DoFBlurProgram, DoFCircleOfConfusionProgram, DoFDownsampleProgram, DoFNearCoCMaxProgram, DoFNearCoCBlurProgram, DepthOfFieldAdvancedProgram, DoFFillProgram, BloomSelectProgram, BloomDownsampleBlurProgram, BloomUpsampleBlurProgram, BloomMaxProgram, BloomCompositeProgram, RadialGlowMaskProgram, RadialGlowLuminanceProgram, SunOcclusionDownsampleProgram, SceneBrightnessPackProgram, ZOnlyMapChunkProgram, ZOnlyMapChunkPlanesProgram, ZOnlyProgram, HiZReprojectProgram, HiZFillHoleProgram, HiZBuildProgram, HiZCullProgram, DebugDrawMapProgram, Batcher2DProgram 
2026-01-28 10:11:06.9810|DEBUG|HytaleClient.Application.Program|Telemetry packet sent: event (seq: 64) 
2026-01-28 10:11:09.1682|INFO|HytaleClient.Application.AppStartup|Connecting to multiplayer server "Local Host" at localhost 
2026-01-28 10:11:09.3204|INFO|HytaleClient.Application.AppMainMenu|Connecting to server localhost:5520 
2026-01-28 10:11:09.3204|INFO|HytaleClient.Application.Program|Changing from Stage MainMenu to GameLoading 
2026-01-28 10:11:09.3204|INFO||Using mTLS with client certificate (fingerprint: HG1Ssf3TGLd3VpprNAggi9drb95jgVZ2A631hsYNjBU) 
2026-01-28 10:11:09.3204|INFO||Opening Quic Connection to localhost:5520 
2026-01-28 10:11:09.3204|DEBUG||Game server requesting client certificate, providing: HG1Ssf3TGLd3VpprNAggi9drb95jgVZ2A631hsYNjBU 
2026-01-28 10:11:09.4289|INFO||Server certificate fingerprint captured: a-fCSaJ1HsPQKtW_bBprsxCeNPErO97iof30SVnHUVc 
2026-01-28 10:11:09.4289|INFO||Accepting self-signed server certificate: CN=localhost 
2026-01-28 10:11:09.4289|INFO||Waiting for Quic Stream from localhost:5520 
2026-01-28 10:11:09.4289|INFO||Quic Stream connected to localhost:5520 
2026-01-28 10:11:09.4738|DEBUG|HytaleClient.Application.Program|Telemetry packet sent: event (seq: 65) 
2026-01-28 10:11:09.5402|INFO|HytaleClient.Application.AppMainMenu|Changing from loading stage Initial to Connecting 
2026-01-28 10:11:09.5402|INFO|HytaleClient.Application.AppMainMenu|Changing from loading stage Connecting to Loading 
2026-01-28 10:11:09.6154|DEBUG|HytaleClient.Application.Program|Telemetry packet sent: event (seq: 66) 
2026-01-28 10:11:09.6154|INFO|HytaleClient.Application.Program|Built 75 GPU programs successfully. 
2026-01-28 10:11:09.6154|DEBUG|HytaleClient.Application.Program|GPU programs: BasicProgram, BasicFullScreenProgram, BasicFogProgram, BlockyModelForwardProgram, BlockyModelDitheringProgram, BlockyModelProgram, FirstPersonBlockyModelProgram, BlockyModelDistortionProgram, FirstPersonDistortionBlockyModelProgram, FirstPersonClippingBlockyModelProgram, MapChunkNearOpaqueProgram, MapChunkNearAlphaTestedProgram, MapChunkFarOpaqueProgram, MapChunkFarAlphaTestedProgram, MapChunkAlphaBlendedProgram, MapBlockAnimatedProgram, MapBlockAnimatedForwardProgram, SkyProgram, CloudsProgram, TextProgram, ParticleProgram, ParticleErosionProgram, ParticleDistortionProgram, ForceFieldProgram, BuilderToolProgram, WorldMapProgram, PostEffectProgram, InventoryPostEffectProgram, MainMenuPostEffectProgram, TemporalAAProgram, OITCompositeProgram, CubemapProgram, ZDownsampleProgram, LinearZDownsampleProgram, EdgeDetectionProgram, LinearZProgram, LightMixProgram, LightProgram, LightLowResProgram, LightClusteredProgram, MapChunkShadowMapProgram, MapBlockAnimatedShadowMapProgram, BlockyModelShadowMapProgram, BlockyModelOcclusionMapProgram, DeferredShadowProgram, SSAOProgram, BlurSSAOAndShadowProgram, DeferredProgram, ScreenBlitProgram, BlurProgram, DoFBlurProgram, DoFCircleOfConfusionProgram, DoFDownsampleProgram, DoFNearCoCMaxProgram, DoFNearCoCBlurProgram, DepthOfFieldAdvancedProgram, DoFFillProgram, BloomSelectProgram, BloomDownsampleBlurProgram, BloomUpsampleBlurProgram, BloomMaxProgram, BloomCompositeProgram, RadialGlowMaskProgram, RadialGlowLuminanceProgram, SunOcclusionDownsampleProgram, SceneBrightnessPackProgram, ZOnlyMapChunkProgram, ZOnlyMapChunkPlanesProgram, ZOnlyProgram, HiZReprojectProgram, HiZFillHoleProgram, HiZBuildProgram, HiZCullProgram, DebugDrawMapProgram, Batcher2DProgram 
2026-01-28 10:11:09.7613|INFO|HytaleClient.Application.AppGameLoading|Starting authenticated connection flow 
2026-01-28 10:11:10.2023|INFO|HytaleClient.Networking.PacketHandler|Received AuthGrant with server identity token 
2026-01-28 10:11:10.2023|INFO|HytaleClient.Networking.PacketHandler|Validating server identity token... 
2026-01-28 10:11:10.2023|DEBUG|HytaleClient.Utils.SentryHelper|Fetching JWKS from Session Service... 
2026-01-28 10:11:10.3112|INFO|HytaleClient.Utils.SentryHelper|Successfully fetched JWKS with 1 keys 
2026-01-28 10:11:10.3112|DEBUG||JWKS loaded with 1 keys (cached permanently) 
2026-01-28 10:11:10.3112|DEBUG||Ed25519 signature verified successfully 
2026-01-28 10:11:10.3112|DEBUG||User token validated successfully for c013444c-04d3-4ef1-beaa-1533fd7a3034 
2026-01-28 10:11:10.3112|INFO|HytaleClient.Networking.PacketHandler|Server identity validated: CodeCreature (c013444c-04d3-4ef1-beaa-1533fd7a3034, scope: hytale:server) 
2026-01-28 10:11:10.3112|INFO|HytaleClient.Networking.PacketHandler|Requesting auth grant for server 
2026-01-28 10:11:10.3112|DEBUG|HytaleClient.Utils.SentryHelper|Requesting auth grant for server using identity token 
2026-01-28 10:11:10.3979|INFO|HytaleClient.Utils.SentryHelper|Successfully obtained auth grant for server 
2026-01-28 10:11:10.3979|INFO|HytaleClient.Networking.PacketHandler|Obtained auth grant for server 
2026-01-28 10:11:10.3979|DEBUG|HytaleClient.Utils.SentryHelper|Exchanging authorization grant for access token 
2026-01-28 10:11:10.4801|INFO|HytaleClient.Utils.SentryHelper|Successfully obtained access token 
2026-01-28 10:11:10.4801|INFO|HytaleClient.Networking.PacketHandler|Successfully obtained JWT access token, sending AuthToken to server 
2026-01-28 10:11:10.5691|INFO|HytaleClient.Networking.PacketHandler|Received ServerAuthToken, validating server access token... 
2026-01-28 10:11:10.5691|DEBUG||Ed25519 signature verified successfully 
2026-01-28 10:11:10.5691|DEBUG||Certificate binding validated for server 
2026-01-28 10:11:10.5691|DEBUG||Server access token validated successfully for c013444c-04d3-4ef1-beaa-1533fd7a3034 
2026-01-28 10:11:10.5691|INFO|HytaleClient.Networking.PacketHandler|Mutual authentication complete! Server identity confirmed: CodeCreature (c013444c-04d3-4ef1-beaa-1533fd7a3034) 
2026-01-28 10:11:10.5691|INFO|HytaleClient.Networking.PacketHandler|No password required - authentication complete 
2026-01-28 10:11:10.6568|INFO|HytaleClient.Networking.PacketHandler|Stage WaitingForSetup -> SettingUp took 895ms 
2026-01-28 10:11:10.6647|INFO|HytaleClient.Networking.PacketHandler|Handle RequiredAssets at 903ms 
2026-01-28 10:11:10.6816|INFO|HytaleClient.Networking.PacketHandler|Finished handling RequiredAssets, took 17ms 
2026-01-28 10:11:10.7018|INFO|HytaleClient.Networking.PacketHandler|Received AssetType RepulsionConfig at 940ms 
2026-01-28 10:11:10.7018|INFO|HytaleClient.Networking.PacketHandler|Finished handling AssetType RepulsionConfig took 0ms 
2026-01-28 10:11:10.7018|INFO|HytaleClient.Networking.PacketHandler|Received AssetType ItemSoundSets at 941ms 
2026-01-28 10:11:10.7018|INFO|HytaleClient.Networking.PacketHandler|Finished handling AssetType ItemSoundSets took 0ms 
2026-01-28 10:11:10.7018|INFO|HytaleClient.Networking.PacketHandler|Received AssetType EntityUIComponents at 942ms 
2026-01-28 10:11:10.7018|INFO|HytaleClient.Networking.PacketHandler|Finished handling AssetType EntityUIComponents took 0ms 
2026-01-28 10:11:10.7787|INFO|HytaleClient.Networking.PacketHandler|Received AssetType BlockTypes at 1017ms 
2026-01-28 10:11:10.7787|INFO|HytaleClient.Networking.PacketHandler|Finished handling AssetType BlockTypes took 0ms 
2026-01-28 10:11:10.7787|INFO|HytaleClient.Networking.PacketHandler|Received AssetType FluidFX at 1017ms 
2026-01-28 10:11:10.7787|INFO|HytaleClient.Networking.PacketHandler|Finished handling AssetType FluidFX took 0ms 
2026-01-28 10:11:10.8053|INFO|HytaleClient.Networking.PacketHandler|Received AssetType Items at 1044ms 
2026-01-28 10:11:10.8053|INFO|HytaleClient.Networking.PacketHandler|Finished handling AssetType Items took 0ms 
2026-01-28 10:11:10.8053|INFO|HytaleClient.Networking.PacketHandler|Received AssetType Trails at 1045ms 
2026-01-28 10:11:10.8053|INFO|HytaleClient.Networking.PacketHandler|Finished handling AssetType Trails took 0ms 
2026-01-28 10:11:10.8053|INFO|HytaleClient.Networking.PacketHandler|Received AssetType TagPatterns at 1045ms 
2026-01-28 10:11:10.8053|INFO|HytaleClient.Networking.PacketHandler|Finished handling AssetType TagPatterns took 0ms 
2026-01-28 10:11:10.8053|INFO|HytaleClient.Networking.PacketHandler|Received AssetType Recipes at 1045ms 
2026-01-28 10:11:10.8053|INFO|HytaleClient.Networking.PacketHandler|Finished handling AssetType Recipes took 0ms 
2026-01-28 10:11:10.8053|INFO|HytaleClient.Networking.PacketHandler|Received AssetType BlockHitboxes at 1045ms 
2026-01-28 10:11:10.8053|INFO|HytaleClient.Networking.PacketHandler|Finished handling AssetType BlockHitboxes took 1ms 
2026-01-28 10:11:10.8053|INFO|HytaleClient.Networking.PacketHandler|Received AssetType ResourceTypes at 1046ms 
2026-01-28 10:11:10.8053|INFO|HytaleClient.Networking.PacketHandler|Finished handling AssetType ResourceTypes took 0ms 
2026-01-28 10:11:10.8053|INFO|HytaleClient.Networking.PacketHandler|Received AssetType ItemCategories at 1046ms 
2026-01-28 10:11:10.8053|INFO|HytaleClient.Networking.PacketHandler|Finished handling AssetType ItemCategories took 0ms 
2026-01-28 10:11:10.8265|INFO|HytaleClient.Networking.PacketHandler|Received AssetType Weather at 1065ms 
2026-01-28 10:11:10.8265|INFO|HytaleClient.Networking.PacketHandler|Finished handling AssetType Weather took 0ms 
2026-01-28 10:11:10.8265|INFO|HytaleClient.Networking.PacketHandler|Received AssetType ItemAnimations at 1067ms 
2026-01-28 10:11:10.8265|INFO|HytaleClient.Networking.PacketHandler|Finished handling AssetType ItemAnimations took 0ms 
2026-01-28 10:11:10.8265|INFO|HytaleClient.Networking.PacketHandler|Received AssetType AmbienceFX at 1067ms 
2026-01-28 10:11:10.8265|INFO|HytaleClient.Networking.PacketHandler|Finished handling AssetType AmbienceFX took 0ms 
2026-01-28 10:11:10.8420|INFO|HytaleClient.Networking.PacketHandler|Received AssetType ParticleSpawners at 1080ms 
2026-01-28 10:11:10.8420|INFO|HytaleClient.Networking.PacketHandler|Finished handling AssetType ParticleSpawners took 1ms 
2026-01-28 10:11:10.9127|INFO|HytaleClient.Networking.PacketHandler|Received AssetType Interactions at 1151ms 
2026-01-28 10:11:10.9127|INFO|HytaleClient.Networking.PacketHandler|Finished handling AssetType Interactions took 1ms 
2026-01-28 10:11:10.9127|INFO|HytaleClient.Networking.PacketHandler|Received AssetType SoundEvents at 1153ms 
2026-01-28 10:11:10.9127|INFO|HytaleClient.Networking.PacketHandler|Finished handling AssetType SoundEvents took 0ms 
2026-01-28 10:11:10.9127|INFO|HytaleClient.Networking.PacketHandler|Received AssetType BlockSets at 1154ms 
2026-01-28 10:11:10.9127|INFO|HytaleClient.Networking.PacketHandler|Finished handling AssetType BlockSets took 0ms 
2026-01-28 10:11:10.9127|INFO|HytaleClient.Networking.PacketHandler|Received AssetType EntityEffects at 1158ms 
2026-01-28 10:11:10.9127|INFO|HytaleClient.Networking.PacketHandler|Finished handling AssetType EntityEffects took 0ms 
2026-01-28 10:11:10.9127|INFO|HytaleClient.Networking.PacketHandler|Received AssetType BlockBreakingDecals at 1158ms 
2026-01-28 10:11:10.9127|INFO|HytaleClient.Networking.PacketHandler|Finished handling AssetType BlockBreakingDecals took 0ms 
2026-01-28 10:11:10.9127|INFO|HytaleClient.Networking.PacketHandler|Received AssetType BlockSoundSets at 1158ms 
2026-01-28 10:11:10.9127|INFO|HytaleClient.Networking.PacketHandler|Finished handling AssetType BlockSoundSets took 0ms 
2026-01-28 10:11:10.9127|INFO|HytaleClient.Networking.PacketHandler|Received AssetType ItemReticles at 1160ms 
2026-01-28 10:11:10.9127|INFO|HytaleClient.Networking.PacketHandler|Finished handling AssetType ItemReticles took 0ms 
2026-01-28 10:11:10.9127|INFO|HytaleClient.Networking.PacketHandler|Received AssetType Fluids at 1161ms 
2026-01-28 10:11:10.9127|INFO|HytaleClient.Networking.PacketHandler|Finished handling AssetType Fluids took 0ms 
2026-01-28 10:11:10.9127|INFO|HytaleClient.Networking.PacketHandler|Received AssetType EqualizerEffects at 1161ms 
2026-01-28 10:11:10.9127|INFO|HytaleClient.Networking.PacketHandler|Finished handling AssetType EqualizerEffects took 0ms 
2026-01-28 10:11:10.9127|INFO|HytaleClient.Networking.PacketHandler|Received AssetType BlockTypes, Items at 1162ms 
2026-01-28 10:11:10.9127|INFO|HytaleClient.Networking.PacketHandler|Received AssetType ItemQuality at 1163ms 
2026-01-28 10:11:10.9127|INFO|HytaleClient.Networking.PacketHandler|Finished handling AssetType ItemQuality took 0ms 
2026-01-28 10:11:10.9127|INFO|HytaleClient.Networking.PacketHandler|Received AssetType UnarmedInteractions at 1163ms 
2026-01-28 10:11:10.9127|INFO|HytaleClient.Networking.PacketHandler|Finished handling AssetType UnarmedInteractions took 0ms 
2026-01-28 10:11:10.9127|INFO|HytaleClient.Networking.PacketHandler|Received AssetType AudioCategories at 1165ms 
2026-01-28 10:11:10.9127|INFO|HytaleClient.Networking.PacketHandler|Finished handling AssetType AudioCategories took 0ms 
2026-01-28 10:11:10.9271|INFO|HytaleClient.Networking.PacketHandler|Received AssetType SoundSets at 1165ms 
2026-01-28 10:11:10.9271|INFO|HytaleClient.Networking.PacketHandler|Finished handling AssetType SoundSets took 0ms 
2026-01-28 10:11:10.9271|INFO|HytaleClient.Networking.PacketHandler|Received AssetType ParticleSystems at 1173ms 
2026-01-28 10:11:10.9271|INFO|HytaleClient.Networking.PacketHandler|Finished handling AssetType ParticleSystems took 0ms 
2026-01-28 10:11:10.9271|INFO|HytaleClient.Networking.PacketHandler|Received AssetType ModelVFX at 1173ms 
2026-01-28 10:11:10.9271|INFO|HytaleClient.Networking.PacketHandler|Finished handling AssetType ModelVFX took 0ms 
2026-01-28 10:11:10.9271|INFO|HytaleClient.Networking.PacketHandler|Received AssetType FieldcraftCategories at 1179ms 
2026-01-28 10:11:10.9271|INFO|HytaleClient.Networking.PacketHandler|Finished handling AssetType FieldcraftCategories took 0ms 
2026-01-28 10:11:10.9271|INFO|HytaleClient.Networking.PacketHandler|Received AssetType EntityStatTypes at 1180ms 
2026-01-28 10:11:10.9271|INFO|HytaleClient.Networking.PacketHandler|Finished handling AssetType EntityStatTypes took 0ms 
2026-01-28 10:11:10.9271|INFO|HytaleClient.Networking.PacketHandler|Received AssetType HitboxCollisionConfig at 1180ms 
2026-01-28 10:11:10.9271|INFO|HytaleClient.Networking.PacketHandler|Finished handling AssetType HitboxCollisionConfig took 0ms 
2026-01-28 10:11:10.9878|INFO|HytaleClient.Networking.PacketHandler|Received AssetType RootInteractions at 1226ms 
2026-01-28 10:11:11.0055|INFO|HytaleClient.Networking.PacketHandler|Finished handling AssetType RootInteractions took 18ms 
2026-01-28 10:11:11.0055|INFO|HytaleClient.Networking.PacketHandler|Received AssetType ReverbEffects at 1244ms 
2026-01-28 10:11:11.0055|INFO|HytaleClient.Networking.PacketHandler|Finished handling AssetType ReverbEffects took 0ms 
2026-01-28 10:11:11.0055|INFO|HytaleClient.Networking.PacketHandler|Received AssetType Environment at 1244ms 
2026-01-28 10:11:11.0055|INFO|HytaleClient.Networking.PacketHandler|Finished handling AssetType Environment took 0ms 
2026-01-28 10:11:11.0055|INFO|HytaleClient.Networking.PacketHandler|Received AssetType BlockParticleSets at 1244ms 
2026-01-28 10:11:11.0055|INFO|HytaleClient.Networking.PacketHandler|Finished handling AssetType BlockParticleSets took 0ms 
2026-01-28 10:11:11.0055|INFO|HytaleClient.Networking.PacketHandler|Received AssetType Translations at 1246ms 
2026-01-28 10:11:11.0055|INFO|HytaleClient.Networking.PacketHandler|Finished handling AssetType Translations took 0ms 
2026-01-28 10:11:11.0055|INFO|HytaleClient.Networking.PacketHandler|Stage SettingUp -> Playing took 350ms 
2026-01-28 10:11:11.0055|INFO|HytaleClient.Networking.PacketHandler|PrepareAmbienceFX: 0ms 
2026-01-28 10:11:11.0055|INFO|HytaleClient.Application.Program|Loading world: PrepareRootInterations: 0ms 
2026-01-28 10:11:11.0055|INFO|HytaleClient.Application.Program|Loading world: PrepareInterations: 1ms 
2026-01-28 10:11:11.0055|INFO|HytaleClient.Networking.PacketHandler|PrepareBlockOverlayAtlas: 4ms 
2026-01-28 10:11:11.0245|INFO|HytaleClient.Networking.PacketHandler|PrepareWorldMap: 15ms 
2026-01-28 10:11:11.2484|INFO|HytaleClient.Networking.PacketHandler|PrepareParticles: 240ms 
2026-01-28 10:11:11.3104|INFO|HytaleClient.Networking.PacketHandler|PrepareItemAnimations: 302ms 
2026-01-28 10:11:11.5496|INFO|HytaleClient.Networking.PacketHandler|PrepareItems: 541ms 
2026-01-28 10:11:11.5981|INFO|HytaleClient.Networking.PacketHandler|PrepareBlockTypes: 590 ms 
2026-01-28 10:11:11.6019|WARN|HytaleClient.Networking.PacketHandler|All rendered chunks were discarded. 
2026-01-28 10:11:11.6019|WARN|HytaleClient.Networking.PacketHandler|All rendered chunks were discarded. 
2026-01-28 10:11:11.6613|INFO|HytaleClient.Networking.PacketHandler|PrepareEntitiesAtlas: 653ms 
2026-01-28 10:11:11.6890|INFO|HytaleClient.Networking.PacketHandler|Received JoinWorldPacket 
2026-01-28 10:11:11.9815|INFO|HytaleClient.Application.AppGameLoading|GameInstance.OnSetupComplete() 
2026-01-28 10:11:11.9904|INFO|HytaleClient.Networking.PacketHandler|Global: 982.4597ms 
2026-01-28 10:11:11.9904|INFO|HytaleClient.Networking.PacketHandler|ProcessJoinWorldPacket: FadeInOut is False 
2026-01-28 10:11:11.9904|INFO|HytaleClient.Application.AppGameLoading|GameInstance.PrepareJoiningWorld() 
2026-01-28 10:11:11.9904|INFO|HytaleClient.Application.AppGameLoading|GameInstance.StartJoiningWorld() 
2026-01-28 10:11:12.3324|WARN|HytaleClient.Networking.PacketHandler|A Equipment packet had been received on the local player 
2026-01-28 10:11:12.3416|WARN|HytaleClient.Networking.PacketHandler|A Equipment packet had been received on the local player 
2026-01-28 10:11:12.9996|INFO|HytaleClient.Application.AppGameLoading|GameInstance.OnWorldJoined() 
2026-01-28 10:11:12.9996|INFO|HytaleClient.Application.AppMainMenu|Changing from loading stage Loading to Complete 
2026-01-28 10:11:12.9996|INFO|HytaleClient.Application.Program|Changing from Stage GameLoading to InGame 
2026-01-28 10:11:13.2338|DEBUG|HytaleClient.Application.Program|Telemetry packet sent: event (seq: 67) 
2026-01-28 10:11:13.3185|DEBUG|HytaleClient.Application.Program|Telemetry packet sent: event (seq: 68) 
2026-01-28 10:11:13.3766|INFO|HytaleClient.Application.AppMainMenu|[AssetUpdate] BlockTypes: Starting AddOrUpdate 
2026-01-28 10:11:13.9017|WARN|HytaleClient.Networking.PacketHandler|All rendered chunks were discarded. 
2026-01-28 10:11:13.9154|INFO|HytaleClient.Application.AppMainMenu|[AssetUpdate] BlockTypes: Finished AddOrUpdate in 538ms 
2026-01-28 10:11:13.9154|WARN|HytaleClient.Networking.PacketHandler|A Equipment packet had been received on the local player 
2026-01-28 10:11:16.5355|INFO|HytaleClient.Application.AppMainMenu|[AssetUpdate] BlockTypes: Starting AddOrUpdate 
2026-01-28 10:11:16.5838|ERROR|HytaleClient.Networking.PacketHandler|Exception when handling packet 40 UpdateBlockTypes: System.Collections.Generic.KeyNotFoundException: The given key '949650efc4b3cd622384959ae4f800958f3756ebe3098c62ffde1c2a47bd294c' was not present in the dictionary.
   at HytaleClient!<BaseAddress>+0x137cca4
   at HytaleClient!<BaseAddress>+0x366218
   at HytaleClient!<BaseAddress>+0x364d20
   at HytaleClient!<BaseAddress>+0x1b1a70
   at HytaleClient!<BaseAddress>+0x1b9b39
   at HytaleClient!<BaseAddress>+0x1b8643
   at HytaleClient!<BaseAddress>+0x1b7d23
2026-01-28 10:11:16.5838|INFO|HytaleClient.Utils.SentryHelper|Sentry event captured: d4872eb88fad436d86b0cf6c359feb5a 
2026-01-28 10:11:16.5838|INFO|HytaleClient.Application.AppInGame|Disconnected with error: 
2026-01-28 10:11:16.5838|ERROR|HytaleClient.Application.AppInGame|System.Collections.Generic.KeyNotFoundException: The given key '949650efc4b3cd622384959ae4f800958f3756ebe3098c62ffde1c2a47bd294c' was not present in the dictionary. System.Collections.Generic.KeyNotFoundException: The given key '949650efc4b3cd622384959ae4f800958f3756ebe3098c62ffde1c2a47bd294c' was not present in the dictionary.
   at HytaleClient!<BaseAddress>+0x137cca4
   at HytaleClient!<BaseAddress>+0x366218
   at HytaleClient!<BaseAddress>+0x364d20
   at HytaleClient!<BaseAddress>+0x1b1a70
   at HytaleClient!<BaseAddress>+0x1b9b39
   at HytaleClient!<BaseAddress>+0x1b8643
   at HytaleClient!<BaseAddress>+0x1b7d23
2026-01-28 10:11:16.5838|INFO|HytaleClient.Application.Program|Changing from Stage InGame to Disconnection 
2026-01-28 10:11:16.6554|INFO|HytaleClient.Application.Program|Generating new self-signed certificate... 
2026-01-28 10:11:16.8282|DEBUG|HytaleClient.Application.Program|Telemetry packet sent: event (seq: 69) 
2026-01-28 10:11:16.8476|INFO|HytaleClient.Application.Program|Certificate generated successfully in 192.0763ms. Fingerprint: WMUqghOriWYr3jJFnZfISggjOh-Up_vCMLsOR5SJ01A 
2026-01-28 10:11:16.9088|DEBUG|HytaleClient.Application.Program|Telemetry packet sent: event (seq: 70) 
2026-01-28 10:11:23.0078|INFO|HytaleClient.Application.Program|Changing from Stage Disconnection to MainMenu 
2026-01-28 10:11:23.1735|DEBUG|HytaleClient.Application.Program|Telemetry packet sent: event (seq: 71) 
2026-01-28 10:11:23.1957|INFO|HytaleClient.Application.Program|Built 75 GPU programs successfully. 
2026-01-28 10:11:23.1957|DEBUG|HytaleClient.Application.Program|GPU programs: BasicProgram, BasicFullScreenProgram, BasicFogProgram, BlockyModelForwardProgram, BlockyModelDitheringProgram, BlockyModelProgram, FirstPersonBlockyModelProgram, BlockyModelDistortionProgram, FirstPersonDistortionBlockyModelProgram, FirstPersonClippingBlockyModelProgram, MapChunkNearOpaqueProgram, MapChunkNearAlphaTestedProgram, MapChunkFarOpaqueProgram, MapChunkFarAlphaTestedProgram, MapChunkAlphaBlendedProgram, MapBlockAnimatedProgram, MapBlockAnimatedForwardProgram, SkyProgram, CloudsProgram, TextProgram, ParticleProgram, ParticleErosionProgram, ParticleDistortionProgram, ForceFieldProgram, BuilderToolProgram, WorldMapProgram, PostEffectProgram, InventoryPostEffectProgram, MainMenuPostEffectProgram, TemporalAAProgram, OITCompositeProgram, CubemapProgram, ZDownsampleProgram, LinearZDownsampleProgram, EdgeDetectionProgram, LinearZProgram, LightMixProgram, LightProgram, LightLowResProgram, LightClusteredProgram, MapChunkShadowMapProgram, MapBlockAnimatedShadowMapProgram, BlockyModelShadowMapProgram, BlockyModelOcclusionMapProgram, DeferredShadowProgram, SSAOProgram, BlurSSAOAndShadowProgram, DeferredProgram, ScreenBlitProgram, BlurProgram, DoFBlurProgram, DoFCircleOfConfusionProgram, DoFDownsampleProgram, DoFNearCoCMaxProgram, DoFNearCoCBlurProgram, DepthOfFieldAdvancedProgram, DoFFillProgram, BloomSelectProgram, BloomDownsampleBlurProgram, BloomUpsampleBlurProgram, BloomMaxProgram, BloomCompositeProgram, RadialGlowMaskProgram, RadialGlowLuminanceProgram, SunOcclusionDownsampleProgram, SceneBrightnessPackProgram, ZOnlyMapChunkProgram, ZOnlyMapChunkPlanesProgram, ZOnlyProgram, HiZReprojectProgram, HiZFillHoleProgram, HiZBuildProgram, HiZCullProgram, DebugDrawMapProgram, Batcher2DProgram 
2026-01-28 10:12:46.4894|DEBUG|HytaleClient.Application.Program|Telemetry packet sent: heartbeat (seq: 72) 
2026-01-28 10:17:44.1574|INFO||Refreshing session (attempt 1/3)... 
2026-01-28 10:17:44.1574|DEBUG|HytaleClient.Utils.SentryHelper|Refreshing game session... 
2026-01-28 10:17:44.2901|INFO|HytaleClient.Utils.SentryHelper|Successfully refreshed game session 
2026-01-28 10:17:44.2901|DEBUG|HytaleClient.Utils.SentryHelper|Session tokens updated 
2026-01-28 10:17:44.2901|INFO||Session refreshed successfully. New expiry: 2026-01-28T18:17:44.4037769+00:00 
2026-01-28 10:17:44.2901|INFO||Scheduling session refresh in 55m 0s (at 2026-01-28T18:12:44.4037769+00:00) 
2026-01-28 10:17:44.2901|INFO|HytaleClient.Application.Program|Session refreshed - tokens updated 
2026-01-28 10:17:46.5011|DEBUG|HytaleClient.Application.Program|Telemetry packet sent: heartbeat (seq: 73) 
2026-01-28 10:18:18.7194|INFO|HytaleClient.Application.AppStartup|Connecting to multiplayer server "Local Host" at localhost 
2026-01-28 10:18:18.8715|INFO|HytaleClient.Application.AppMainMenu|Connecting to server localhost:5520 
2026-01-28 10:18:18.8715|INFO|HytaleClient.Application.Program|Changing from Stage MainMenu to GameLoading 
2026-01-28 10:18:18.8715|INFO||Using mTLS with client certificate (fingerprint: WMUqghOriWYr3jJFnZfISggjOh-Up_vCMLsOR5SJ01A) 
2026-01-28 10:18:18.8715|INFO||Opening Quic Connection to localhost:5520 
2026-01-28 10:18:18.8715|DEBUG||Game server requesting client certificate, providing: WMUqghOriWYr3jJFnZfISggjOh-Up_vCMLsOR5SJ01A 
2026-01-28 10:18:19.0149|INFO||Server certificate fingerprint captured: 4y8zqJwiSG89d10ZSO-n0ZDCud53vpBWTtr50BwwZLM 
2026-01-28 10:18:19.0149|INFO||Accepting self-signed server certificate: CN=localhost 
2026-01-28 10:18:19.0149|INFO||Waiting for Quic Stream from localhost:5520 
2026-01-28 10:18:19.0149|INFO||Quic Stream connected to localhost:5520 
2026-01-28 10:18:19.0538|DEBUG|HytaleClient.Application.Program|Telemetry packet sent: event (seq: 74) 
2026-01-28 10:18:19.1251|INFO|HytaleClient.Application.AppMainMenu|Changing from loading stage Initial to Connecting 
2026-01-28 10:18:19.1251|INFO|HytaleClient.Application.AppMainMenu|Changing from loading stage Connecting to Loading 
2026-01-28 10:18:19.1986|DEBUG|HytaleClient.Application.Program|Telemetry packet sent: event (seq: 75) 
2026-01-28 10:18:19.2154|INFO|HytaleClient.Application.Program|Built 75 GPU programs successfully. 
2026-01-28 10:18:19.2154|DEBUG|HytaleClient.Application.Program|GPU programs: BasicProgram, BasicFullScreenProgram, BasicFogProgram, BlockyModelForwardProgram, BlockyModelDitheringProgram, BlockyModelProgram, FirstPersonBlockyModelProgram, BlockyModelDistortionProgram, FirstPersonDistortionBlockyModelProgram, FirstPersonClippingBlockyModelProgram, MapChunkNearOpaqueProgram, MapChunkNearAlphaTestedProgram, MapChunkFarOpaqueProgram, MapChunkFarAlphaTestedProgram, MapChunkAlphaBlendedProgram, MapBlockAnimatedProgram, MapBlockAnimatedForwardProgram, SkyProgram, CloudsProgram, TextProgram, ParticleProgram, ParticleErosionProgram, ParticleDistortionProgram, ForceFieldProgram, BuilderToolProgram, WorldMapProgram, PostEffectProgram, InventoryPostEffectProgram, MainMenuPostEffectProgram, TemporalAAProgram, OITCompositeProgram, CubemapProgram, ZDownsampleProgram, LinearZDownsampleProgram, EdgeDetectionProgram, LinearZProgram, LightMixProgram, LightProgram, LightLowResProgram, LightClusteredProgram, MapChunkShadowMapProgram, MapBlockAnimatedShadowMapProgram, BlockyModelShadowMapProgram, BlockyModelOcclusionMapProgram, DeferredShadowProgram, SSAOProgram, BlurSSAOAndShadowProgram, DeferredProgram, ScreenBlitProgram, BlurProgram, DoFBlurProgram, DoFCircleOfConfusionProgram, DoFDownsampleProgram, DoFNearCoCMaxProgram, DoFNearCoCBlurProgram, DepthOfFieldAdvancedProgram, DoFFillProgram, BloomSelectProgram, BloomDownsampleBlurProgram, BloomUpsampleBlurProgram, BloomMaxProgram, BloomCompositeProgram, RadialGlowMaskProgram, RadialGlowLuminanceProgram, SunOcclusionDownsampleProgram, SceneBrightnessPackProgram, ZOnlyMapChunkProgram, ZOnlyMapChunkPlanesProgram, ZOnlyProgram, HiZReprojectProgram, HiZFillHoleProgram, HiZBuildProgram, HiZCullProgram, DebugDrawMapProgram, Batcher2DProgram 
2026-01-28 10:18:19.3520|INFO|HytaleClient.Application.AppGameLoading|Starting authenticated connection flow 
2026-01-28 10:18:19.8232|INFO|HytaleClient.Networking.PacketHandler|Received AuthGrant with server identity token 
2026-01-28 10:18:19.8232|INFO|HytaleClient.Networking.PacketHandler|Validating server identity token... 
2026-01-28 10:18:19.8232|DEBUG|HytaleClient.Utils.SentryHelper|Fetching JWKS from Session Service... 
2026-01-28 10:18:19.9371|INFO|HytaleClient.Utils.SentryHelper|Successfully fetched JWKS with 1 keys 
2026-01-28 10:18:19.9371|DEBUG||JWKS loaded with 1 keys (cached permanently) 
2026-01-28 10:18:19.9371|DEBUG||Ed25519 signature verified successfully 
2026-01-28 10:18:19.9371|DEBUG||User token validated successfully for c013444c-04d3-4ef1-beaa-1533fd7a3034 
2026-01-28 10:18:19.9371|INFO|HytaleClient.Networking.PacketHandler|Server identity validated: CodeCreature (c013444c-04d3-4ef1-beaa-1533fd7a3034, scope: hytale:server) 
2026-01-28 10:18:19.9371|INFO|HytaleClient.Networking.PacketHandler|Requesting auth grant for server 
2026-01-28 10:18:19.9371|DEBUG|HytaleClient.Utils.SentryHelper|Requesting auth grant for server using identity token 
2026-01-28 10:18:20.0528|INFO|HytaleClient.Utils.SentryHelper|Successfully obtained auth grant for server 
2026-01-28 10:18:20.0528|INFO|HytaleClient.Networking.PacketHandler|Obtained auth grant for server 
2026-01-28 10:18:20.0528|DEBUG|HytaleClient.Utils.SentryHelper|Exchanging authorization grant for access token 
2026-01-28 10:18:20.1474|INFO|HytaleClient.Utils.SentryHelper|Successfully obtained access token 
2026-01-28 10:18:20.1474|INFO|HytaleClient.Networking.PacketHandler|Successfully obtained JWT access token, sending AuthToken to server 
2026-01-28 10:18:20.2287|INFO|HytaleClient.Networking.PacketHandler|Received ServerAuthToken, validating server access token... 
2026-01-28 10:18:20.2287|DEBUG||Ed25519 signature verified successfully 
2026-01-28 10:18:20.2287|DEBUG||Certificate binding validated for server 
2026-01-28 10:18:20.2287|DEBUG||Server access token validated successfully for c013444c-04d3-4ef1-beaa-1533fd7a3034 
2026-01-28 10:18:20.2287|INFO|HytaleClient.Networking.PacketHandler|Mutual authentication complete! Server identity confirmed: CodeCreature (c013444c-04d3-4ef1-beaa-1533fd7a3034) 
2026-01-28 10:18:20.2287|INFO|HytaleClient.Networking.PacketHandler|No password required - authentication complete 
2026-01-28 10:18:20.3122|INFO|HytaleClient.Networking.PacketHandler|Stage WaitingForSetup -> SettingUp took 960ms 
2026-01-28 10:18:20.3122|INFO|HytaleClient.Networking.PacketHandler|Handle RequiredAssets at 960ms 
2026-01-28 10:18:20.3408|INFO|HytaleClient.Networking.PacketHandler|Finished handling RequiredAssets, took 28ms 
2026-01-28 10:18:20.3639|INFO|HytaleClient.Networking.PacketHandler|Received AssetType RepulsionConfig at 1012ms 
2026-01-28 10:18:20.3639|INFO|HytaleClient.Networking.PacketHandler|Finished handling AssetType RepulsionConfig took 0ms 
2026-01-28 10:18:20.3639|INFO|HytaleClient.Networking.PacketHandler|Received AssetType ItemSoundSets at 1013ms 
2026-01-28 10:18:20.3639|INFO|HytaleClient.Networking.PacketHandler|Finished handling AssetType ItemSoundSets took 0ms 
2026-01-28 10:18:20.4676|INFO|HytaleClient.Networking.PacketHandler|Received AssetType BlockTypes at 1115ms 
2026-01-28 10:18:20.4676|INFO|HytaleClient.Networking.PacketHandler|Finished handling AssetType BlockTypes took 1ms 
2026-01-28 10:18:20.4676|INFO|HytaleClient.Networking.PacketHandler|Received AssetType FluidFX at 1116ms 
2026-01-28 10:18:20.4676|INFO|HytaleClient.Networking.PacketHandler|Finished handling AssetType FluidFX took 0ms 
2026-01-28 10:18:20.5131|INFO|HytaleClient.Networking.PacketHandler|Received AssetType Items at 1161ms 
2026-01-28 10:18:20.5131|INFO|HytaleClient.Networking.PacketHandler|Finished handling AssetType Items took 1ms 
2026-01-28 10:18:20.5131|INFO|HytaleClient.Networking.PacketHandler|Received AssetType Trails at 1162ms 
2026-01-28 10:18:20.5131|INFO|HytaleClient.Networking.PacketHandler|Finished handling AssetType Trails took 0ms 
2026-01-28 10:18:20.5131|INFO|HytaleClient.Networking.PacketHandler|Received AssetType TagPatterns at 1162ms 
2026-01-28 10:18:20.5131|INFO|HytaleClient.Networking.PacketHandler|Finished handling AssetType TagPatterns took 0ms 
2026-01-28 10:18:20.5267|INFO|HytaleClient.Networking.PacketHandler|Received AssetType Recipes at 1174ms 
2026-01-28 10:18:20.5267|INFO|HytaleClient.Networking.PacketHandler|Finished handling AssetType Recipes took 1ms 
2026-01-28 10:18:20.5267|INFO|HytaleClient.Networking.PacketHandler|Received AssetType BlockHitboxes at 1176ms 
2026-01-28 10:18:20.5452|INFO|HytaleClient.Networking.PacketHandler|Finished handling AssetType BlockHitboxes took 17ms 
2026-01-28 10:18:20.5452|INFO|HytaleClient.Networking.PacketHandler|Received AssetType ResourceTypes at 1193ms 
2026-01-28 10:18:20.5452|INFO|HytaleClient.Networking.PacketHandler|Finished handling AssetType ResourceTypes took 0ms 
2026-01-28 10:18:20.5452|INFO|HytaleClient.Networking.PacketHandler|Received AssetType ItemCategories at 1193ms 
2026-01-28 10:18:20.5452|INFO|HytaleClient.Networking.PacketHandler|Finished handling AssetType ItemCategories took 0ms 
2026-01-28 10:18:20.5452|INFO|HytaleClient.Networking.PacketHandler|Received AssetType Weather at 1193ms 
2026-01-28 10:18:20.5452|INFO|HytaleClient.Networking.PacketHandler|Finished handling AssetType Weather took 1ms 
2026-01-28 10:18:20.5615|INFO|HytaleClient.Networking.PacketHandler|Received AssetType ItemAnimations at 1209ms 
2026-01-28 10:18:20.5615|INFO|HytaleClient.Networking.PacketHandler|Finished handling AssetType ItemAnimations took 0ms 
2026-01-28 10:18:20.5615|INFO|HytaleClient.Networking.PacketHandler|Received AssetType AmbienceFX at 1210ms 
2026-01-28 10:18:20.5615|INFO|HytaleClient.Networking.PacketHandler|Finished handling AssetType AmbienceFX took 0ms 
2026-01-28 10:18:20.6292|INFO|HytaleClient.Networking.PacketHandler|Received AssetType ParticleSpawners at 1277ms 
2026-01-28 10:18:20.6292|INFO|HytaleClient.Networking.PacketHandler|Finished handling AssetType ParticleSpawners took 1ms 
2026-01-28 10:18:20.6518|INFO|HytaleClient.Networking.PacketHandler|Received AssetType Interactions at 1299ms 
2026-01-28 10:18:20.6518|INFO|HytaleClient.Networking.PacketHandler|Finished handling AssetType Interactions took 2ms 
2026-01-28 10:18:20.6687|INFO|HytaleClient.Networking.PacketHandler|Received AssetType SoundEvents at 1316ms 
2026-01-28 10:18:20.6687|INFO|HytaleClient.Networking.PacketHandler|Finished handling AssetType SoundEvents took 1ms 
2026-01-28 10:18:20.6687|INFO|HytaleClient.Networking.PacketHandler|Received AssetType BlockSets at 1317ms 
2026-01-28 10:18:20.6687|INFO|HytaleClient.Networking.PacketHandler|Finished handling AssetType BlockSets took 0ms 
2026-01-28 10:18:20.6687|INFO|HytaleClient.Networking.PacketHandler|Received AssetType EntityEffects at 1319ms 
2026-01-28 10:18:20.6687|INFO|HytaleClient.Networking.PacketHandler|Finished handling AssetType EntityEffects took 0ms 
2026-01-28 10:18:20.6687|INFO|HytaleClient.Networking.PacketHandler|Received AssetType BlockBreakingDecals at 1319ms 
2026-01-28 10:18:20.6687|INFO|HytaleClient.Networking.PacketHandler|Finished handling AssetType BlockBreakingDecals took 0ms 
2026-01-28 10:18:20.6687|INFO|HytaleClient.Networking.PacketHandler|Received AssetType BlockSoundSets at 1320ms 
2026-01-28 10:18:20.6687|INFO|HytaleClient.Networking.PacketHandler|Finished handling AssetType BlockSoundSets took 0ms 
2026-01-28 10:18:20.6687|INFO|HytaleClient.Networking.PacketHandler|Received AssetType ItemReticles at 1321ms 
2026-01-28 10:18:20.6687|INFO|HytaleClient.Networking.PacketHandler|Finished handling AssetType ItemReticles took 0ms 
2026-01-28 10:18:20.6745|INFO|HytaleClient.Networking.PacketHandler|Received AssetType Fluids at 1322ms 
2026-01-28 10:18:20.6745|INFO|HytaleClient.Networking.PacketHandler|Finished handling AssetType Fluids took 0ms 
2026-01-28 10:18:20.6745|INFO|HytaleClient.Networking.PacketHandler|Received AssetType EqualizerEffects at 1322ms 
2026-01-28 10:18:20.6745|INFO|HytaleClient.Networking.PacketHandler|Finished handling AssetType EqualizerEffects took 0ms 
2026-01-28 10:18:20.6745|INFO|HytaleClient.Networking.PacketHandler|Received AssetType BlockTypes, Items at 1323ms 
2026-01-28 10:18:20.6745|INFO|HytaleClient.Networking.PacketHandler|Received AssetType ItemQuality at 1324ms 
2026-01-28 10:18:20.6745|INFO|HytaleClient.Networking.PacketHandler|Finished handling AssetType ItemQuality took 0ms 
2026-01-28 10:18:20.6745|INFO|HytaleClient.Networking.PacketHandler|Received AssetType UnarmedInteractions at 1324ms 
2026-01-28 10:18:20.6745|INFO|HytaleClient.Networking.PacketHandler|Finished handling AssetType UnarmedInteractions took 0ms 
2026-01-28 10:18:20.6745|INFO|HytaleClient.Networking.PacketHandler|Received AssetType EntityUIComponents at 1325ms 
2026-01-28 10:18:20.6745|INFO|HytaleClient.Networking.PacketHandler|Finished handling AssetType EntityUIComponents took 0ms 
2026-01-28 10:18:20.6745|INFO|HytaleClient.Networking.PacketHandler|Received AssetType AudioCategories at 1326ms 
2026-01-28 10:18:20.6745|INFO|HytaleClient.Networking.PacketHandler|Finished handling AssetType AudioCategories took 0ms 
2026-01-28 10:18:20.6745|INFO|HytaleClient.Networking.PacketHandler|Received AssetType SoundSets at 1326ms 
2026-01-28 10:18:20.6745|INFO|HytaleClient.Networking.PacketHandler|Finished handling AssetType SoundSets took 0ms 
2026-01-28 10:18:20.6745|INFO|HytaleClient.Networking.PacketHandler|Received AssetType ParticleSystems at 1332ms 
2026-01-28 10:18:20.6745|INFO|HytaleClient.Networking.PacketHandler|Finished handling AssetType ParticleSystems took 0ms 
2026-01-28 10:18:20.6745|INFO|HytaleClient.Networking.PacketHandler|Received AssetType ModelVFX at 1332ms 
2026-01-28 10:18:20.6745|INFO|HytaleClient.Networking.PacketHandler|Finished handling AssetType ModelVFX took 0ms 
2026-01-28 10:18:20.6745|INFO|HytaleClient.Networking.PacketHandler|Received AssetType FieldcraftCategories at 1336ms 
2026-01-28 10:18:20.6745|INFO|HytaleClient.Networking.PacketHandler|Finished handling AssetType FieldcraftCategories took 0ms 
2026-01-28 10:18:20.6745|INFO|HytaleClient.Networking.PacketHandler|Received AssetType EntityStatTypes at 1337ms 
2026-01-28 10:18:20.6745|INFO|HytaleClient.Networking.PacketHandler|Finished handling AssetType EntityStatTypes took 0ms 
2026-01-28 10:18:20.6900|INFO|HytaleClient.Networking.PacketHandler|Received AssetType HitboxCollisionConfig at 1338ms 
2026-01-28 10:18:20.6900|INFO|HytaleClient.Networking.PacketHandler|Finished handling AssetType HitboxCollisionConfig took 0ms 
2026-01-28 10:18:20.7195|INFO|HytaleClient.Networking.PacketHandler|Received AssetType RootInteractions at 1367ms 
2026-01-28 10:18:20.7467|INFO|HytaleClient.Networking.PacketHandler|Finished handling AssetType RootInteractions took 27ms 
2026-01-28 10:18:20.7467|INFO|HytaleClient.Networking.PacketHandler|Received AssetType ReverbEffects at 1395ms 
2026-01-28 10:18:20.7467|INFO|HytaleClient.Networking.PacketHandler|Finished handling AssetType ReverbEffects took 0ms 
2026-01-28 10:18:20.7467|INFO|HytaleClient.Networking.PacketHandler|Received AssetType Environment at 1395ms 
2026-01-28 10:18:20.7467|INFO|HytaleClient.Networking.PacketHandler|Finished handling AssetType Environment took 0ms 
2026-01-28 10:18:20.7467|INFO|HytaleClient.Networking.PacketHandler|Received AssetType BlockParticleSets at 1395ms 
2026-01-28 10:18:20.7467|INFO|HytaleClient.Networking.PacketHandler|Finished handling AssetType BlockParticleSets took 0ms 
2026-01-28 10:18:20.7467|INFO|HytaleClient.Networking.PacketHandler|Received AssetType Translations at 1397ms 
2026-01-28 10:18:20.7467|INFO|HytaleClient.Networking.PacketHandler|Finished handling AssetType Translations took 0ms 
2026-01-28 10:18:20.7467|INFO|HytaleClient.Networking.PacketHandler|Stage SettingUp -> Playing took 436ms 
2026-01-28 10:18:20.7467|INFO|HytaleClient.Networking.PacketHandler|PrepareAmbienceFX: 0ms 
2026-01-28 10:18:20.7467|INFO|HytaleClient.Application.Program|Loading world: PrepareRootInterations: 0ms 
2026-01-28 10:18:20.7467|INFO|HytaleClient.Application.Program|Loading world: PrepareInterations: 1ms 
2026-01-28 10:18:20.7537|INFO|HytaleClient.Networking.PacketHandler|PrepareBlockOverlayAtlas: 4ms 
2026-01-28 10:18:20.7739|INFO|HytaleClient.Networking.PacketHandler|PrepareWorldMap: 24ms 
2026-01-28 10:18:20.9983|INFO|HytaleClient.Networking.PacketHandler|PrepareParticles: 249ms 
2026-01-28 10:18:21.1048|INFO|HytaleClient.Networking.PacketHandler|PrepareItemAnimations: 355ms 
2026-01-28 10:18:21.3230|INFO|HytaleClient.Networking.PacketHandler|PrepareItems: 573ms 
2026-01-28 10:18:21.3730|INFO|HytaleClient.Networking.PacketHandler|PrepareBlockTypes: 623 ms 
2026-01-28 10:18:21.3730|WARN|HytaleClient.Networking.PacketHandler|All rendered chunks were discarded. 
2026-01-28 10:18:21.3730|WARN|HytaleClient.Networking.PacketHandler|All rendered chunks were discarded. 
2026-01-28 10:18:21.4106|INFO|HytaleClient.Networking.PacketHandler|PrepareEntitiesAtlas: 661ms 
2026-01-28 10:18:21.4589|INFO|HytaleClient.Networking.PacketHandler|Received JoinWorldPacket 
2026-01-28 10:18:21.7363|INFO|HytaleClient.Application.AppGameLoading|GameInstance.OnSetupComplete() 
2026-01-28 10:18:21.7462|INFO|HytaleClient.Networking.PacketHandler|Global: 997.0634ms 
2026-01-28 10:18:21.7462|INFO|HytaleClient.Networking.PacketHandler|ProcessJoinWorldPacket: FadeInOut is False 
2026-01-28 10:18:21.7462|INFO|HytaleClient.Application.AppGameLoading|GameInstance.PrepareJoiningWorld() 
2026-01-28 10:18:21.7462|INFO|HytaleClient.Application.AppGameLoading|GameInstance.StartJoiningWorld() 
2026-01-28 10:18:22.0904|WARN|HytaleClient.Networking.PacketHandler|A Equipment packet had been received on the local player 
2026-01-28 10:18:22.1033|WARN|HytaleClient.Networking.PacketHandler|A Equipment packet had been received on the local player 
2026-01-28 10:18:22.6697|INFO|HytaleClient.Application.AppGameLoading|GameInstance.OnWorldJoined() 
2026-01-28 10:18:22.6697|INFO|HytaleClient.Application.AppMainMenu|Changing from loading stage Loading to Complete 
2026-01-28 10:18:22.6697|INFO|HytaleClient.Application.Program|Changing from Stage GameLoading to InGame 
2026-01-28 10:18:22.7632|DEBUG|HytaleClient.Application.Program|Telemetry packet sent: event (seq: 76) 
2026-01-28 10:18:22.8362|DEBUG|HytaleClient.Application.Program|Telemetry packet sent: event (seq: 77) 
2026-01-28 10:18:22.8676|INFO|HytaleClient.Application.AppMainMenu|[AssetUpdate] BlockTypes: Starting AddOrUpdate 
2026-01-28 10:18:23.4487|WARN|HytaleClient.Networking.PacketHandler|All rendered chunks were discarded. 
2026-01-28 10:18:23.4716|INFO|HytaleClient.Application.AppMainMenu|[AssetUpdate] BlockTypes: Finished AddOrUpdate in 603ms 
2026-01-28 10:18:23.4716|WARN|HytaleClient.Networking.PacketHandler|A Equipment packet had been received on the local player 
2026-01-28 10:18:25.2047|INFO|HytaleClient.Application.AppMainMenu|[AssetUpdate] BlockTypes: Starting AddOrUpdate 
2026-01-28 10:18:25.2538|ERROR|HytaleClient.Networking.PacketHandler|Exception when handling packet 40 UpdateBlockTypes: System.Collections.Generic.KeyNotFoundException: The given key '949650efc4b3cd622384959ae4f800958f3756ebe3098c62ffde1c2a47bd294c' was not present in the dictionary.
   at HytaleClient!<BaseAddress>+0x137cca4
   at HytaleClient!<BaseAddress>+0x366218
   at HytaleClient!<BaseAddress>+0x364d20
   at HytaleClient!<BaseAddress>+0x1b1a70
   at HytaleClient!<BaseAddress>+0x1b9b39
   at HytaleClient!<BaseAddress>+0x1b8643
   at HytaleClient!<BaseAddress>+0x1b7d23
2026-01-28 10:18:25.2538|INFO|HytaleClient.Utils.SentryHelper|Sentry event captured: 903a2db3b9d64ac5b8e2e7b509470555 
2026-01-28 10:18:25.2906|INFO|HytaleClient.Application.AppInGame|Disconnected with error: 
2026-01-28 10:18:25.2906|ERROR|HytaleClient.Application.AppInGame|System.Collections.Generic.KeyNotFoundException: The given key '949650efc4b3cd622384959ae4f800958f3756ebe3098c62ffde1c2a47bd294c' was not present in the dictionary. System.Collections.Generic.KeyNotFoundException: The given key '949650efc4b3cd622384959ae4f800958f3756ebe3098c62ffde1c2a47bd294c' was not present in the dictionary.
   at HytaleClient!<BaseAddress>+0x137cca4
   at HytaleClient!<BaseAddress>+0x366218
   at HytaleClient!<BaseAddress>+0x364d20
   at HytaleClient!<BaseAddress>+0x1b1a70
   at HytaleClient!<BaseAddress>+0x1b9b39
   at HytaleClient!<BaseAddress>+0x1b8643
   at HytaleClient!<BaseAddress>+0x1b7d23
2026-01-28 10:18:25.2906|INFO|HytaleClient.Application.Program|Changing from Stage InGame to Disconnection 
2026-01-28 10:18:25.3376|INFO|HytaleClient.Application.Program|Generating new self-signed certificate... 
2026-01-28 10:18:25.5080|DEBUG|HytaleClient.Application.Program|Telemetry packet sent: event (seq: 78) 
2026-01-28 10:18:25.5222|INFO|HytaleClient.Application.Program|Certificate generated successfully in 184.5372ms. Fingerprint: 50sJFez66c4jMpXZNjt3-sGc3JglrtDhsooFwEnpYt4 
2026-01-28 10:18:25.5828|DEBUG|HytaleClient.Application.Program|Telemetry packet sent: event (seq: 79) 
2026-01-28 10:18:31.7715|INFO|HytaleClient.Application.Program|Changing from Stage Disconnection to MainMenu 
2026-01-28 10:18:31.9154|DEBUG|HytaleClient.Application.Program|Telemetry packet sent: event (seq: 80) 
2026-01-28 10:18:31.9482|INFO|HytaleClient.Application.Program|Built 75 GPU programs successfully. 
2026-01-28 10:18:31.9482|DEBUG|HytaleClient.Application.Program|GPU programs: BasicProgram, BasicFullScreenProgram, BasicFogProgram, BlockyModelForwardProgram, BlockyModelDitheringProgram, BlockyModelProgram, FirstPersonBlockyModelProgram, BlockyModelDistortionProgram, FirstPersonDistortionBlockyModelProgram, FirstPersonClippingBlockyModelProgram, MapChunkNearOpaqueProgram, MapChunkNearAlphaTestedProgram, MapChunkFarOpaqueProgram, MapChunkFarAlphaTestedProgram, MapChunkAlphaBlendedProgram, MapBlockAnimatedProgram, MapBlockAnimatedForwardProgram, SkyProgram, CloudsProgram, TextProgram, ParticleProgram, ParticleErosionProgram, ParticleDistortionProgram, ForceFieldProgram, BuilderToolProgram, WorldMapProgram, PostEffectProgram, InventoryPostEffectProgram, MainMenuPostEffectProgram, TemporalAAProgram, OITCompositeProgram, CubemapProgram, ZDownsampleProgram, LinearZDownsampleProgram, EdgeDetectionProgram, LinearZProgram, LightMixProgram, LightProgram, LightLowResProgram, LightClusteredProgram, MapChunkShadowMapProgram, MapBlockAnimatedShadowMapProgram, BlockyModelShadowMapProgram, BlockyModelOcclusionMapProgram, DeferredShadowProgram, SSAOProgram, BlurSSAOAndShadowProgram, DeferredProgram, ScreenBlitProgram, BlurProgram, DoFBlurProgram, DoFCircleOfConfusionProgram, DoFDownsampleProgram, DoFNearCoCMaxProgram, DoFNearCoCBlurProgram, DepthOfFieldAdvancedProgram, DoFFillProgram, BloomSelectProgram, BloomDownsampleBlurProgram, BloomUpsampleBlurProgram, BloomMaxProgram, BloomCompositeProgram, RadialGlowMaskProgram, RadialGlowLuminanceProgram, SunOcclusionDownsampleProgram, SceneBrightnessPackProgram, ZOnlyMapChunkProgram, ZOnlyMapChunkPlanesProgram, ZOnlyProgram, HiZReprojectProgram, HiZFillHoleProgram, HiZBuildProgram, HiZCullProgram, DebugDrawMapProgram, Batcher2DProgram 
2026-01-28 10:20:58.7544|INFO|HytaleClient.Application.AppStartup|Connecting to multiplayer server "Local Host" at localhost 
2026-01-28 10:20:58.9090|INFO|HytaleClient.Application.AppMainMenu|Connecting to server localhost:5520 
2026-01-28 10:20:58.9090|INFO|HytaleClient.Application.Program|Changing from Stage MainMenu to GameLoading 
2026-01-28 10:20:58.9090|INFO||Using mTLS with client certificate (fingerprint: 50sJFez66c4jMpXZNjt3-sGc3JglrtDhsooFwEnpYt4) 
2026-01-28 10:20:58.9090|INFO||Opening Quic Connection to localhost:5520 
2026-01-28 10:20:58.9090|DEBUG||Game server requesting client certificate, providing: 50sJFez66c4jMpXZNjt3-sGc3JglrtDhsooFwEnpYt4 
2026-01-28 10:20:59.1339|INFO||Server certificate fingerprint captured: NjCTSGpuZpoBBcnOV_h7SY7j2vHfznhRJdSKnR4n13w 
2026-01-28 10:20:59.1339|INFO||Accepting self-signed server certificate: CN=localhost 
2026-01-28 10:20:59.1339|INFO||Waiting for Quic Stream from localhost:5520 
2026-01-28 10:20:59.1339|INFO||Quic Stream connected to localhost:5520 
2026-01-28 10:20:59.1691|DEBUG|HytaleClient.Application.Program|Telemetry packet sent: event (seq: 81) 
2026-01-28 10:20:59.2313|INFO|HytaleClient.Application.AppMainMenu|Changing from loading stage Initial to Connecting 
2026-01-28 10:20:59.2313|INFO|HytaleClient.Application.AppMainMenu|Changing from loading stage Connecting to Loading 
2026-01-28 10:20:59.3107|DEBUG|HytaleClient.Application.Program|Telemetry packet sent: event (seq: 82) 
2026-01-28 10:20:59.3390|INFO|HytaleClient.Application.Program|Built 75 GPU programs successfully. 
2026-01-28 10:20:59.3390|DEBUG|HytaleClient.Application.Program|GPU programs: BasicProgram, BasicFullScreenProgram, BasicFogProgram, BlockyModelForwardProgram, BlockyModelDitheringProgram, BlockyModelProgram, FirstPersonBlockyModelProgram, BlockyModelDistortionProgram, FirstPersonDistortionBlockyModelProgram, FirstPersonClippingBlockyModelProgram, MapChunkNearOpaqueProgram, MapChunkNearAlphaTestedProgram, MapChunkFarOpaqueProgram, MapChunkFarAlphaTestedProgram, MapChunkAlphaBlendedProgram, MapBlockAnimatedProgram, MapBlockAnimatedForwardProgram, SkyProgram, CloudsProgram, TextProgram, ParticleProgram, ParticleErosionProgram, ParticleDistortionProgram, ForceFieldProgram, BuilderToolProgram, WorldMapProgram, PostEffectProgram, InventoryPostEffectProgram, MainMenuPostEffectProgram, TemporalAAProgram, OITCompositeProgram, CubemapProgram, ZDownsampleProgram, LinearZDownsampleProgram, EdgeDetectionProgram, LinearZProgram, LightMixProgram, LightProgram, LightLowResProgram, LightClusteredProgram, MapChunkShadowMapProgram, MapBlockAnimatedShadowMapProgram, BlockyModelShadowMapProgram, BlockyModelOcclusionMapProgram, DeferredShadowProgram, SSAOProgram, BlurSSAOAndShadowProgram, DeferredProgram, ScreenBlitProgram, BlurProgram, DoFBlurProgram, DoFCircleOfConfusionProgram, DoFDownsampleProgram, DoFNearCoCMaxProgram, DoFNearCoCBlurProgram, DepthOfFieldAdvancedProgram, DoFFillProgram, BloomSelectProgram, BloomDownsampleBlurProgram, BloomUpsampleBlurProgram, BloomMaxProgram, BloomCompositeProgram, RadialGlowMaskProgram, RadialGlowLuminanceProgram, SunOcclusionDownsampleProgram, SceneBrightnessPackProgram, ZOnlyMapChunkProgram, ZOnlyMapChunkPlanesProgram, ZOnlyProgram, HiZReprojectProgram, HiZFillHoleProgram, HiZBuildProgram, HiZCullProgram, DebugDrawMapProgram, Batcher2DProgram 
2026-01-28 10:20:59.4862|INFO|HytaleClient.Application.AppGameLoading|Starting authenticated connection flow 
2026-01-28 10:20:59.7595|INFO|HytaleClient.Application.AppMainMenu|Disconnected during loading (network) System.Net.Quic.QuicException: Connection aborted by peer (0).
   at HytaleClient!<BaseAddress>+0xa6f2bc
   at HytaleClient!<BaseAddress>+0xb27495
   at HytaleClient!<BaseAddress>+0xa10d10
   at HytaleClient!<BaseAddress>+0xa181ec
   at HytaleClient!<BaseAddress>+0xa18273
   at HytaleClient!<BaseAddress>+0xa18385
--- End of stack trace from previous location ---
   at HytaleClient!<BaseAddress>+0xb27450
   at HytaleClient!<BaseAddress>+0xa10ee2
   at HytaleClient!<BaseAddress>+0xa19ec0
--- End of stack trace from previous location ---
   at HytaleClient!<BaseAddress>+0xb27450
   at HytaleClient!<BaseAddress>+0xb29ca7
   at HytaleClient!<BaseAddress>+0xb29bcb
   at HytaleClient!<BaseAddress>+0x6aa061
2026-01-28 10:20:59.7595|INFO|HytaleClient.Application.AppMainMenu|Changing from loading stage Loading to Aborted 
2026-01-28 10:20:59.7595|INFO|HytaleClient.Application.Program|Changing from Stage GameLoading to Disconnection 
2026-01-28 10:20:59.7595|INFO|HytaleClient.Application.Program|Generating new self-signed certificate... 
2026-01-28 10:20:59.8442|DEBUG|HytaleClient.Application.Program|Telemetry packet sent: event (seq: 83) 
2026-01-28 10:20:59.8652|INFO|HytaleClient.Application.Program|Certificate generated successfully in 65.2119ms. Fingerprint: Pz6boE1vMsnKmzfejlkg5U-MzU4cqYX7mNPE7WwDvSY 
2026-01-28 10:20:59.9481|DEBUG|HytaleClient.Application.Program|Telemetry packet sent: event (seq: 84) 
2026-01-28 10:21:01.8489|INFO|HytaleClient.Application.AppMainMenu|Connecting to server localhost:5520 
2026-01-28 10:21:01.8489|INFO|HytaleClient.Application.Program|Changing from Stage Disconnection to GameLoading 
2026-01-28 10:21:01.8761|INFO||Using mTLS with client certificate (fingerprint: Pz6boE1vMsnKmzfejlkg5U-MzU4cqYX7mNPE7WwDvSY) 
2026-01-28 10:21:01.8761|INFO||Opening Quic Connection to localhost:5520 
2026-01-28 10:21:01.8761|DEBUG||Game server requesting client certificate, providing: Pz6boE1vMsnKmzfejlkg5U-MzU4cqYX7mNPE7WwDvSY 
2026-01-28 10:21:01.8953|INFO||Server certificate fingerprint captured: NjCTSGpuZpoBBcnOV_h7SY7j2vHfznhRJdSKnR4n13w 
2026-01-28 10:21:01.8953|INFO||Accepting self-signed server certificate: CN=localhost 
2026-01-28 10:21:01.8953|INFO||Waiting for Quic Stream from localhost:5520 
2026-01-28 10:21:01.8953|INFO||Quic Stream connected to localhost:5520 
2026-01-28 10:21:01.9693|DEBUG|HytaleClient.Application.Program|Telemetry packet sent: event (seq: 85) 
2026-01-28 10:21:02.0262|INFO|HytaleClient.Application.AppMainMenu|Changing from loading stage Initial to Connecting 
2026-01-28 10:21:02.0262|INFO|HytaleClient.Application.AppMainMenu|Changing from loading stage Connecting to Loading 
2026-01-28 10:21:02.1132|INFO|HytaleClient.Application.Program|Built 75 GPU programs successfully. 
2026-01-28 10:21:02.1132|DEBUG|HytaleClient.Application.Program|GPU programs: BasicProgram, BasicFullScreenProgram, BasicFogProgram, BlockyModelForwardProgram, BlockyModelDitheringProgram, BlockyModelProgram, FirstPersonBlockyModelProgram, BlockyModelDistortionProgram, FirstPersonDistortionBlockyModelProgram, FirstPersonClippingBlockyModelProgram, MapChunkNearOpaqueProgram, MapChunkNearAlphaTestedProgram, MapChunkFarOpaqueProgram, MapChunkFarAlphaTestedProgram, MapChunkAlphaBlendedProgram, MapBlockAnimatedProgram, MapBlockAnimatedForwardProgram, SkyProgram, CloudsProgram, TextProgram, ParticleProgram, ParticleErosionProgram, ParticleDistortionProgram, ForceFieldProgram, BuilderToolProgram, WorldMapProgram, PostEffectProgram, InventoryPostEffectProgram, MainMenuPostEffectProgram, TemporalAAProgram, OITCompositeProgram, CubemapProgram, ZDownsampleProgram, LinearZDownsampleProgram, EdgeDetectionProgram, LinearZProgram, LightMixProgram, LightProgram, LightLowResProgram, LightClusteredProgram, MapChunkShadowMapProgram, MapBlockAnimatedShadowMapProgram, BlockyModelShadowMapProgram, BlockyModelOcclusionMapProgram, DeferredShadowProgram, SSAOProgram, BlurSSAOAndShadowProgram, DeferredProgram, ScreenBlitProgram, BlurProgram, DoFBlurProgram, DoFCircleOfConfusionProgram, DoFDownsampleProgram, DoFNearCoCMaxProgram, DoFNearCoCBlurProgram, DepthOfFieldAdvancedProgram, DoFFillProgram, BloomSelectProgram, BloomDownsampleBlurProgram, BloomUpsampleBlurProgram, BloomMaxProgram, BloomCompositeProgram, RadialGlowMaskProgram, RadialGlowLuminanceProgram, SunOcclusionDownsampleProgram, SceneBrightnessPackProgram, ZOnlyMapChunkProgram, ZOnlyMapChunkPlanesProgram, ZOnlyProgram, HiZReprojectProgram, HiZFillHoleProgram, HiZBuildProgram, HiZCullProgram, DebugDrawMapProgram, Batcher2DProgram 
2026-01-28 10:21:02.1248|DEBUG|HytaleClient.Application.Program|Telemetry packet sent: event (seq: 86) 
2026-01-28 10:21:02.2491|INFO|HytaleClient.Application.AppGameLoading|Starting authenticated connection flow 
2026-01-28 10:21:02.5126|INFO|HytaleClient.Networking.PacketHandler|Received AuthGrant with server identity token 
2026-01-28 10:21:02.5126|INFO|HytaleClient.Networking.PacketHandler|Validating server identity token... 
2026-01-28 10:21:02.5126|DEBUG|HytaleClient.Utils.SentryHelper|Fetching JWKS from Session Service... 
2026-01-28 10:21:02.5995|INFO|HytaleClient.Utils.SentryHelper|Successfully fetched JWKS with 1 keys 
2026-01-28 10:21:02.5995|DEBUG||JWKS loaded with 1 keys (cached permanently) 
2026-01-28 10:21:02.5995|DEBUG||Ed25519 signature verified successfully 
2026-01-28 10:21:02.5995|DEBUG||User token validated successfully for c013444c-04d3-4ef1-beaa-1533fd7a3034 
2026-01-28 10:21:02.5995|INFO|HytaleClient.Networking.PacketHandler|Server identity validated: CodeCreature (c013444c-04d3-4ef1-beaa-1533fd7a3034, scope: hytale:server) 
2026-01-28 10:21:02.5995|INFO|HytaleClient.Networking.PacketHandler|Requesting auth grant for server 
2026-01-28 10:21:02.5995|DEBUG|HytaleClient.Utils.SentryHelper|Requesting auth grant for server using identity token 
2026-01-28 10:21:02.6837|INFO|HytaleClient.Utils.SentryHelper|Successfully obtained auth grant for server 
2026-01-28 10:21:02.6837|INFO|HytaleClient.Networking.PacketHandler|Obtained auth grant for server 
2026-01-28 10:21:02.6837|DEBUG|HytaleClient.Utils.SentryHelper|Exchanging authorization grant for access token 
2026-01-28 10:21:02.7678|INFO|HytaleClient.Utils.SentryHelper|Successfully obtained access token 
2026-01-28 10:21:02.7678|INFO|HytaleClient.Networking.PacketHandler|Successfully obtained JWT access token, sending AuthToken to server 
2026-01-28 10:21:02.8526|INFO|HytaleClient.Networking.PacketHandler|Received ServerAuthToken, validating server access token... 
2026-01-28 10:21:02.8526|DEBUG||Ed25519 signature verified successfully 
2026-01-28 10:21:02.8526|DEBUG||Certificate binding validated for server 
2026-01-28 10:21:02.8526|DEBUG||Server access token validated successfully for c013444c-04d3-4ef1-beaa-1533fd7a3034 
2026-01-28 10:21:02.8526|INFO|HytaleClient.Networking.PacketHandler|Mutual authentication complete! Server identity confirmed: CodeCreature (c013444c-04d3-4ef1-beaa-1533fd7a3034) 
2026-01-28 10:21:02.8526|INFO|HytaleClient.Networking.PacketHandler|No password required - authentication complete 
2026-01-28 10:21:02.9373|INFO|HytaleClient.Networking.PacketHandler|Stage WaitingForSetup -> SettingUp took 688ms 
2026-01-28 10:21:02.9452|INFO|HytaleClient.Networking.PacketHandler|Handle RequiredAssets at 696ms 
2026-01-28 10:21:02.9623|INFO|HytaleClient.Networking.PacketHandler|Finished handling RequiredAssets, took 17ms 
2026-01-28 10:21:03.0100|INFO|HytaleClient.Networking.PacketHandler|Received AssetType RepulsionConfig at 761ms 
2026-01-28 10:21:03.0100|INFO|HytaleClient.Networking.PacketHandler|Finished handling AssetType RepulsionConfig took 0ms 
2026-01-28 10:21:03.0100|INFO|HytaleClient.Networking.PacketHandler|Received AssetType ItemSoundSets at 761ms 
2026-01-28 10:21:03.0100|INFO|HytaleClient.Networking.PacketHandler|Finished handling AssetType ItemSoundSets took 0ms 
2026-01-28 10:21:03.0872|INFO|HytaleClient.Networking.PacketHandler|Received AssetType BlockTypes at 838ms 
2026-01-28 10:21:03.0872|INFO|HytaleClient.Networking.PacketHandler|Finished handling AssetType BlockTypes took 0ms 
2026-01-28 10:21:03.0872|INFO|HytaleClient.Networking.PacketHandler|Received AssetType FluidFX at 838ms 
2026-01-28 10:21:03.0872|INFO|HytaleClient.Networking.PacketHandler|Finished handling AssetType FluidFX took 0ms 
2026-01-28 10:21:03.1193|INFO|HytaleClient.Networking.PacketHandler|Received AssetType Items at 870ms 
2026-01-28 10:21:03.1193|INFO|HytaleClient.Networking.PacketHandler|Finished handling AssetType Items took 1ms 
2026-01-28 10:21:03.1193|INFO|HytaleClient.Networking.PacketHandler|Received AssetType Trails at 871ms 
2026-01-28 10:21:03.1193|INFO|HytaleClient.Networking.PacketHandler|Finished handling AssetType Trails took 0ms 
2026-01-28 10:21:03.1193|INFO|HytaleClient.Networking.PacketHandler|Received AssetType TagPatterns at 871ms 
2026-01-28 10:21:03.1193|INFO|HytaleClient.Networking.PacketHandler|Finished handling AssetType TagPatterns took 0ms 
2026-01-28 10:21:03.1193|INFO|HytaleClient.Networking.PacketHandler|Received AssetType Recipes at 873ms 
2026-01-28 10:21:03.1193|INFO|HytaleClient.Networking.PacketHandler|Finished handling AssetType Recipes took 0ms 
2026-01-28 10:21:03.1193|INFO|HytaleClient.Networking.PacketHandler|Received AssetType EntityUIComponents at 873ms 
2026-01-28 10:21:03.1193|INFO|HytaleClient.Networking.PacketHandler|Finished handling AssetType EntityUIComponents took 0ms 
2026-01-28 10:21:03.1341|INFO|HytaleClient.Networking.PacketHandler|Received AssetType BlockHitboxes at 885ms 
2026-01-28 10:21:03.1341|INFO|HytaleClient.Networking.PacketHandler|Finished handling AssetType BlockHitboxes took 1ms 
2026-01-28 10:21:03.1341|INFO|HytaleClient.Networking.PacketHandler|Received AssetType ResourceTypes at 886ms 
2026-01-28 10:21:03.1341|INFO|HytaleClient.Networking.PacketHandler|Finished handling AssetType ResourceTypes took 0ms 
2026-01-28 10:21:03.1341|INFO|HytaleClient.Networking.PacketHandler|Received AssetType ItemCategories at 886ms 
2026-01-28 10:21:03.1341|INFO|HytaleClient.Networking.PacketHandler|Finished handling AssetType ItemCategories took 0ms 
2026-01-28 10:21:03.1341|INFO|HytaleClient.Networking.PacketHandler|Received AssetType Weather at 888ms 
2026-01-28 10:21:03.1341|INFO|HytaleClient.Networking.PacketHandler|Finished handling AssetType Weather took 0ms 
2026-01-28 10:21:03.1498|INFO|HytaleClient.Networking.PacketHandler|Received AssetType ItemAnimations at 900ms 
2026-01-28 10:21:03.1498|INFO|HytaleClient.Networking.PacketHandler|Finished handling AssetType ItemAnimations took 1ms 
2026-01-28 10:21:03.1498|INFO|HytaleClient.Networking.PacketHandler|Received AssetType AmbienceFX at 902ms 
2026-01-28 10:21:03.1498|INFO|HytaleClient.Networking.PacketHandler|Finished handling AssetType AmbienceFX took 0ms 
2026-01-28 10:21:03.1827|INFO|HytaleClient.Networking.PacketHandler|Received AssetType ParticleSpawners at 933ms 
2026-01-28 10:21:03.1827|INFO|HytaleClient.Networking.PacketHandler|Finished handling AssetType ParticleSpawners took 1ms 
2026-01-28 10:21:03.2426|INFO|HytaleClient.Networking.PacketHandler|Received AssetType Interactions at 993ms 
2026-01-28 10:21:03.2426|INFO|HytaleClient.Networking.PacketHandler|Finished handling AssetType Interactions took 1ms 
2026-01-28 10:21:03.2426|INFO|HytaleClient.Networking.PacketHandler|Received AssetType SoundEvents at 997ms 
2026-01-28 10:21:03.2426|INFO|HytaleClient.Networking.PacketHandler|Finished handling AssetType SoundEvents took 0ms 
2026-01-28 10:21:03.2426|INFO|HytaleClient.Networking.PacketHandler|Received AssetType BlockSets at 998ms 
2026-01-28 10:21:03.2426|INFO|HytaleClient.Networking.PacketHandler|Finished handling AssetType BlockSets took 0ms 
2026-01-28 10:21:03.2426|INFO|HytaleClient.Networking.PacketHandler|Received AssetType EntityEffects at 1002ms 
2026-01-28 10:21:03.2426|INFO|HytaleClient.Networking.PacketHandler|Finished handling AssetType EntityEffects took 0ms 
2026-01-28 10:21:03.2426|INFO|HytaleClient.Networking.PacketHandler|Received AssetType BlockBreakingDecals at 1002ms 
2026-01-28 10:21:03.2426|INFO|HytaleClient.Networking.PacketHandler|Finished handling AssetType BlockBreakingDecals took 0ms 
2026-01-28 10:21:03.2426|INFO|HytaleClient.Networking.PacketHandler|Received AssetType BlockSoundSets at 1003ms 
2026-01-28 10:21:03.2426|INFO|HytaleClient.Networking.PacketHandler|Finished handling AssetType BlockSoundSets took 0ms 
2026-01-28 10:21:03.2426|INFO|HytaleClient.Networking.PacketHandler|Received AssetType ItemReticles at 1004ms 
2026-01-28 10:21:03.2426|INFO|HytaleClient.Networking.PacketHandler|Finished handling AssetType ItemReticles took 0ms 
2026-01-28 10:21:03.2426|INFO|HytaleClient.Networking.PacketHandler|Received AssetType Fluids at 1005ms 
2026-01-28 10:21:03.2426|INFO|HytaleClient.Networking.PacketHandler|Finished handling AssetType Fluids took 0ms 
2026-01-28 10:21:03.2426|INFO|HytaleClient.Networking.PacketHandler|Received AssetType EqualizerEffects at 1006ms 
2026-01-28 10:21:03.2426|INFO|HytaleClient.Networking.PacketHandler|Finished handling AssetType EqualizerEffects took 0ms 
2026-01-28 10:21:03.2426|INFO|HytaleClient.Networking.PacketHandler|Received AssetType BlockTypes, Items at 1007ms 
2026-01-28 10:21:03.2426|INFO|HytaleClient.Networking.PacketHandler|Received AssetType ItemQuality at 1007ms 
2026-01-28 10:21:03.2426|INFO|HytaleClient.Networking.PacketHandler|Finished handling AssetType ItemQuality took 0ms 
2026-01-28 10:21:03.2426|INFO|HytaleClient.Networking.PacketHandler|Received AssetType UnarmedInteractions at 1008ms 
2026-01-28 10:21:03.2426|INFO|HytaleClient.Networking.PacketHandler|Finished handling AssetType UnarmedInteractions took 0ms 
2026-01-28 10:21:03.2576|INFO|HytaleClient.Networking.PacketHandler|Received AssetType AudioCategories at 1008ms 
2026-01-28 10:21:03.2576|INFO|HytaleClient.Networking.PacketHandler|Finished handling AssetType AudioCategories took 0ms 
2026-01-28 10:21:03.2576|INFO|HytaleClient.Networking.PacketHandler|Received AssetType SoundSets at 1009ms 
2026-01-28 10:21:03.2576|INFO|HytaleClient.Networking.PacketHandler|Finished handling AssetType SoundSets took 0ms 
2026-01-28 10:21:03.2576|INFO|HytaleClient.Networking.PacketHandler|Received AssetType ParticleSystems at 1016ms 
2026-01-28 10:21:03.2576|INFO|HytaleClient.Networking.PacketHandler|Finished handling AssetType ParticleSystems took 0ms 
2026-01-28 10:21:03.2576|INFO|HytaleClient.Networking.PacketHandler|Received AssetType ModelVFX at 1016ms 
2026-01-28 10:21:03.2576|INFO|HytaleClient.Networking.PacketHandler|Finished handling AssetType ModelVFX took 0ms 
2026-01-28 10:21:03.2576|INFO|HytaleClient.Networking.PacketHandler|Received AssetType FieldcraftCategories at 1020ms 
2026-01-28 10:21:03.2576|INFO|HytaleClient.Networking.PacketHandler|Finished handling AssetType FieldcraftCategories took 0ms 
2026-01-28 10:21:03.2576|INFO|HytaleClient.Networking.PacketHandler|Received AssetType EntityStatTypes at 1020ms 
2026-01-28 10:21:03.2576|INFO|HytaleClient.Networking.PacketHandler|Finished handling AssetType EntityStatTypes took 0ms 
2026-01-28 10:21:03.2576|INFO|HytaleClient.Networking.PacketHandler|Received AssetType HitboxCollisionConfig at 1021ms 
2026-01-28 10:21:03.2576|INFO|HytaleClient.Networking.PacketHandler|Finished handling AssetType HitboxCollisionConfig took 0ms 
2026-01-28 10:21:03.2954|INFO|HytaleClient.Networking.PacketHandler|Received AssetType RootInteractions at 1046ms 
2026-01-28 10:21:03.3157|INFO|HytaleClient.Networking.PacketHandler|Finished handling AssetType RootInteractions took 20ms 
2026-01-28 10:21:03.3157|INFO|HytaleClient.Networking.PacketHandler|Received AssetType ReverbEffects at 1066ms 
2026-01-28 10:21:03.3157|INFO|HytaleClient.Networking.PacketHandler|Finished handling AssetType ReverbEffects took 0ms 
2026-01-28 10:21:03.3157|INFO|HytaleClient.Networking.PacketHandler|Received AssetType Environment at 1066ms 
2026-01-28 10:21:03.3157|INFO|HytaleClient.Networking.PacketHandler|Finished handling AssetType Environment took 1ms 
2026-01-28 10:21:03.3157|INFO|HytaleClient.Networking.PacketHandler|Received AssetType BlockParticleSets at 1067ms 
2026-01-28 10:21:03.3157|INFO|HytaleClient.Networking.PacketHandler|Finished handling AssetType BlockParticleSets took 0ms 
2026-01-28 10:21:03.3157|INFO|HytaleClient.Networking.PacketHandler|Received AssetType Translations at 1069ms 
2026-01-28 10:21:03.3157|INFO|HytaleClient.Networking.PacketHandler|Finished handling AssetType Translations took 0ms 
2026-01-28 10:21:03.3157|INFO|HytaleClient.Networking.PacketHandler|Stage SettingUp -> Playing took 380ms 
2026-01-28 10:21:03.3157|INFO|HytaleClient.Networking.PacketHandler|PrepareAmbienceFX: 0ms 
2026-01-28 10:21:03.3199|INFO|HytaleClient.Application.Program|Loading world: PrepareRootInterations: 1ms 
2026-01-28 10:21:03.3199|INFO|HytaleClient.Application.Program|Loading world: PrepareInterations: 1ms 
2026-01-28 10:21:03.3199|INFO|HytaleClient.Networking.PacketHandler|PrepareBlockOverlayAtlas: 4ms 
2026-01-28 10:21:03.3444|INFO|HytaleClient.Networking.PacketHandler|PrepareWorldMap: 25ms 
2026-01-28 10:21:03.5656|INFO|HytaleClient.Networking.PacketHandler|PrepareParticles: 247ms 
2026-01-28 10:21:03.6244|INFO|HytaleClient.Networking.PacketHandler|PrepareItemAnimations: 306ms 
2026-01-28 10:21:03.8517|INFO|HytaleClient.Networking.PacketHandler|PrepareItems: 533ms 
2026-01-28 10:21:03.8991|INFO|HytaleClient.Networking.PacketHandler|PrepareBlockTypes: 580 ms 
2026-01-28 10:21:03.8991|WARN|HytaleClient.Networking.PacketHandler|All rendered chunks were discarded. 
2026-01-28 10:21:03.8991|WARN|HytaleClient.Networking.PacketHandler|All rendered chunks were discarded. 
2026-01-28 10:21:03.9863|INFO|HytaleClient.Networking.PacketHandler|PrepareEntitiesAtlas: 668ms 
2026-01-28 10:21:04.0151|INFO|HytaleClient.Networking.PacketHandler|Received JoinWorldPacket 
2026-01-28 10:21:04.3060|INFO|HytaleClient.Application.AppGameLoading|GameInstance.OnSetupComplete() 
2026-01-28 10:21:04.3060|INFO|HytaleClient.Networking.PacketHandler|Global: 995.3159ms 
2026-01-28 10:21:04.3060|INFO|HytaleClient.Networking.PacketHandler|ProcessJoinWorldPacket: FadeInOut is False 
2026-01-28 10:21:04.3060|INFO|HytaleClient.Application.AppGameLoading|GameInstance.PrepareJoiningWorld() 
2026-01-28 10:21:04.3060|INFO|HytaleClient.Application.AppGameLoading|GameInstance.StartJoiningWorld() 
2026-01-28 10:21:04.6571|WARN|HytaleClient.Networking.PacketHandler|A Equipment packet had been received on the local player 
2026-01-28 10:21:04.6571|WARN|HytaleClient.Networking.PacketHandler|A Equipment packet had been received on the local player 
2026-01-28 10:21:05.1660|INFO|HytaleClient.Application.AppGameLoading|GameInstance.OnWorldJoined() 
2026-01-28 10:21:05.1660|INFO|HytaleClient.Application.AppMainMenu|Changing from loading stage Loading to Complete 
2026-01-28 10:21:05.1660|INFO|HytaleClient.Application.Program|Changing from Stage GameLoading to InGame 
2026-01-28 10:21:05.2721|DEBUG|HytaleClient.Application.Program|Telemetry packet sent: event (seq: 87) 
2026-01-28 10:21:05.3598|DEBUG|HytaleClient.Application.Program|Telemetry packet sent: event (seq: 88) 
2026-01-28 10:21:05.3598|INFO|HytaleClient.Application.AppMainMenu|[AssetUpdate] BlockTypes: Starting AddOrUpdate 
2026-01-28 10:21:05.9387|WARN|HytaleClient.Networking.PacketHandler|All rendered chunks were discarded. 
2026-01-28 10:21:05.9487|INFO|HytaleClient.Application.AppMainMenu|[AssetUpdate] BlockTypes: Finished AddOrUpdate in 587ms 
2026-01-28 10:21:05.9487|WARN|HytaleClient.Networking.PacketHandler|A Equipment packet had been received on the local player 
2026-01-28 10:21:07.7621|INFO|HytaleClient.Application.AppMainMenu|[AssetUpdate] BlockTypes: Starting AddOrUpdate 
2026-01-28 10:21:07.8160|INFO|HytaleClient.Application.AppMainMenu|[AssetUpdate] BlockTypes: Finished AddOrUpdate in 53ms 
2026-01-28 10:21:08.8613|INFO|HytaleClient.Application.AppMainMenu|[AssetUpdate] BlockTypes: Starting AddOrUpdate 
2026-01-28 10:21:08.9103|INFO|HytaleClient.Application.AppMainMenu|[AssetUpdate] BlockTypes: Finished AddOrUpdate in 48ms 
2026-01-28 10:21:08.9678|INFO|HytaleClient.Application.AppMainMenu|[AssetUpdate] BlockTypes: Starting AddOrUpdate 
2026-01-28 10:21:09.0226|INFO|HytaleClient.Application.AppMainMenu|[AssetUpdate] BlockTypes: Finished AddOrUpdate in 54ms 
2026-01-28 10:21:11.5613|INFO|HytaleClient.Application.AppMainMenu|[AssetUpdate] BlockTypes: Starting AddOrUpdate 
2026-01-28 10:21:11.6100|INFO|HytaleClient.Application.AppMainMenu|[AssetUpdate] BlockTypes: Starting AddOrUpdate 
2026-01-28 10:21:11.6263|INFO|HytaleClient.Application.AppMainMenu|[AssetUpdate] BlockTypes: Finished AddOrUpdate in 64ms 
2026-01-28 10:21:11.6516|ERROR|HytaleClient.Networking.PacketHandler|Exception when handling packet 140 ServerSetBlock: System.NullReferenceException: Object reference not set to an instance of an object.
   at HytaleClient!<BaseAddress>+0x368987
   at HytaleClient!<BaseAddress>+0x1b6121
   at HytaleClient!<BaseAddress>+0x1b9a89
   at HytaleClient!<BaseAddress>+0x1b8643
   at HytaleClient!<BaseAddress>+0x1b7d23
2026-01-28 10:21:11.6516|INFO|HytaleClient.Utils.SentryHelper|Sentry event captured: 09be74e6f92248e88bf37eded743c443 
2026-01-28 10:21:11.6516|INFO|HytaleClient.Application.AppMainMenu|[AssetUpdate] BlockTypes: Finished AddOrUpdate in 44ms 
2026-01-28 10:21:11.6516|INFO|HytaleClient.Application.AppInGame|Disconnected with error: 
2026-01-28 10:21:11.6516|ERROR|HytaleClient.Application.AppInGame|System.NullReferenceException: Object reference not set to an instance of an object. System.NullReferenceException: Object reference not set to an instance of an object.
   at HytaleClient!<BaseAddress>+0x368987
   at HytaleClient!<BaseAddress>+0x1b6121
   at HytaleClient!<BaseAddress>+0x1b9a89
   at HytaleClient!<BaseAddress>+0x1b8643
   at HytaleClient!<BaseAddress>+0x1b7d23
2026-01-28 10:21:11.6516|INFO|HytaleClient.Application.Program|Changing from Stage InGame to Disconnection 
2026-01-28 10:21:11.7323|INFO|HytaleClient.Application.Program|Generating new self-signed certificate... 
2026-01-28 10:21:11.8994|DEBUG|HytaleClient.Application.Program|Telemetry packet sent: event (seq: 89) 
2026-01-28 10:21:11.8994|INFO|HytaleClient.Application.Program|Certificate generated successfully in 180.5434ms. Fingerprint: ZscD9OYaQOK5C-5n1ProZu8MNWwu9StUwWVuXT3jaSw 
2026-01-28 10:21:11.9780|DEBUG|HytaleClient.Application.Program|Telemetry packet sent: event (seq: 90) 
2026-01-28 10:21:16.4764|INFO|HytaleClient.Application.Program|Changing from Stage Disconnection to MainMenu 
2026-01-28 10:21:16.6311|DEBUG|HytaleClient.Application.Program|Telemetry packet sent: event (seq: 91) 
2026-01-28 10:21:16.6534|INFO|HytaleClient.Application.Program|Built 75 GPU programs successfully. 
2026-01-28 10:21:16.6534|DEBUG|HytaleClient.Application.Program|GPU programs: BasicProgram, BasicFullScreenProgram, BasicFogProgram, BlockyModelForwardProgram, BlockyModelDitheringProgram, BlockyModelProgram, FirstPersonBlockyModelProgram, BlockyModelDistortionProgram, FirstPersonDistortionBlockyModelProgram, FirstPersonClippingBlockyModelProgram, MapChunkNearOpaqueProgram, MapChunkNearAlphaTestedProgram, MapChunkFarOpaqueProgram, MapChunkFarAlphaTestedProgram, MapChunkAlphaBlendedProgram, MapBlockAnimatedProgram, MapBlockAnimatedForwardProgram, SkyProgram, CloudsProgram, TextProgram, ParticleProgram, ParticleErosionProgram, ParticleDistortionProgram, ForceFieldProgram, BuilderToolProgram, WorldMapProgram, PostEffectProgram, InventoryPostEffectProgram, MainMenuPostEffectProgram, TemporalAAProgram, OITCompositeProgram, CubemapProgram, ZDownsampleProgram, LinearZDownsampleProgram, EdgeDetectionProgram, LinearZProgram, LightMixProgram, LightProgram, LightLowResProgram, LightClusteredProgram, MapChunkShadowMapProgram, MapBlockAnimatedShadowMapProgram, BlockyModelShadowMapProgram, BlockyModelOcclusionMapProgram, DeferredShadowProgram, SSAOProgram, BlurSSAOAndShadowProgram, DeferredProgram, ScreenBlitProgram, BlurProgram, DoFBlurProgram, DoFCircleOfConfusionProgram, DoFDownsampleProgram, DoFNearCoCMaxProgram, DoFNearCoCBlurProgram, DepthOfFieldAdvancedProgram, DoFFillProgram, BloomSelectProgram, BloomDownsampleBlurProgram, BloomUpsampleBlurProgram, BloomMaxProgram, BloomCompositeProgram, RadialGlowMaskProgram, RadialGlowLuminanceProgram, SunOcclusionDownsampleProgram, SceneBrightnessPackProgram, ZOnlyMapChunkProgram, ZOnlyMapChunkPlanesProgram, ZOnlyProgram, HiZReprojectProgram, HiZFillHoleProgram, HiZBuildProgram, HiZCullProgram, DebugDrawMapProgram, Batcher2DProgram 
2026-01-28 10:22:46.5057|DEBUG|HytaleClient.Application.Program|Telemetry packet sent: heartbeat (seq: 92) 
2026-01-28 10:27:46.5312|DEBUG|HytaleClient.Application.Program|Telemetry packet sent: heartbeat (seq: 93) 
2026-01-28 10:27:57.4421|INFO|HytaleClient.Application.AppStartup|Connecting to multiplayer server "Local Host" at localhost 
2026-01-28 10:27:57.5950|INFO|HytaleClient.Application.AppMainMenu|Connecting to server localhost:5520 
2026-01-28 10:27:57.5950|INFO|HytaleClient.Application.Program|Changing from Stage MainMenu to GameLoading 
2026-01-28 10:27:57.5950|INFO||Using mTLS with client certificate (fingerprint: ZscD9OYaQOK5C-5n1ProZu8MNWwu9StUwWVuXT3jaSw) 
2026-01-28 10:27:57.5950|INFO||Opening Quic Connection to localhost:5520 
2026-01-28 10:27:57.5950|DEBUG||Game server requesting client certificate, providing: ZscD9OYaQOK5C-5n1ProZu8MNWwu9StUwWVuXT3jaSw 
2026-01-28 10:27:57.7470|INFO||Server certificate fingerprint captured: SkEE6EeIUbVxvPJ7xcFIKqr-41Pzb1eJMNe-v1-86_Y 
2026-01-28 10:27:57.7470|INFO||Accepting self-signed server certificate: CN=localhost 
2026-01-28 10:27:57.7470|INFO||Waiting for Quic Stream from localhost:5520 
2026-01-28 10:27:57.7470|INFO||Quic Stream connected to localhost:5520 
2026-01-28 10:27:57.7792|DEBUG|HytaleClient.Application.Program|Telemetry packet sent: event (seq: 94) 
2026-01-28 10:27:57.8516|INFO|HytaleClient.Application.AppMainMenu|Changing from loading stage Initial to Connecting 
2026-01-28 10:27:57.8516|INFO|HytaleClient.Application.AppMainMenu|Changing from loading stage Connecting to Loading 
2026-01-28 10:27:57.9452|INFO|HytaleClient.Application.Program|Built 75 GPU programs successfully. 
2026-01-28 10:27:57.9452|DEBUG|HytaleClient.Application.Program|GPU programs: BasicProgram, BasicFullScreenProgram, BasicFogProgram, BlockyModelForwardProgram, BlockyModelDitheringProgram, BlockyModelProgram, FirstPersonBlockyModelProgram, BlockyModelDistortionProgram, FirstPersonDistortionBlockyModelProgram, FirstPersonClippingBlockyModelProgram, MapChunkNearOpaqueProgram, MapChunkNearAlphaTestedProgram, MapChunkFarOpaqueProgram, MapChunkFarAlphaTestedProgram, MapChunkAlphaBlendedProgram, MapBlockAnimatedProgram, MapBlockAnimatedForwardProgram, SkyProgram, CloudsProgram, TextProgram, ParticleProgram, ParticleErosionProgram, ParticleDistortionProgram, ForceFieldProgram, BuilderToolProgram, WorldMapProgram, PostEffectProgram, InventoryPostEffectProgram, MainMenuPostEffectProgram, TemporalAAProgram, OITCompositeProgram, CubemapProgram, ZDownsampleProgram, LinearZDownsampleProgram, EdgeDetectionProgram, LinearZProgram, LightMixProgram, LightProgram, LightLowResProgram, LightClusteredProgram, MapChunkShadowMapProgram, MapBlockAnimatedShadowMapProgram, BlockyModelShadowMapProgram, BlockyModelOcclusionMapProgram, DeferredShadowProgram, SSAOProgram, BlurSSAOAndShadowProgram, DeferredProgram, ScreenBlitProgram, BlurProgram, DoFBlurProgram, DoFCircleOfConfusionProgram, DoFDownsampleProgram, DoFNearCoCMaxProgram, DoFNearCoCBlurProgram, DepthOfFieldAdvancedProgram, DoFFillProgram, BloomSelectProgram, BloomDownsampleBlurProgram, BloomUpsampleBlurProgram, BloomMaxProgram, BloomCompositeProgram, RadialGlowMaskProgram, RadialGlowLuminanceProgram, SunOcclusionDownsampleProgram, SceneBrightnessPackProgram, ZOnlyMapChunkProgram, ZOnlyMapChunkPlanesProgram, ZOnlyProgram, HiZReprojectProgram, HiZFillHoleProgram, HiZBuildProgram, HiZCullProgram, DebugDrawMapProgram, Batcher2DProgram 
2026-01-28 10:27:57.9452|DEBUG|HytaleClient.Application.Program|Telemetry packet sent: event (seq: 95) 
2026-01-28 10:27:58.0855|INFO|HytaleClient.Application.AppGameLoading|Starting authenticated connection flow 
2026-01-28 10:27:58.5222|INFO|HytaleClient.Networking.PacketHandler|Received AuthGrant with server identity token 
2026-01-28 10:27:58.5222|INFO|HytaleClient.Networking.PacketHandler|Validating server identity token... 
2026-01-28 10:27:58.5222|DEBUG|HytaleClient.Utils.SentryHelper|Fetching JWKS from Session Service... 
2026-01-28 10:27:58.6306|INFO|HytaleClient.Utils.SentryHelper|Successfully fetched JWKS with 1 keys 
2026-01-28 10:27:58.6306|DEBUG||JWKS loaded with 1 keys (cached permanently) 
2026-01-28 10:27:58.6306|DEBUG||Ed25519 signature verified successfully 
2026-01-28 10:27:58.6306|DEBUG||User token validated successfully for c013444c-04d3-4ef1-beaa-1533fd7a3034 
2026-01-28 10:27:58.6306|INFO|HytaleClient.Networking.PacketHandler|Server identity validated: CodeCreature (c013444c-04d3-4ef1-beaa-1533fd7a3034, scope: hytale:server) 
2026-01-28 10:27:58.6306|INFO|HytaleClient.Networking.PacketHandler|Requesting auth grant for server 
2026-01-28 10:27:58.6306|DEBUG|HytaleClient.Utils.SentryHelper|Requesting auth grant for server using identity token 
2026-01-28 10:27:58.7097|INFO|HytaleClient.Utils.SentryHelper|Successfully obtained auth grant for server 
2026-01-28 10:27:58.7097|INFO|HytaleClient.Networking.PacketHandler|Obtained auth grant for server 
2026-01-28 10:27:58.7097|DEBUG|HytaleClient.Utils.SentryHelper|Exchanging authorization grant for access token 
2026-01-28 10:27:58.7901|INFO|HytaleClient.Utils.SentryHelper|Successfully obtained access token 
2026-01-28 10:27:58.7901|INFO|HytaleClient.Networking.PacketHandler|Successfully obtained JWT access token, sending AuthToken to server 
2026-01-28 10:27:58.8936|INFO|HytaleClient.Networking.PacketHandler|Received ServerAuthToken, validating server access token... 
2026-01-28 10:27:58.8936|DEBUG||Ed25519 signature verified successfully 
2026-01-28 10:27:58.8936|DEBUG||Certificate binding validated for server 
2026-01-28 10:27:58.8936|DEBUG||Server access token validated successfully for c013444c-04d3-4ef1-beaa-1533fd7a3034 
2026-01-28 10:27:58.8936|INFO|HytaleClient.Networking.PacketHandler|Mutual authentication complete! Server identity confirmed: CodeCreature (c013444c-04d3-4ef1-beaa-1533fd7a3034) 
2026-01-28 10:27:58.8936|INFO|HytaleClient.Networking.PacketHandler|No password required - authentication complete 
2026-01-28 10:27:58.9870|INFO|HytaleClient.Networking.PacketHandler|Stage WaitingForSetup -> SettingUp took 901ms 
2026-01-28 10:27:58.9949|INFO|HytaleClient.Networking.PacketHandler|Handle RequiredAssets at 909ms 
2026-01-28 10:27:59.0138|INFO|HytaleClient.Networking.PacketHandler|Finished handling RequiredAssets, took 19ms 
2026-01-28 10:27:59.0645|INFO|HytaleClient.Networking.PacketHandler|Received AssetType RepulsionConfig at 979ms 
2026-01-28 10:27:59.0645|INFO|HytaleClient.Networking.PacketHandler|Finished handling AssetType RepulsionConfig took 0ms 
2026-01-28 10:27:59.0645|INFO|HytaleClient.Networking.PacketHandler|Received AssetType EntityUIComponents at 979ms 
2026-01-28 10:27:59.0645|INFO|HytaleClient.Networking.PacketHandler|Finished handling AssetType EntityUIComponents took 0ms 
2026-01-28 10:27:59.0660|INFO|HytaleClient.Networking.PacketHandler|Received AssetType ItemSoundSets at 980ms 
2026-01-28 10:27:59.0660|INFO|HytaleClient.Networking.PacketHandler|Finished handling AssetType ItemSoundSets took 0ms 
2026-01-28 10:27:59.1376|INFO|HytaleClient.Networking.PacketHandler|Received AssetType BlockTypes at 1052ms 
2026-01-28 10:27:59.1376|INFO|HytaleClient.Networking.PacketHandler|Finished handling AssetType BlockTypes took 0ms 
2026-01-28 10:27:59.1376|INFO|HytaleClient.Networking.PacketHandler|Received AssetType FluidFX at 1052ms 
2026-01-28 10:27:59.1376|INFO|HytaleClient.Networking.PacketHandler|Finished handling AssetType FluidFX took 0ms 
2026-01-28 10:27:59.1769|INFO|HytaleClient.Networking.PacketHandler|Received AssetType Items at 1091ms 
2026-01-28 10:27:59.1769|INFO|HytaleClient.Networking.PacketHandler|Finished handling AssetType Items took 1ms 
2026-01-28 10:27:59.1769|INFO|HytaleClient.Networking.PacketHandler|Received AssetType Trails at 1092ms 
2026-01-28 10:27:59.1769|INFO|HytaleClient.Networking.PacketHandler|Finished handling AssetType Trails took 0ms 
2026-01-28 10:27:59.1769|INFO|HytaleClient.Networking.PacketHandler|Received AssetType TagPatterns at 1092ms 
2026-01-28 10:27:59.1769|INFO|HytaleClient.Networking.PacketHandler|Finished handling AssetType TagPatterns took 0ms 
2026-01-28 10:27:59.1769|INFO|HytaleClient.Networking.PacketHandler|Received AssetType Recipes at 1093ms 
2026-01-28 10:27:59.1769|INFO|HytaleClient.Networking.PacketHandler|Finished handling AssetType Recipes took 0ms 
2026-01-28 10:27:59.1769|INFO|HytaleClient.Networking.PacketHandler|Received AssetType BlockHitboxes at 1093ms 
2026-01-28 10:27:59.1769|INFO|HytaleClient.Networking.PacketHandler|Finished handling AssetType BlockHitboxes took 1ms 
2026-01-28 10:27:59.1769|INFO|HytaleClient.Networking.PacketHandler|Received AssetType ResourceTypes at 1094ms 
2026-01-28 10:27:59.1769|INFO|HytaleClient.Networking.PacketHandler|Finished handling AssetType ResourceTypes took 0ms 
2026-01-28 10:27:59.1769|INFO|HytaleClient.Networking.PacketHandler|Received AssetType ItemCategories at 1094ms 
2026-01-28 10:27:59.1769|INFO|HytaleClient.Networking.PacketHandler|Finished handling AssetType ItemCategories took 0ms 
2026-01-28 10:27:59.1769|INFO|HytaleClient.Networking.PacketHandler|Received AssetType Weather at 1094ms 
2026-01-28 10:27:59.1769|INFO|HytaleClient.Networking.PacketHandler|Finished handling AssetType Weather took 1ms 
2026-01-28 10:27:59.2007|INFO|HytaleClient.Networking.PacketHandler|Received AssetType ItemAnimations at 1115ms 
2026-01-28 10:27:59.2007|INFO|HytaleClient.Networking.PacketHandler|Finished handling AssetType ItemAnimations took 0ms 
2026-01-28 10:27:59.2007|INFO|HytaleClient.Networking.PacketHandler|Received AssetType AmbienceFX at 1115ms 
2026-01-28 10:27:59.2007|INFO|HytaleClient.Networking.PacketHandler|Finished handling AssetType AmbienceFX took 0ms 
2026-01-28 10:27:59.2154|INFO|HytaleClient.Networking.PacketHandler|Received AssetType ParticleSpawners at 1129ms 
2026-01-28 10:27:59.2154|INFO|HytaleClient.Networking.PacketHandler|Finished handling AssetType ParticleSpawners took 1ms 
2026-01-28 10:27:59.3053|INFO|HytaleClient.Networking.PacketHandler|Received AssetType Interactions at 1219ms 
2026-01-28 10:27:59.3053|INFO|HytaleClient.Networking.PacketHandler|Finished handling AssetType Interactions took 1ms 
2026-01-28 10:27:59.3053|INFO|HytaleClient.Networking.PacketHandler|Received AssetType SoundEvents at 1220ms 
2026-01-28 10:27:59.3053|INFO|HytaleClient.Networking.PacketHandler|Finished handling AssetType SoundEvents took 1ms 
2026-01-28 10:27:59.3053|INFO|HytaleClient.Networking.PacketHandler|Received AssetType BlockSets at 1221ms 
2026-01-28 10:27:59.3053|INFO|HytaleClient.Networking.PacketHandler|Finished handling AssetType BlockSets took 0ms 
2026-01-28 10:27:59.3053|INFO|HytaleClient.Networking.PacketHandler|Received AssetType EntityEffects at 1223ms 
2026-01-28 10:27:59.3053|INFO|HytaleClient.Networking.PacketHandler|Finished handling AssetType EntityEffects took 1ms 
2026-01-28 10:27:59.3053|INFO|HytaleClient.Networking.PacketHandler|Received AssetType BlockBreakingDecals at 1224ms 
2026-01-28 10:27:59.3053|INFO|HytaleClient.Networking.PacketHandler|Finished handling AssetType BlockBreakingDecals took 0ms 
2026-01-28 10:27:59.3053|INFO|HytaleClient.Networking.PacketHandler|Received AssetType BlockSoundSets at 1224ms 
2026-01-28 10:27:59.3053|INFO|HytaleClient.Networking.PacketHandler|Finished handling AssetType BlockSoundSets took 0ms 
2026-01-28 10:27:59.3053|INFO|HytaleClient.Networking.PacketHandler|Received AssetType ItemReticles at 1227ms 
2026-01-28 10:27:59.3053|INFO|HytaleClient.Networking.PacketHandler|Finished handling AssetType ItemReticles took 0ms 
2026-01-28 10:27:59.3053|INFO|HytaleClient.Networking.PacketHandler|Received AssetType Fluids at 1227ms 
2026-01-28 10:27:59.3053|INFO|HytaleClient.Networking.PacketHandler|Finished handling AssetType Fluids took 0ms 
2026-01-28 10:27:59.3053|INFO|HytaleClient.Networking.PacketHandler|Received AssetType EqualizerEffects at 1228ms 
2026-01-28 10:27:59.3053|INFO|HytaleClient.Networking.PacketHandler|Finished handling AssetType EqualizerEffects took 0ms 
2026-01-28 10:27:59.3053|INFO|HytaleClient.Networking.PacketHandler|Received AssetType BlockTypes, Items at 1229ms 
2026-01-28 10:27:59.3053|INFO|HytaleClient.Networking.PacketHandler|Received AssetType ItemQuality at 1229ms 
2026-01-28 10:27:59.3053|INFO|HytaleClient.Networking.PacketHandler|Finished handling AssetType ItemQuality took 0ms 
2026-01-28 10:27:59.3053|INFO|HytaleClient.Networking.PacketHandler|Received AssetType UnarmedInteractions at 1229ms 
2026-01-28 10:27:59.3053|INFO|HytaleClient.Networking.PacketHandler|Finished handling AssetType UnarmedInteractions took 0ms 
2026-01-28 10:27:59.3053|INFO|HytaleClient.Networking.PacketHandler|Received AssetType AudioCategories at 1230ms 
2026-01-28 10:27:59.3161|INFO|HytaleClient.Networking.PacketHandler|Finished handling AssetType AudioCategories took 0ms 
2026-01-28 10:27:59.3161|INFO|HytaleClient.Networking.PacketHandler|Received AssetType SoundSets at 1231ms 
2026-01-28 10:27:59.3161|INFO|HytaleClient.Networking.PacketHandler|Finished handling AssetType SoundSets took 0ms 
2026-01-28 10:27:59.3161|INFO|HytaleClient.Networking.PacketHandler|Received AssetType ParticleSystems at 1239ms 
2026-01-28 10:27:59.3161|INFO|HytaleClient.Networking.PacketHandler|Finished handling AssetType ParticleSystems took 0ms 
2026-01-28 10:27:59.3161|INFO|HytaleClient.Networking.PacketHandler|Received AssetType ModelVFX at 1239ms 
2026-01-28 10:27:59.3161|INFO|HytaleClient.Networking.PacketHandler|Finished handling AssetType ModelVFX took 0ms 
2026-01-28 10:27:59.3161|INFO|HytaleClient.Networking.PacketHandler|Received AssetType FieldcraftCategories at 1243ms 
2026-01-28 10:27:59.3161|INFO|HytaleClient.Networking.PacketHandler|Finished handling AssetType FieldcraftCategories took 0ms 
2026-01-28 10:27:59.3161|INFO|HytaleClient.Networking.PacketHandler|Received AssetType EntityStatTypes at 1244ms 
2026-01-28 10:27:59.3161|INFO|HytaleClient.Networking.PacketHandler|Finished handling AssetType EntityStatTypes took 0ms 
2026-01-28 10:27:59.3161|INFO|HytaleClient.Networking.PacketHandler|Received AssetType HitboxCollisionConfig at 1244ms 
2026-01-28 10:27:59.3161|INFO|HytaleClient.Networking.PacketHandler|Finished handling AssetType HitboxCollisionConfig took 0ms 
2026-01-28 10:27:59.3564|INFO|HytaleClient.Networking.PacketHandler|Received AssetType RootInteractions at 1270ms 
2026-01-28 10:27:59.3564|INFO|HytaleClient.Networking.PacketHandler|Finished handling AssetType RootInteractions took 1ms 
2026-01-28 10:27:59.3564|INFO|HytaleClient.Networking.PacketHandler|Received AssetType ReverbEffects at 1271ms 
2026-01-28 10:27:59.3564|INFO|HytaleClient.Networking.PacketHandler|Finished handling AssetType ReverbEffects took 0ms 
2026-01-28 10:27:59.3564|INFO|HytaleClient.Networking.PacketHandler|Received AssetType Environment at 1271ms 
2026-01-28 10:27:59.3564|INFO|HytaleClient.Networking.PacketHandler|Finished handling AssetType Environment took 0ms 
2026-01-28 10:27:59.3564|INFO|HytaleClient.Networking.PacketHandler|Received AssetType BlockParticleSets at 1272ms 
2026-01-28 10:27:59.3564|INFO|HytaleClient.Networking.PacketHandler|Finished handling AssetType BlockParticleSets took 0ms 
2026-01-28 10:27:59.3713|INFO|HytaleClient.Networking.PacketHandler|Received AssetType Translations at 1285ms 
2026-01-28 10:27:59.3713|INFO|HytaleClient.Networking.PacketHandler|Finished handling AssetType Translations took 0ms 
2026-01-28 10:27:59.3713|INFO|HytaleClient.Networking.PacketHandler|Stage SettingUp -> Playing took 384ms 
2026-01-28 10:27:59.3713|INFO|HytaleClient.Networking.PacketHandler|PrepareAmbienceFX: 0ms 
2026-01-28 10:27:59.3713|INFO|HytaleClient.Application.Program|Loading world: PrepareRootInterations: 1ms 
2026-01-28 10:27:59.3713|INFO|HytaleClient.Application.Program|Loading world: PrepareInterations: 2ms 
2026-01-28 10:27:59.3713|INFO|HytaleClient.Networking.PacketHandler|PrepareBlockOverlayAtlas: 4ms 
2026-01-28 10:27:59.3986|INFO|HytaleClient.Networking.PacketHandler|PrepareWorldMap: 26ms 
2026-01-28 10:27:59.6205|INFO|HytaleClient.Networking.PacketHandler|PrepareParticles: 248ms 
2026-01-28 10:27:59.7205|INFO|HytaleClient.Networking.PacketHandler|PrepareItemAnimations: 348ms 
2026-01-28 10:27:59.9661|INFO|HytaleClient.Networking.PacketHandler|PrepareItems: 594ms 
2026-01-28 10:28:00.0014|INFO|HytaleClient.Networking.PacketHandler|PrepareBlockTypes: 629 ms 
2026-01-28 10:28:00.0014|WARN|HytaleClient.Networking.PacketHandler|All rendered chunks were discarded. 
2026-01-28 10:28:00.0014|WARN|HytaleClient.Networking.PacketHandler|All rendered chunks were discarded. 
2026-01-28 10:28:00.0587|INFO|HytaleClient.Networking.PacketHandler|PrepareEntitiesAtlas: 687ms 
2026-01-28 10:28:00.0870|INFO|HytaleClient.Networking.PacketHandler|Received JoinWorldPacket 
2026-01-28 10:28:00.3775|INFO|HytaleClient.Application.AppGameLoading|GameInstance.OnSetupComplete() 
2026-01-28 10:28:00.3874|INFO|HytaleClient.Networking.PacketHandler|Global: 1015.9813ms 
2026-01-28 10:28:00.3874|INFO|HytaleClient.Networking.PacketHandler|ProcessJoinWorldPacket: FadeInOut is False 
2026-01-28 10:28:00.3874|INFO|HytaleClient.Application.AppGameLoading|GameInstance.PrepareJoiningWorld() 
2026-01-28 10:28:00.3874|INFO|HytaleClient.Application.AppGameLoading|GameInstance.StartJoiningWorld() 
2026-01-28 10:28:00.7210|WARN|HytaleClient.Networking.PacketHandler|A Equipment packet had been received on the local player 
2026-01-28 10:28:00.7235|WARN|HytaleClient.Networking.PacketHandler|A Equipment packet had been received on the local player 
2026-01-28 10:28:01.3410|INFO|HytaleClient.Application.AppGameLoading|GameInstance.OnWorldJoined() 
2026-01-28 10:28:01.3410|INFO|HytaleClient.Application.AppMainMenu|Changing from loading stage Loading to Complete 
2026-01-28 10:28:01.3410|INFO|HytaleClient.Application.Program|Changing from Stage GameLoading to InGame 
2026-01-28 10:28:01.4307|DEBUG|HytaleClient.Application.Program|Telemetry packet sent: event (seq: 96) 
2026-01-28 10:28:01.5221|DEBUG|HytaleClient.Application.Program|Telemetry packet sent: event (seq: 97) 
2026-01-28 10:28:01.5221|INFO|HytaleClient.Application.AppMainMenu|[AssetUpdate] BlockTypes: Starting AddOrUpdate 
2026-01-28 10:28:02.1912|WARN|HytaleClient.Networking.PacketHandler|All rendered chunks were discarded. 
2026-01-28 10:28:02.1912|INFO|HytaleClient.Application.AppMainMenu|[AssetUpdate] BlockTypes: Finished AddOrUpdate in 676ms 
2026-01-28 10:28:02.1912|WARN|HytaleClient.Networking.PacketHandler|A Equipment packet had been received on the local player 
2026-01-28 10:28:04.3184|INFO|HytaleClient.Application.AppMainMenu|[AssetUpdate] BlockTypes: Starting AddOrUpdate 
2026-01-28 10:28:04.3651|INFO|HytaleClient.Application.AppMainMenu|[AssetUpdate] BlockTypes: Starting AddOrUpdate 
2026-01-28 10:28:04.3931|INFO|HytaleClient.Application.AppMainMenu|[AssetUpdate] BlockTypes: Finished AddOrUpdate in 74ms 
2026-01-28 10:28:04.4391|INFO|HytaleClient.Application.AppMainMenu|[AssetUpdate] BlockTypes: Finished AddOrUpdate in 73ms 
2026-01-28 10:28:05.2127|INFO|HytaleClient.Application.AppMainMenu|[AssetUpdate] BlockTypes: Starting AddOrUpdate 
2026-01-28 10:28:05.2620|INFO|HytaleClient.Application.AppMainMenu|[AssetUpdate] BlockTypes: Finished AddOrUpdate in 49ms 
2026-01-28 10:28:05.4170|INFO|HytaleClient.Application.AppMainMenu|[AssetUpdate] BlockTypes: Starting AddOrUpdate 
2026-01-28 10:28:05.4652|INFO|HytaleClient.Application.AppMainMenu|[AssetUpdate] BlockTypes: Finished AddOrUpdate in 47ms 
2026-01-28 10:28:11.8095|INFO|HytaleClient.Application.AppMainMenu|[AssetUpdate] BlockTypes: Starting AddOrUpdate 
2026-01-28 10:28:11.8560|INFO|HytaleClient.Application.AppMainMenu|[AssetUpdate] BlockTypes: Finished AddOrUpdate in 46ms 
2026-01-28 10:28:35.3216|INFO|HytaleClient.Application.AppMainMenu|[AssetUpdate] BlockTypes: Starting AddOrUpdate 
2026-01-28 10:28:35.3648|INFO|HytaleClient.Application.AppMainMenu|[AssetUpdate] BlockTypes: Finished AddOrUpdate in 42ms 
2026-01-28 10:28:35.4223|INFO|HytaleClient.Application.AppMainMenu|[AssetUpdate] BlockTypes: Starting AddOrUpdate 
2026-01-28 10:28:35.4716|INFO|HytaleClient.Application.AppMainMenu|[AssetUpdate] BlockTypes: Finished AddOrUpdate in 49ms 
2026-01-28 10:28:35.5211|INFO|HytaleClient.Application.AppMainMenu|[AssetUpdate] BlockTypes: Starting AddOrUpdate 
2026-01-28 10:28:35.5524|INFO|HytaleClient.Application.AppMainMenu|[AssetUpdate] BlockTypes: Starting AddOrUpdate 
2026-01-28 10:28:35.5730|INFO|HytaleClient.Application.AppMainMenu|[AssetUpdate] BlockTypes: Finished AddOrUpdate in 51ms 
2026-01-28 10:28:35.6038|INFO|HytaleClient.Application.AppMainMenu|[AssetUpdate] BlockTypes: Starting AddOrUpdate 
2026-01-28 10:28:35.6238|INFO|HytaleClient.Application.AppMainMenu|[AssetUpdate] BlockTypes: Finished AddOrUpdate in 71ms 
2026-01-28 10:28:35.6593|INFO|HytaleClient.Application.AppMainMenu|[AssetUpdate] BlockTypes: Starting AddOrUpdate 
2026-01-28 10:28:35.6765|INFO|HytaleClient.Application.AppMainMenu|[AssetUpdate] BlockTypes: Finished AddOrUpdate in 72ms 
2026-01-28 10:28:35.7048|ERROR|HytaleClient.Networking.PacketHandler|Exception when handling packet 140 ServerSetBlock: System.NullReferenceException: Object reference not set to an instance of an object.
   at HytaleClient!<BaseAddress>+0x368987
   at HytaleClient!<BaseAddress>+0x1b6121
   at HytaleClient!<BaseAddress>+0x1b9a89
   at HytaleClient!<BaseAddress>+0x1b8643
   at HytaleClient!<BaseAddress>+0x1b7d23
2026-01-28 10:28:35.7048|INFO|HytaleClient.Utils.SentryHelper|Sentry event captured: 3367ad51a6b444a5a305bf5943372e1d 
2026-01-28 10:28:35.7084|INFO|HytaleClient.Application.AppMainMenu|[AssetUpdate] BlockTypes: Finished AddOrUpdate in 48ms 
2026-01-28 10:28:35.7084|INFO|HytaleClient.Application.AppInGame|Disconnected with error: 
2026-01-28 10:28:35.7084|ERROR|HytaleClient.Application.AppInGame|System.NullReferenceException: Object reference not set to an instance of an object. System.NullReferenceException: Object reference not set to an instance of an object.
   at HytaleClient!<BaseAddress>+0x368987
   at HytaleClient!<BaseAddress>+0x1b6121
   at HytaleClient!<BaseAddress>+0x1b9a89
   at HytaleClient!<BaseAddress>+0x1b8643
   at HytaleClient!<BaseAddress>+0x1b7d23
2026-01-28 10:28:35.7084|INFO|HytaleClient.Application.Program|Changing from Stage InGame to Disconnection 
2026-01-28 10:28:35.8003|DEBUG|HytaleClient.Application.Program|Telemetry packet sent: event (seq: 98) 
2026-01-28 10:28:35.8875|INFO|HytaleClient.Application.Program|Generating new self-signed certificate... 
2026-01-28 10:28:36.1041|INFO|HytaleClient.Application.Program|Certificate generated successfully in 216.5318ms. Fingerprint: G9iU6aSBpOLLUEJmfEs5iZ0LDdTYmuXOO8TWLQyHyps 
2026-01-28 10:28:36.1787|DEBUG|HytaleClient.Application.Program|Telemetry packet sent: event (seq: 99) 
2026-01-28 10:28:46.1093|INFO|HytaleClient.Application.Program|Changing from Stage Disconnection to MainMenu 
2026-01-28 10:28:46.2838|DEBUG|HytaleClient.Application.Program|Telemetry packet sent: event (seq: 100) 
2026-01-28 10:28:46.3063|INFO|HytaleClient.Application.Program|Built 75 GPU programs successfully. 
2026-01-28 10:28:46.3063|DEBUG|HytaleClient.Application.Program|GPU programs: BasicProgram, BasicFullScreenProgram, BasicFogProgram, BlockyModelForwardProgram, BlockyModelDitheringProgram, BlockyModelProgram, FirstPersonBlockyModelProgram, BlockyModelDistortionProgram, FirstPersonDistortionBlockyModelProgram, FirstPersonClippingBlockyModelProgram, MapChunkNearOpaqueProgram, MapChunkNearAlphaTestedProgram, MapChunkFarOpaqueProgram, MapChunkFarAlphaTestedProgram, MapChunkAlphaBlendedProgram, MapBlockAnimatedProgram, MapBlockAnimatedForwardProgram, SkyProgram, CloudsProgram, TextProgram, ParticleProgram, ParticleErosionProgram, ParticleDistortionProgram, ForceFieldProgram, BuilderToolProgram, WorldMapProgram, PostEffectProgram, InventoryPostEffectProgram, MainMenuPostEffectProgram, TemporalAAProgram, OITCompositeProgram, CubemapProgram, ZDownsampleProgram, LinearZDownsampleProgram, EdgeDetectionProgram, LinearZProgram, LightMixProgram, LightProgram, LightLowResProgram, LightClusteredProgram, MapChunkShadowMapProgram, MapBlockAnimatedShadowMapProgram, BlockyModelShadowMapProgram, BlockyModelOcclusionMapProgram, DeferredShadowProgram, SSAOProgram, BlurSSAOAndShadowProgram, DeferredProgram, ScreenBlitProgram, BlurProgram, DoFBlurProgram, DoFCircleOfConfusionProgram, DoFDownsampleProgram, DoFNearCoCMaxProgram, DoFNearCoCBlurProgram, DepthOfFieldAdvancedProgram, DoFFillProgram, BloomSelectProgram, BloomDownsampleBlurProgram, BloomUpsampleBlurProgram, BloomMaxProgram, BloomCompositeProgram, RadialGlowMaskProgram, RadialGlowLuminanceProgram, SunOcclusionDownsampleProgram, SceneBrightnessPackProgram, ZOnlyMapChunkProgram, ZOnlyMapChunkPlanesProgram, ZOnlyProgram, HiZReprojectProgram, HiZFillHoleProgram, HiZBuildProgram, HiZCullProgram, DebugDrawMapProgram, Batcher2DProgram 
2026-01-28 10:29:04.7946|INFO|HytaleClient.Application.AppStartup|Connecting to multiplayer server "Local Host" at localhost 
2026-01-28 10:29:04.9499|INFO|HytaleClient.Application.AppMainMenu|Connecting to server localhost:5520 
2026-01-28 10:29:04.9499|INFO|HytaleClient.Application.Program|Changing from Stage MainMenu to GameLoading 
2026-01-28 10:29:04.9499|INFO||Using mTLS with client certificate (fingerprint: G9iU6aSBpOLLUEJmfEs5iZ0LDdTYmuXOO8TWLQyHyps) 
2026-01-28 10:29:04.9499|INFO||Opening Quic Connection to localhost:5520 
2026-01-28 10:29:04.9499|DEBUG||Game server requesting client certificate, providing: G9iU6aSBpOLLUEJmfEs5iZ0LDdTYmuXOO8TWLQyHyps 
2026-01-28 10:29:05.0159|INFO||Server certificate fingerprint captured: SkEE6EeIUbVxvPJ7xcFIKqr-41Pzb1eJMNe-v1-86_Y 
2026-01-28 10:29:05.0159|INFO||Accepting self-signed server certificate: CN=localhost 
2026-01-28 10:29:05.0159|INFO||Waiting for Quic Stream from localhost:5520 
2026-01-28 10:29:05.0159|INFO||Quic Stream connected to localhost:5520 
2026-01-28 10:29:05.0822|DEBUG|HytaleClient.Application.Program|Telemetry packet sent: event (seq: 101) 
2026-01-28 10:29:05.1746|INFO|HytaleClient.Application.AppMainMenu|Changing from loading stage Initial to Connecting 
2026-01-28 10:29:05.1746|INFO|HytaleClient.Application.AppMainMenu|Changing from loading stage Connecting to Loading 
2026-01-28 10:29:05.2670|INFO|HytaleClient.Application.Program|Built 75 GPU programs successfully. 
2026-01-28 10:29:05.2670|DEBUG|HytaleClient.Application.Program|GPU programs: BasicProgram, BasicFullScreenProgram, BasicFogProgram, BlockyModelForwardProgram, BlockyModelDitheringProgram, BlockyModelProgram, FirstPersonBlockyModelProgram, BlockyModelDistortionProgram, FirstPersonDistortionBlockyModelProgram, FirstPersonClippingBlockyModelProgram, MapChunkNearOpaqueProgram, MapChunkNearAlphaTestedProgram, MapChunkFarOpaqueProgram, MapChunkFarAlphaTestedProgram, MapChunkAlphaBlendedProgram, MapBlockAnimatedProgram, MapBlockAnimatedForwardProgram, SkyProgram, CloudsProgram, TextProgram, ParticleProgram, ParticleErosionProgram, ParticleDistortionProgram, ForceFieldProgram, BuilderToolProgram, WorldMapProgram, PostEffectProgram, InventoryPostEffectProgram, MainMenuPostEffectProgram, TemporalAAProgram, OITCompositeProgram, CubemapProgram, ZDownsampleProgram, LinearZDownsampleProgram, EdgeDetectionProgram, LinearZProgram, LightMixProgram, LightProgram, LightLowResProgram, LightClusteredProgram, MapChunkShadowMapProgram, MapBlockAnimatedShadowMapProgram, BlockyModelShadowMapProgram, BlockyModelOcclusionMapProgram, DeferredShadowProgram, SSAOProgram, BlurSSAOAndShadowProgram, DeferredProgram, ScreenBlitProgram, BlurProgram, DoFBlurProgram, DoFCircleOfConfusionProgram, DoFDownsampleProgram, DoFNearCoCMaxProgram, DoFNearCoCBlurProgram, DepthOfFieldAdvancedProgram, DoFFillProgram, BloomSelectProgram, BloomDownsampleBlurProgram, BloomUpsampleBlurProgram, BloomMaxProgram, BloomCompositeProgram, RadialGlowMaskProgram, RadialGlowLuminanceProgram, SunOcclusionDownsampleProgram, SceneBrightnessPackProgram, ZOnlyMapChunkProgram, ZOnlyMapChunkPlanesProgram, ZOnlyProgram, HiZReprojectProgram, HiZFillHoleProgram, HiZBuildProgram, HiZCullProgram, DebugDrawMapProgram, Batcher2DProgram 
2026-01-28 10:29:05.2670|DEBUG|HytaleClient.Application.Program|Telemetry packet sent: event (seq: 102) 
2026-01-28 10:29:05.4062|INFO|HytaleClient.Application.AppGameLoading|Starting authenticated connection flow 
2026-01-28 10:29:05.5696|INFO|HytaleClient.Networking.PacketHandler|Received AuthGrant with server identity token 
2026-01-28 10:29:05.5696|INFO|HytaleClient.Networking.PacketHandler|Validating server identity token... 
2026-01-28 10:29:05.5696|DEBUG|HytaleClient.Utils.SentryHelper|Fetching JWKS from Session Service... 
2026-01-28 10:29:05.6737|INFO|HytaleClient.Utils.SentryHelper|Successfully fetched JWKS with 1 keys 
2026-01-28 10:29:05.6737|DEBUG||JWKS loaded with 1 keys (cached permanently) 
2026-01-28 10:29:05.6737|DEBUG||Ed25519 signature verified successfully 
2026-01-28 10:29:05.6737|DEBUG||User token validated successfully for c013444c-04d3-4ef1-beaa-1533fd7a3034 
2026-01-28 10:29:05.6737|INFO|HytaleClient.Networking.PacketHandler|Server identity validated: CodeCreature (c013444c-04d3-4ef1-beaa-1533fd7a3034, scope: hytale:server) 
2026-01-28 10:29:05.6737|INFO|HytaleClient.Networking.PacketHandler|Requesting auth grant for server 
2026-01-28 10:29:05.6737|DEBUG|HytaleClient.Utils.SentryHelper|Requesting auth grant for server using identity token 
2026-01-28 10:29:05.7481|INFO|HytaleClient.Utils.SentryHelper|Successfully obtained auth grant for server 
2026-01-28 10:29:05.7481|INFO|HytaleClient.Networking.PacketHandler|Obtained auth grant for server 
2026-01-28 10:29:05.7481|DEBUG|HytaleClient.Utils.SentryHelper|Exchanging authorization grant for access token 
2026-01-28 10:29:05.8267|INFO|HytaleClient.Utils.SentryHelper|Successfully obtained access token 
2026-01-28 10:29:05.8267|INFO|HytaleClient.Networking.PacketHandler|Successfully obtained JWT access token, sending AuthToken to server 
2026-01-28 10:29:05.9275|INFO|HytaleClient.Networking.PacketHandler|Received ServerAuthToken, validating server access token... 
2026-01-28 10:29:05.9275|DEBUG||Ed25519 signature verified successfully 
2026-01-28 10:29:05.9275|DEBUG||Certificate binding validated for server 
2026-01-28 10:29:05.9275|DEBUG||Server access token validated successfully for c013444c-04d3-4ef1-beaa-1533fd7a3034 
2026-01-28 10:29:05.9275|INFO|HytaleClient.Networking.PacketHandler|Mutual authentication complete! Server identity confirmed: CodeCreature (c013444c-04d3-4ef1-beaa-1533fd7a3034) 
2026-01-28 10:29:05.9275|INFO|HytaleClient.Networking.PacketHandler|No password required - authentication complete 
2026-01-28 10:29:05.9604|INFO|HytaleClient.Networking.PacketHandler|Stage WaitingForSetup -> SettingUp took 554ms 
2026-01-28 10:29:05.9604|INFO|HytaleClient.Networking.PacketHandler|Handle RequiredAssets at 562ms 
2026-01-28 10:29:05.9773|INFO|HytaleClient.Networking.PacketHandler|Finished handling RequiredAssets, took 9ms 
2026-01-28 10:29:05.9932|INFO|HytaleClient.Networking.PacketHandler|Received AssetType RepulsionConfig at 587ms 
2026-01-28 10:29:05.9932|INFO|HytaleClient.Networking.PacketHandler|Finished handling AssetType RepulsionConfig took 0ms 
2026-01-28 10:29:05.9932|INFO|HytaleClient.Networking.PacketHandler|Received AssetType EntityUIComponents at 587ms 
2026-01-28 10:29:05.9932|INFO|HytaleClient.Networking.PacketHandler|Finished handling AssetType EntityUIComponents took 0ms 
2026-01-28 10:29:05.9932|INFO|HytaleClient.Networking.PacketHandler|Received AssetType ItemSoundSets at 587ms 
2026-01-28 10:29:05.9932|INFO|HytaleClient.Networking.PacketHandler|Finished handling AssetType ItemSoundSets took 0ms 
2026-01-28 10:29:06.0330|INFO|HytaleClient.Networking.PacketHandler|Received AssetType BlockTypes at 627ms 
2026-01-28 10:29:06.0330|INFO|HytaleClient.Networking.PacketHandler|Finished handling AssetType BlockTypes took 0ms 
2026-01-28 10:29:06.0330|INFO|HytaleClient.Networking.PacketHandler|Received AssetType FluidFX at 627ms 
2026-01-28 10:29:06.0330|INFO|HytaleClient.Networking.PacketHandler|Finished handling AssetType FluidFX took 0ms 
2026-01-28 10:29:06.0378|INFO|HytaleClient.Networking.PacketHandler|Received AssetType Items at 631ms 
2026-01-28 10:29:06.0378|INFO|HytaleClient.Networking.PacketHandler|Finished handling AssetType Items took 1ms 
2026-01-28 10:29:06.0378|INFO|HytaleClient.Networking.PacketHandler|Received AssetType Trails at 632ms 
2026-01-28 10:29:06.0378|INFO|HytaleClient.Networking.PacketHandler|Finished handling AssetType Trails took 0ms 
2026-01-28 10:29:06.0378|INFO|HytaleClient.Networking.PacketHandler|Received AssetType TagPatterns at 632ms 
2026-01-28 10:29:06.0378|INFO|HytaleClient.Networking.PacketHandler|Finished handling AssetType TagPatterns took 0ms 
2026-01-28 10:29:06.0378|INFO|HytaleClient.Networking.PacketHandler|Received AssetType Recipes at 632ms 
2026-01-28 10:29:06.0378|INFO|HytaleClient.Networking.PacketHandler|Finished handling AssetType Recipes took 1ms 
2026-01-28 10:29:06.0378|INFO|HytaleClient.Networking.PacketHandler|Received AssetType BlockHitboxes at 633ms 
2026-01-28 10:29:06.0528|INFO|HytaleClient.Networking.PacketHandler|Finished handling AssetType BlockHitboxes took 13ms 
2026-01-28 10:29:06.0528|INFO|HytaleClient.Networking.PacketHandler|Received AssetType ResourceTypes at 647ms 
2026-01-28 10:29:06.0528|INFO|HytaleClient.Networking.PacketHandler|Finished handling AssetType ResourceTypes took 0ms 
2026-01-28 10:29:06.0528|INFO|HytaleClient.Networking.PacketHandler|Received AssetType ItemCategories at 647ms 
2026-01-28 10:29:06.0528|INFO|HytaleClient.Networking.PacketHandler|Finished handling AssetType ItemCategories took 0ms 
2026-01-28 10:29:06.0528|INFO|HytaleClient.Networking.PacketHandler|Received AssetType Weather at 647ms 
2026-01-28 10:29:06.0528|INFO|HytaleClient.Networking.PacketHandler|Finished handling AssetType Weather took 0ms 
2026-01-28 10:29:06.0528|INFO|HytaleClient.Networking.PacketHandler|Received AssetType ItemAnimations at 648ms 
2026-01-28 10:29:06.0528|INFO|HytaleClient.Networking.PacketHandler|Finished handling AssetType ItemAnimations took 0ms 
2026-01-28 10:29:06.0528|INFO|HytaleClient.Networking.PacketHandler|Received AssetType AmbienceFX at 648ms 
2026-01-28 10:29:06.0528|INFO|HytaleClient.Networking.PacketHandler|Finished handling AssetType AmbienceFX took 0ms 
2026-01-28 10:29:06.0528|INFO|HytaleClient.Networking.PacketHandler|Received AssetType ParticleSpawners at 650ms 
2026-01-28 10:29:06.0528|INFO|HytaleClient.Networking.PacketHandler|Finished handling AssetType ParticleSpawners took 1ms 
2026-01-28 10:29:06.0851|INFO|HytaleClient.Networking.PacketHandler|Received AssetType Interactions at 679ms 
2026-01-28 10:29:06.0851|INFO|HytaleClient.Networking.PacketHandler|Finished handling AssetType Interactions took 0ms 
2026-01-28 10:29:06.0851|INFO|HytaleClient.Networking.PacketHandler|Received AssetType SoundEvents at 680ms 
2026-01-28 10:29:06.0851|INFO|HytaleClient.Networking.PacketHandler|Finished handling AssetType SoundEvents took 0ms 
2026-01-28 10:29:06.0851|INFO|HytaleClient.Networking.PacketHandler|Received AssetType BlockSets at 680ms 
2026-01-28 10:29:06.0851|INFO|HytaleClient.Networking.PacketHandler|Finished handling AssetType BlockSets took 0ms 
2026-01-28 10:29:06.0851|INFO|HytaleClient.Networking.PacketHandler|Received AssetType EntityEffects at 680ms 
2026-01-28 10:29:06.0851|INFO|HytaleClient.Networking.PacketHandler|Finished handling AssetType EntityEffects took 0ms 
2026-01-28 10:29:06.0851|INFO|HytaleClient.Networking.PacketHandler|Received AssetType BlockBreakingDecals at 680ms 
2026-01-28 10:29:06.0851|INFO|HytaleClient.Networking.PacketHandler|Finished handling AssetType BlockBreakingDecals took 0ms 
2026-01-28 10:29:06.0851|INFO|HytaleClient.Networking.PacketHandler|Received AssetType BlockSoundSets at 680ms 
2026-01-28 10:29:06.0851|INFO|HytaleClient.Networking.PacketHandler|Finished handling AssetType BlockSoundSets took 0ms 
2026-01-28 10:29:06.0851|INFO|HytaleClient.Networking.PacketHandler|Received AssetType ItemReticles at 680ms 
2026-01-28 10:29:06.0851|INFO|HytaleClient.Networking.PacketHandler|Finished handling AssetType ItemReticles took 0ms 
2026-01-28 10:29:06.0851|INFO|HytaleClient.Networking.PacketHandler|Received AssetType Fluids at 680ms 
2026-01-28 10:29:06.0851|INFO|HytaleClient.Networking.PacketHandler|Finished handling AssetType Fluids took 0ms 
2026-01-28 10:29:06.0851|INFO|HytaleClient.Networking.PacketHandler|Received AssetType EqualizerEffects at 680ms 
2026-01-28 10:29:06.0851|INFO|HytaleClient.Networking.PacketHandler|Finished handling AssetType EqualizerEffects took 0ms 
2026-01-28 10:29:06.0851|INFO|HytaleClient.Networking.PacketHandler|Received AssetType BlockTypes, Items at 680ms 
2026-01-28 10:29:06.0851|INFO|HytaleClient.Networking.PacketHandler|Received AssetType ItemQuality at 680ms 
2026-01-28 10:29:06.0851|INFO|HytaleClient.Networking.PacketHandler|Finished handling AssetType ItemQuality took 0ms 
2026-01-28 10:29:06.0851|INFO|HytaleClient.Networking.PacketHandler|Received AssetType UnarmedInteractions at 680ms 
2026-01-28 10:29:06.0851|INFO|HytaleClient.Networking.PacketHandler|Finished handling AssetType UnarmedInteractions took 0ms 
2026-01-28 10:29:06.0851|INFO|HytaleClient.Networking.PacketHandler|Received AssetType AudioCategories at 680ms 
2026-01-28 10:29:06.0851|INFO|HytaleClient.Networking.PacketHandler|Finished handling AssetType AudioCategories took 0ms 
2026-01-28 10:29:06.0851|INFO|HytaleClient.Networking.PacketHandler|Received AssetType SoundSets at 680ms 
2026-01-28 10:29:06.0851|INFO|HytaleClient.Networking.PacketHandler|Finished handling AssetType SoundSets took 0ms 
2026-01-28 10:29:06.0851|INFO|HytaleClient.Networking.PacketHandler|Received AssetType ParticleSystems at 680ms 
2026-01-28 10:29:06.0851|INFO|HytaleClient.Networking.PacketHandler|Finished handling AssetType ParticleSystems took 0ms 
2026-01-28 10:29:06.0851|INFO|HytaleClient.Networking.PacketHandler|Received AssetType ModelVFX at 680ms 
2026-01-28 10:29:06.0851|INFO|HytaleClient.Networking.PacketHandler|Finished handling AssetType ModelVFX took 0ms 
2026-01-28 10:29:06.0851|INFO|HytaleClient.Networking.PacketHandler|Received AssetType FieldcraftCategories at 680ms 
2026-01-28 10:29:06.0851|INFO|HytaleClient.Networking.PacketHandler|Finished handling AssetType FieldcraftCategories took 0ms 
2026-01-28 10:29:06.0851|INFO|HytaleClient.Networking.PacketHandler|Received AssetType EntityStatTypes at 680ms 
2026-01-28 10:29:06.0851|INFO|HytaleClient.Networking.PacketHandler|Finished handling AssetType EntityStatTypes took 0ms 
2026-01-28 10:29:06.0851|INFO|HytaleClient.Networking.PacketHandler|Received AssetType HitboxCollisionConfig at 680ms 
2026-01-28 10:29:06.0851|INFO|HytaleClient.Networking.PacketHandler|Finished handling AssetType HitboxCollisionConfig took 0ms 
2026-01-28 10:29:06.0851|INFO|HytaleClient.Networking.PacketHandler|Received AssetType RootInteractions at 682ms 
2026-01-28 10:29:06.0851|INFO|HytaleClient.Networking.PacketHandler|Finished handling AssetType RootInteractions took 0ms 
2026-01-28 10:29:06.0851|INFO|HytaleClient.Networking.PacketHandler|Received AssetType ReverbEffects at 682ms 
2026-01-28 10:29:06.0851|INFO|HytaleClient.Networking.PacketHandler|Finished handling AssetType ReverbEffects took 0ms 
2026-01-28 10:29:06.0851|INFO|HytaleClient.Networking.PacketHandler|Received AssetType Environment at 682ms 
2026-01-28 10:29:06.0851|INFO|HytaleClient.Networking.PacketHandler|Finished handling AssetType Environment took 0ms 
2026-01-28 10:29:06.0851|INFO|HytaleClient.Networking.PacketHandler|Received AssetType BlockParticleSets at 682ms 
2026-01-28 10:29:06.0851|INFO|HytaleClient.Networking.PacketHandler|Finished handling AssetType BlockParticleSets took 0ms 
2026-01-28 10:29:06.0851|INFO|HytaleClient.Networking.PacketHandler|Received AssetType Translations at 683ms 
2026-01-28 10:29:06.0851|INFO|HytaleClient.Networking.PacketHandler|Finished handling AssetType Translations took 0ms 
2026-01-28 10:29:06.0851|INFO|HytaleClient.Networking.PacketHandler|Stage SettingUp -> Playing took 128ms 
2026-01-28 10:29:06.0851|INFO|HytaleClient.Networking.PacketHandler|PrepareAmbienceFX: 0ms 
2026-01-28 10:29:06.0851|INFO|HytaleClient.Application.Program|Loading world: PrepareRootInterations: 0ms 
2026-01-28 10:29:06.1000|INFO|HytaleClient.Application.Program|Loading world: PrepareInterations: 10ms 
2026-01-28 10:29:06.1000|INFO|HytaleClient.Networking.PacketHandler|PrepareBlockOverlayAtlas: 13ms 
2026-01-28 10:29:06.1289|INFO|HytaleClient.Networking.PacketHandler|PrepareWorldMap: 39ms 
2026-01-28 10:29:06.3611|INFO|HytaleClient.Networking.PacketHandler|PrepareParticles: 271ms 
2026-01-28 10:29:06.4244|INFO|HytaleClient.Networking.PacketHandler|PrepareItemAnimations: 334ms 
2026-01-28 10:29:06.6679|INFO|HytaleClient.Networking.PacketHandler|PrepareItems: 578ms 
2026-01-28 10:29:06.7203|INFO|HytaleClient.Networking.PacketHandler|PrepareBlockTypes: 630 ms 
2026-01-28 10:29:06.7257|WARN|HytaleClient.Networking.PacketHandler|All rendered chunks were discarded. 
2026-01-28 10:29:06.7257|WARN|HytaleClient.Networking.PacketHandler|All rendered chunks were discarded. 
2026-01-28 10:29:06.7884|INFO|HytaleClient.Networking.PacketHandler|PrepareEntitiesAtlas: 698ms 
2026-01-28 10:29:06.8118|INFO|HytaleClient.Networking.PacketHandler|Received JoinWorldPacket 
2026-01-28 10:29:07.1174|INFO|HytaleClient.Application.AppGameLoading|GameInstance.OnSetupComplete() 
2026-01-28 10:29:07.1174|INFO|HytaleClient.Networking.PacketHandler|Global: 1033.9424ms 
2026-01-28 10:29:07.1174|INFO|HytaleClient.Networking.PacketHandler|ProcessJoinWorldPacket: FadeInOut is False 
2026-01-28 10:29:07.1174|INFO|HytaleClient.Application.AppGameLoading|GameInstance.PrepareJoiningWorld() 
2026-01-28 10:29:07.1174|INFO|HytaleClient.Application.AppGameLoading|GameInstance.StartJoiningWorld() 
2026-01-28 10:29:07.4170|WARN|HytaleClient.Networking.PacketHandler|A Equipment packet had been received on the local player 
2026-01-28 10:29:07.4170|WARN|HytaleClient.Networking.PacketHandler|A Equipment packet had been received on the local player 
2026-01-28 10:29:08.1068|INFO|HytaleClient.Application.AppGameLoading|GameInstance.OnWorldJoined() 
2026-01-28 10:29:08.1068|INFO|HytaleClient.Application.AppMainMenu|Changing from loading stage Loading to Complete 
2026-01-28 10:29:08.1068|INFO|HytaleClient.Application.Program|Changing from Stage GameLoading to InGame 
2026-01-28 10:29:08.2061|DEBUG|HytaleClient.Application.Program|Telemetry packet sent: event (seq: 103) 
2026-01-28 10:29:08.2601|INFO|HytaleClient.Application.AppMainMenu|[AssetUpdate] BlockTypes: Starting AddOrUpdate 
2026-01-28 10:29:08.2919|DEBUG|HytaleClient.Application.Program|Telemetry packet sent: event (seq: 104) 
2026-01-28 10:29:08.5749|WARN|HytaleClient.Networking.PacketHandler|All rendered chunks were discarded. 
2026-01-28 10:29:08.5888|INFO|HytaleClient.Application.AppMainMenu|[AssetUpdate] BlockTypes: Finished AddOrUpdate in 328ms 
2026-01-28 10:29:08.5888|WARN|HytaleClient.Networking.PacketHandler|A Equipment packet had been received on the local player 
2026-01-28 10:29:13.2807|WARN|HytaleClient.Networking.PacketHandler|A Equipment packet had been received on the local player 
2026-01-28 10:29:15.2120|WARN|HytaleClient.Networking.PacketHandler|A Equipment packet had been received on the local player 
2026-01-28 10:29:17.9151|WARN|HytaleClient.Networking.PacketHandler|A Equipment packet had been received on the local player 
2026-01-28 10:29:20.8144|WARN|HytaleClient.Networking.PacketHandler|A Equipment packet had been received on the local player 
2026-01-28 10:29:22.2183|WARN|HytaleClient.Networking.PacketHandler|A Equipment packet had been received on the local player 
2026-01-28 10:29:26.6769|WARN|HytaleClient.Application.AppMainMenu|Invalid block set in chunk (50, 3, -4) at (1625 120 -106) to 3960 (max value 3955) 
2026-01-28 10:29:26.6772|WARN|HytaleClient.Application.AppMainMenu|Invalid block set in chunk (50, 3, -4) at (1626 120 -106) to 3960 (max value 3955) 
2026-01-28 10:29:26.6772|WARN|HytaleClient.Application.AppMainMenu|Invalid block set in chunk (50, 3, -4) at (1627 120 -105) to 3960 (max value 3955) 
2026-01-28 10:29:27.6776|WARN|HytaleClient.Application.AppMainMenu|Invalid block set in chunk (50, 3, -4) at (1626 120 -106) to 3960 (max value 3955) 
2026-01-28 10:29:27.6776|WARN|HytaleClient.Application.AppMainMenu|Invalid block set in chunk (50, 3, -4) at (1627 120 -105) to 3960 (max value 3955) 
2026-01-28 10:29:27.8779|WARN|HytaleClient.Application.AppMainMenu|Invalid block set in chunk (50, 3, -4) at (1627 119 -106) to 3958 (max value 3955) 
2026-01-28 10:29:27.8779|WARN|HytaleClient.Application.AppMainMenu|Invalid block set in chunk (50, 3, -4) at (1627 119 -105) to 3958 (max value 3955) 
2026-01-28 10:29:27.8779|WARN|HytaleClient.Application.AppMainMenu|Invalid block set in chunk (50, 3, -4) at (1627 119 -104) to 3958 (max value 3955) 
2026-01-28 10:29:27.8779|WARN|HytaleClient.Application.AppMainMenu|Invalid block set in chunk (50, 3, -4) at (1628 119 -106) to 3958 (max value 3955) 
2026-01-28 10:29:27.8779|WARN|HytaleClient.Application.AppMainMenu|Invalid block set in chunk (50, 3, -4) at (1628 119 -105) to 3958 (max value 3955) 
2026-01-28 10:29:27.8779|WARN|HytaleClient.Application.AppMainMenu|Invalid block set in chunk (50, 3, -4) at (1628 119 -104) to 3958 (max value 3955) 
2026-01-28 10:29:27.8779|WARN|HytaleClient.Application.AppMainMenu|Invalid block set in chunk (50, 3, -4) at (1629 119 -106) to 3958 (max value 3955) 
2026-01-28 10:29:27.8779|WARN|HytaleClient.Application.AppMainMenu|Invalid block set in chunk (50, 3, -4) at (1629 119 -105) to 3958 (max value 3955) 
2026-01-28 10:29:27.8779|WARN|HytaleClient.Application.AppMainMenu|Invalid block set in chunk (50, 3, -4) at (1629 119 -104) to 3958 (max value 3955) 
2026-01-28 10:29:27.8779|WARN|HytaleClient.Application.AppMainMenu|Invalid block set in chunk (50, 3, -4) at (1627 119 -107) to 3958 (max value 3955) 
2026-01-28 10:29:27.8779|WARN|HytaleClient.Application.AppMainMenu|Invalid block set in chunk (50, 3, -4) at (1628 119 -107) to 3958 (max value 3955) 
2026-01-28 10:29:27.8779|WARN|HytaleClient.Application.AppMainMenu|Invalid block set in chunk (50, 3, -4) at (1629 119 -107) to 3958 (max value 3955) 
2026-01-28 10:29:27.8779|WARN|HytaleClient.Application.AppMainMenu|Invalid block set in chunk (50, 3, -4) at (1627 119 -108) to 3958 (max value 3955) 
2026-01-28 10:29:27.8779|WARN|HytaleClient.Application.AppMainMenu|Invalid block set in chunk (50, 3, -4) at (1628 119 -108) to 3958 (max value 3955) 
2026-01-28 10:29:27.8779|WARN|HytaleClient.Application.AppMainMenu|Invalid block set in chunk (50, 3, -4) at (1629 119 -108) to 3958 (max value 3955) 
2026-01-28 10:29:27.9779|WARN|HytaleClient.Application.AppMainMenu|Invalid block set in chunk (50, 3, -4) at (1628 119 -105) to 3958 (max value 3955) 
2026-01-28 10:29:27.9779|WARN|HytaleClient.Application.AppMainMenu|Invalid block set in chunk (50, 3, -4) at (1628 119 -104) to 3958 (max value 3955) 
2026-01-28 10:29:27.9779|WARN|HytaleClient.Application.AppMainMenu|Invalid block set in chunk (50, 3, -4) at (1628 119 -103) to 3958 (max value 3955) 
2026-01-28 10:29:27.9779|WARN|HytaleClient.Application.AppMainMenu|Invalid block set in chunk (50, 3, -4) at (1629 119 -105) to 3958 (max value 3955) 
2026-01-28 10:29:27.9779|WARN|HytaleClient.Application.AppMainMenu|Invalid block set in chunk (50, 3, -4) at (1629 119 -104) to 3958 (max value 3955) 
2026-01-28 10:29:27.9779|WARN|HytaleClient.Application.AppMainMenu|Invalid block set in chunk (50, 3, -4) at (1629 119 -103) to 3958 (max value 3955) 
2026-01-28 10:29:27.9779|WARN|HytaleClient.Application.AppMainMenu|Invalid block set in chunk (50, 3, -4) at (1630 119 -105) to 3958 (max value 3955) 
2026-01-28 10:29:27.9779|WARN|HytaleClient.Application.AppMainMenu|Invalid block set in chunk (50, 3, -4) at (1630 119 -104) to 3958 (max value 3955) 
2026-01-28 10:29:27.9779|WARN|HytaleClient.Application.AppMainMenu|Invalid block set in chunk (50, 3, -4) at (1630 119 -103) to 3958 (max value 3955) 
2026-01-28 10:29:27.9779|WARN|HytaleClient.Application.AppMainMenu|Invalid block set in chunk (50, 3, -4) at (1629 119 -106) to 3958 (max value 3955) 
2026-01-28 10:29:27.9779|WARN|HytaleClient.Application.AppMainMenu|Invalid block set in chunk (50, 3, -4) at (1630 119 -106) to 3958 (max value 3955) 
2026-01-28 10:29:27.9779|WARN|HytaleClient.Application.AppMainMenu|Invalid block set in chunk (50, 3, -4) at (1631 119 -106) to 3958 (max value 3955) 
2026-01-28 10:29:27.9779|WARN|HytaleClient.Application.AppMainMenu|Invalid block set in chunk (50, 3, -4) at (1631 119 -105) to 3958 (max value 3955) 
2026-01-28 10:29:27.9779|WARN|HytaleClient.Application.AppMainMenu|Invalid block set in chunk (50, 3, -4) at (1631 119 -104) to 3958 (max value 3955) 
2026-01-28 10:29:27.9779|WARN|HytaleClient.Application.AppMainMenu|Invalid block set in chunk (50, 3, -4) at (1630 119 -107) to 3958 (max value 3955) 
2026-01-28 10:29:27.9779|WARN|HytaleClient.Application.AppMainMenu|Invalid block set in chunk (50, 3, -4) at (1631 119 -107) to 3958 (max value 3955) 
2026-01-28 10:29:27.9779|WARN|HytaleClient.Application.AppMainMenu|Invalid block set in chunk (51, 3, -4) at (1632 119 -107) to 3958 (max value 3955) 
2026-01-28 10:29:27.9779|WARN|HytaleClient.Application.AppMainMenu|Invalid block set in chunk (51, 3, -4) at (1632 119 -106) to 3958 (max value 3955) 
2026-01-28 10:29:27.9779|WARN|HytaleClient.Application.AppMainMenu|Invalid block set in chunk (51, 3, -4) at (1632 119 -105) to 3958 (max value 3955) 
2026-01-28 10:29:28.0745|WARN|HytaleClient.Application.AppMainMenu|Invalid block set in chunk (50, 3, -4) at (1628 119 -105) to 3958 (max value 3955) 
2026-01-28 10:29:28.0745|WARN|HytaleClient.Application.AppMainMenu|Invalid block set in chunk (50, 3, -4) at (1628 119 -104) to 3958 (max value 3955) 
2026-01-28 10:29:28.0745|WARN|HytaleClient.Application.AppMainMenu|Invalid block set in chunk (50, 3, -4) at (1628 119 -103) to 3958 (max value 3955) 
2026-01-28 10:29:28.0745|WARN|HytaleClient.Application.AppMainMenu|Invalid block set in chunk (50, 3, -4) at (1629 119 -105) to 3958 (max value 3955) 
2026-01-28 10:29:28.0745|WARN|HytaleClient.Application.AppMainMenu|Invalid block set in chunk (50, 3, -4) at (1629 119 -104) to 3958 (max value 3955) 
2026-01-28 10:29:28.0745|WARN|HytaleClient.Application.AppMainMenu|Invalid block set in chunk (50, 3, -4) at (1629 119 -103) to 3958 (max value 3955) 
2026-01-28 10:29:28.0745|WARN|HytaleClient.Application.AppMainMenu|Invalid block set in chunk (50, 3, -4) at (1630 119 -105) to 3958 (max value 3955) 
2026-01-28 10:29:28.0745|WARN|HytaleClient.Application.AppMainMenu|Invalid block set in chunk (50, 3, -4) at (1630 119 -104) to 3958 (max value 3955) 
2026-01-28 10:29:28.0745|WARN|HytaleClient.Application.AppMainMenu|Invalid block set in chunk (50, 3, -4) at (1630 119 -103) to 3958 (max value 3955) 
2026-01-28 10:29:28.0745|WARN|HytaleClient.Application.AppMainMenu|Invalid block set in chunk (50, 3, -4) at (1629 118 -106) to 3959 (max value 3955) 
2026-01-28 10:29:28.0745|WARN|HytaleClient.Application.AppMainMenu|Invalid block set in chunk (50, 3, -4) at (1629 118 -105) to 3959 (max value 3955) 
2026-01-28 10:29:28.0745|WARN|HytaleClient.Application.AppMainMenu|Invalid block set in chunk (50, 3, -4) at (1629 118 -104) to 3959 (max value 3955) 
2026-01-28 10:29:28.0745|WARN|HytaleClient.Application.AppMainMenu|Invalid block set in chunk (50, 3, -4) at (1630 118 -106) to 3959 (max value 3955) 
2026-01-28 10:29:28.0745|WARN|HytaleClient.Application.AppMainMenu|Invalid block set in chunk (50, 3, -4) at (1630 118 -105) to 3959 (max value 3955) 
2026-01-28 10:29:28.0745|WARN|HytaleClient.Application.AppMainMenu|Invalid block set in chunk (50, 3, -4) at (1630 118 -104) to 3959 (max value 3955) 
2026-01-28 10:29:28.0745|WARN|HytaleClient.Application.AppMainMenu|Invalid block set in chunk (50, 3, -4) at (1631 118 -106) to 3959 (max value 3955) 
2026-01-28 10:29:28.0745|WARN|HytaleClient.Application.AppMainMenu|Invalid block set in chunk (50, 3, -4) at (1631 118 -105) to 3959 (max value 3955) 
2026-01-28 10:29:28.0745|WARN|HytaleClient.Application.AppMainMenu|Invalid block set in chunk (50, 3, -4) at (1631 118 -104) to 3959 (max value 3955) 
2026-01-28 10:29:28.0745|WARN|HytaleClient.Application.AppMainMenu|Invalid block set in chunk (50, 3, -4) at (1630 117 -107) to 3959 (max value 3955) 
2026-01-28 10:29:28.0745|WARN|HytaleClient.Application.AppMainMenu|Invalid block set in chunk (50, 3, -4) at (1630 117 -106) to 3959 (max value 3955) 
2026-01-28 10:29:28.0745|WARN|HytaleClient.Application.AppMainMenu|Invalid block set in chunk (50, 3, -4) at (1630 117 -105) to 3959 (max value 3955) 
2026-01-28 10:29:28.0745|WARN|HytaleClient.Application.AppMainMenu|Invalid block set in chunk (50, 3, -4) at (1631 117 -107) to 3959 (max value 3955) 
2026-01-28 10:29:28.0745|WARN|HytaleClient.Application.AppMainMenu|Invalid block set in chunk (50, 3, -4) at (1631 117 -106) to 3959 (max value 3955) 
2026-01-28 10:29:28.0745|WARN|HytaleClient.Application.AppMainMenu|Invalid block set in chunk (50, 3, -4) at (1631 117 -105) to 3959 (max value 3955) 
2026-01-28 10:29:28.0745|WARN|HytaleClient.Application.AppMainMenu|Invalid block set in chunk (51, 3, -4) at (1632 117 -107) to 3959 (max value 3955) 
2026-01-28 10:29:28.0745|WARN|HytaleClient.Application.AppMainMenu|Invalid block set in chunk (51, 3, -4) at (1632 117 -106) to 3959 (max value 3955) 
2026-01-28 10:29:28.0745|WARN|HytaleClient.Application.AppMainMenu|Invalid block set in chunk (51, 3, -4) at (1632 117 -105) to 3959 (max value 3955) 
2026-01-28 10:29:28.1777|WARN|HytaleClient.Application.AppMainMenu|Invalid block set in chunk (50, 3, -4) at (1627 119 -105) to 3958 (max value 3955) 
2026-01-28 10:29:28.1777|WARN|HytaleClient.Application.AppMainMenu|Invalid block set in chunk (50, 3, -4) at (1627 119 -104) to 3958 (max value 3955) 
2026-01-28 10:29:28.1777|WARN|HytaleClient.Application.AppMainMenu|Invalid block set in chunk (50, 3, -4) at (1627 119 -103) to 3958 (max value 3955) 
2026-01-28 10:29:28.1777|WARN|HytaleClient.Application.AppMainMenu|Invalid block set in chunk (50, 3, -4) at (1628 119 -105) to 3958 (max value 3955) 
2026-01-28 10:29:28.1777|WARN|HytaleClient.Application.AppMainMenu|Invalid block set in chunk (50, 3, -4) at (1628 119 -104) to 3958 (max value 3955) 
2026-01-28 10:29:28.1777|WARN|HytaleClient.Application.AppMainMenu|Invalid block set in chunk (50, 3, -4) at (1628 119 -103) to 3958 (max value 3955) 
2026-01-28 10:29:28.1777|WARN|HytaleClient.Application.AppMainMenu|Invalid block set in chunk (50, 3, -4) at (1629 119 -105) to 3958 (max value 3955) 
2026-01-28 10:29:28.1777|WARN|HytaleClient.Application.AppMainMenu|Invalid block set in chunk (50, 3, -4) at (1629 119 -104) to 3958 (max value 3955) 
2026-01-28 10:29:28.1777|WARN|HytaleClient.Application.AppMainMenu|Invalid block set in chunk (50, 3, -4) at (1629 119 -103) to 3958 (max value 3955) 
2026-01-28 10:29:28.1777|WARN|HytaleClient.Application.AppMainMenu|Invalid block set in chunk (50, 3, -4) at (1628 118 -106) to 3959 (max value 3955) 
2026-01-28 10:29:28.1777|WARN|HytaleClient.Application.AppMainMenu|Invalid block set in chunk (50, 3, -4) at (1628 118 -105) to 3959 (max value 3955) 
2026-01-28 10:29:28.1777|WARN|HytaleClient.Application.AppMainMenu|Invalid block set in chunk (50, 3, -4) at (1628 118 -104) to 3959 (max value 3955) 
2026-01-28 10:29:28.1777|WARN|HytaleClient.Application.AppMainMenu|Invalid block set in chunk (50, 3, -4) at (1629 118 -106) to 3959 (max value 3955) 
2026-01-28 10:29:28.1777|WARN|HytaleClient.Application.AppMainMenu|Invalid block set in chunk (50, 3, -4) at (1629 118 -105) to 3959 (max value 3955) 
2026-01-28 10:29:28.1777|WARN|HytaleClient.Application.AppMainMenu|Invalid block set in chunk (50, 3, -4) at (1629 118 -104) to 3959 (max value 3955) 
2026-01-28 10:29:28.1777|WARN|HytaleClient.Application.AppMainMenu|Invalid block set in chunk (50, 3, -4) at (1630 118 -106) to 3959 (max value 3955) 
2026-01-28 10:29:28.1777|WARN|HytaleClient.Application.AppMainMenu|Invalid block set in chunk (50, 3, -4) at (1630 118 -105) to 3959 (max value 3955) 
2026-01-28 10:29:28.1777|WARN|HytaleClient.Application.AppMainMenu|Invalid block set in chunk (50, 3, -4) at (1630 118 -104) to 3959 (max value 3955) 
2026-01-28 10:29:28.1777|WARN|HytaleClient.Application.AppMainMenu|Invalid block set in chunk (50, 3, -4) at (1629 117 -107) to 3959 (max value 3955) 
2026-01-28 10:29:28.1777|WARN|HytaleClient.Application.AppMainMenu|Invalid block set in chunk (50, 3, -4) at (1629 117 -106) to 3959 (max value 3955) 
2026-01-28 10:29:28.1777|WARN|HytaleClient.Application.AppMainMenu|Invalid block set in chunk (50, 3, -4) at (1629 117 -105) to 3959 (max value 3955) 
2026-01-28 10:29:28.1777|WARN|HytaleClient.Application.AppMainMenu|Invalid block set in chunk (50, 3, -4) at (1630 117 -107) to 3959 (max value 3955) 
2026-01-28 10:29:28.1777|WARN|HytaleClient.Application.AppMainMenu|Invalid block set in chunk (50, 3, -4) at (1630 117 -106) to 3959 (max value 3955) 
2026-01-28 10:29:28.1777|WARN|HytaleClient.Application.AppMainMenu|Invalid block set in chunk (50, 3, -4) at (1630 117 -105) to 3959 (max value 3955) 
2026-01-28 10:29:28.1777|WARN|HytaleClient.Application.AppMainMenu|Invalid block set in chunk (50, 3, -4) at (1631 117 -107) to 3959 (max value 3955) 
2026-01-28 10:29:28.1777|WARN|HytaleClient.Application.AppMainMenu|Invalid block set in chunk (50, 3, -4) at (1631 117 -106) to 3959 (max value 3955) 
2026-01-28 10:29:28.1777|WARN|HytaleClient.Application.AppMainMenu|Invalid block set in chunk (50, 3, -4) at (1631 117 -105) to 3959 (max value 3955) 
2026-01-28 10:29:28.2767|WARN|HytaleClient.Application.AppMainMenu|Invalid block set in chunk (50, 3, -4) at (1627 119 -105) to 3958 (max value 3955) 
2026-01-28 10:29:28.2767|WARN|HytaleClient.Application.AppMainMenu|Invalid block set in chunk (50, 3, -4) at (1627 119 -104) to 3958 (max value 3955) 
2026-01-28 10:29:28.2767|WARN|HytaleClient.Application.AppMainMenu|Invalid block set in chunk (50, 3, -4) at (1627 119 -103) to 3958 (max value 3955) 
2026-01-28 10:29:28.2767|WARN|HytaleClient.Application.AppMainMenu|Invalid block set in chunk (50, 3, -4) at (1628 119 -105) to 3958 (max value 3955) 
2026-01-28 10:29:28.2767|WARN|HytaleClient.Application.AppMainMenu|Invalid block set in chunk (50, 3, -4) at (1628 119 -104) to 3958 (max value 3955) 
2026-01-28 10:29:28.2767|WARN|HytaleClient.Application.AppMainMenu|Invalid block set in chunk (50, 3, -4) at (1628 119 -103) to 3958 (max value 3955) 
2026-01-28 10:29:28.2767|WARN|HytaleClient.Application.AppMainMenu|Invalid block set in chunk (50, 3, -4) at (1629 119 -105) to 3958 (max value 3955) 
2026-01-28 10:29:28.2767|WARN|HytaleClient.Application.AppMainMenu|Invalid block set in chunk (50, 3, -4) at (1629 119 -104) to 3958 (max value 3955) 
2026-01-28 10:29:28.2767|WARN|HytaleClient.Application.AppMainMenu|Invalid block set in chunk (50, 3, -4) at (1629 119 -103) to 3958 (max value 3955) 
2026-01-28 10:29:28.2767|WARN|HytaleClient.Application.AppMainMenu|Invalid block set in chunk (50, 3, -4) at (1627 118 -106) to 3959 (max value 3955) 
2026-01-28 10:29:28.2767|WARN|HytaleClient.Application.AppMainMenu|Invalid block set in chunk (50, 3, -4) at (1627 118 -105) to 3959 (max value 3955) 
2026-01-28 10:29:28.2767|WARN|HytaleClient.Application.AppMainMenu|Invalid block set in chunk (50, 3, -4) at (1627 118 -104) to 3959 (max value 3955) 
2026-01-28 10:29:28.2767|WARN|HytaleClient.Application.AppMainMenu|Invalid block set in chunk (50, 3, -4) at (1628 118 -106) to 3959 (max value 3955) 
2026-01-28 10:29:28.2767|WARN|HytaleClient.Application.AppMainMenu|Invalid block set in chunk (50, 3, -4) at (1628 118 -105) to 3959 (max value 3955) 
2026-01-28 10:29:28.2767|WARN|HytaleClient.Application.AppMainMenu|Invalid block set in chunk (50, 3, -4) at (1628 118 -104) to 3959 (max value 3955) 
2026-01-28 10:29:28.2767|WARN|HytaleClient.Application.AppMainMenu|Invalid block set in chunk (50, 3, -4) at (1629 118 -106) to 3959 (max value 3955) 
2026-01-28 10:29:28.2767|WARN|HytaleClient.Application.AppMainMenu|Invalid block set in chunk (50, 3, -4) at (1629 118 -105) to 3959 (max value 3955) 
2026-01-28 10:29:28.2767|WARN|HytaleClient.Application.AppMainMenu|Invalid block set in chunk (50, 3, -4) at (1629 118 -104) to 3959 (max value 3955) 
2026-01-28 10:29:28.2767|WARN|HytaleClient.Application.AppMainMenu|Invalid block set in chunk (50, 3, -4) at (1627 117 -107) to 3959 (max value 3955) 
2026-01-28 10:29:28.2767|WARN|HytaleClient.Application.AppMainMenu|Invalid block set in chunk (50, 3, -4) at (1627 117 -106) to 3959 (max value 3955) 
2026-01-28 10:29:28.2767|WARN|HytaleClient.Application.AppMainMenu|Invalid block set in chunk (50, 3, -4) at (1627 117 -105) to 3959 (max value 3955) 
2026-01-28 10:29:28.2767|WARN|HytaleClient.Application.AppMainMenu|Invalid block set in chunk (50, 3, -4) at (1628 117 -107) to 3959 (max value 3955) 
2026-01-28 10:29:28.2767|WARN|HytaleClient.Application.AppMainMenu|Invalid block set in chunk (50, 3, -4) at (1628 117 -106) to 3959 (max value 3955) 
2026-01-28 10:29:28.2767|WARN|HytaleClient.Application.AppMainMenu|Invalid block set in chunk (50, 3, -4) at (1628 117 -105) to 3959 (max value 3955) 
2026-01-28 10:29:28.2767|WARN|HytaleClient.Application.AppMainMenu|Invalid block set in chunk (50, 3, -4) at (1629 117 -107) to 3959 (max value 3955) 
2026-01-28 10:29:28.2767|WARN|HytaleClient.Application.AppMainMenu|Invalid block set in chunk (50, 3, -4) at (1629 117 -106) to 3959 (max value 3955) 
2026-01-28 10:29:28.2767|WARN|HytaleClient.Application.AppMainMenu|Invalid block set in chunk (50, 3, -4) at (1629 117 -105) to 3959 (max value 3955) 
2026-01-28 10:29:28.3768|WARN|HytaleClient.Application.AppMainMenu|Invalid block set in chunk (50, 3, -4) at (1627 119 -106) to 3958 (max value 3955) 
2026-01-28 10:29:28.3768|WARN|HytaleClient.Application.AppMainMenu|Invalid block set in chunk (50, 3, -4) at (1627 119 -105) to 3958 (max value 3955) 
2026-01-28 10:29:28.3768|WARN|HytaleClient.Application.AppMainMenu|Invalid block set in chunk (50, 3, -4) at (1627 119 -104) to 3958 (max value 3955) 
2026-01-28 10:29:28.3768|WARN|HytaleClient.Application.AppMainMenu|Invalid block set in chunk (50, 3, -4) at (1628 119 -106) to 3958 (max value 3955) 
2026-01-28 10:29:28.3768|WARN|HytaleClient.Application.AppMainMenu|Invalid block set in chunk (50, 3, -4) at (1628 119 -105) to 3958 (max value 3955) 
2026-01-28 10:29:28.3768|WARN|HytaleClient.Application.AppMainMenu|Invalid block set in chunk (50, 3, -4) at (1628 119 -104) to 3958 (max value 3955) 
2026-01-28 10:29:28.3768|WARN|HytaleClient.Application.AppMainMenu|Invalid block set in chunk (50, 3, -4) at (1629 119 -106) to 3958 (max value 3955) 
2026-01-28 10:29:28.3768|WARN|HytaleClient.Application.AppMainMenu|Invalid block set in chunk (50, 3, -4) at (1629 119 -105) to 3958 (max value 3955) 
2026-01-28 10:29:28.3768|WARN|HytaleClient.Application.AppMainMenu|Invalid block set in chunk (50, 3, -4) at (1629 119 -104) to 3958 (max value 3955) 
2026-01-28 10:29:28.3768|WARN|HytaleClient.Application.AppMainMenu|Invalid block set in chunk (50, 3, -4) at (1627 118 -107) to 3959 (max value 3955) 
2026-01-28 10:29:28.3768|WARN|HytaleClient.Application.AppMainMenu|Invalid block set in chunk (50, 3, -4) at (1627 118 -106) to 3959 (max value 3955) 
2026-01-28 10:29:28.3768|WARN|HytaleClient.Application.AppMainMenu|Invalid block set in chunk (50, 3, -4) at (1627 118 -105) to 3959 (max value 3955) 
2026-01-28 10:29:28.3768|WARN|HytaleClient.Application.AppMainMenu|Invalid block set in chunk (50, 3, -4) at (1628 118 -107) to 3959 (max value 3955) 
2026-01-28 10:29:28.3768|WARN|HytaleClient.Application.AppMainMenu|Invalid block set in chunk (50, 3, -4) at (1628 118 -106) to 3959 (max value 3955) 
2026-01-28 10:29:28.3768|WARN|HytaleClient.Application.AppMainMenu|Invalid block set in chunk (50, 3, -4) at (1628 118 -105) to 3959 (max value 3955) 
2026-01-28 10:29:28.3768|WARN|HytaleClient.Application.AppMainMenu|Invalid block set in chunk (50, 3, -4) at (1629 118 -107) to 3959 (max value 3955) 
2026-01-28 10:29:28.3768|WARN|HytaleClient.Application.AppMainMenu|Invalid block set in chunk (50, 3, -4) at (1629 118 -106) to 3959 (max value 3955) 
2026-01-28 10:29:28.3768|WARN|HytaleClient.Application.AppMainMenu|Invalid block set in chunk (50, 3, -4) at (1629 118 -105) to 3959 (max value 3955) 
2026-01-28 10:29:28.3768|WARN|HytaleClient.Application.AppMainMenu|Invalid block set in chunk (50, 3, -4) at (1627 117 -108) to 3959 (max value 3955) 
2026-01-28 10:29:28.3768|WARN|HytaleClient.Application.AppMainMenu|Invalid block set in chunk (50, 3, -4) at (1627 117 -107) to 3959 (max value 3955) 
2026-01-28 10:29:28.3768|WARN|HytaleClient.Application.AppMainMenu|Invalid block set in chunk (50, 3, -4) at (1627 117 -106) to 3959 (max value 3955) 
2026-01-28 10:29:28.3768|WARN|HytaleClient.Application.AppMainMenu|Invalid block set in chunk (50, 3, -4) at (1628 117 -108) to 3959 (max value 3955) 
2026-01-28 10:29:28.3768|WARN|HytaleClient.Application.AppMainMenu|Invalid block set in chunk (50, 3, -4) at (1628 117 -107) to 3959 (max value 3955) 
2026-01-28 10:29:28.3768|WARN|HytaleClient.Application.AppMainMenu|Invalid block set in chunk (50, 3, -4) at (1628 117 -106) to 3959 (max value 3955) 
2026-01-28 10:29:28.3768|WARN|HytaleClient.Application.AppMainMenu|Invalid block set in chunk (50, 3, -4) at (1629 117 -108) to 3959 (max value 3955) 
2026-01-28 10:29:28.3768|WARN|HytaleClient.Application.AppMainMenu|Invalid block set in chunk (50, 3, -4) at (1629 117 -107) to 3959 (max value 3955) 
2026-01-28 10:29:28.3768|WARN|HytaleClient.Application.AppMainMenu|Invalid block set in chunk (50, 3, -4) at (1629 117 -106) to 3959 (max value 3955) 
2026-01-28 10:29:28.5755|WARN|HytaleClient.Application.AppMainMenu|Invalid block set in chunk (50, 3, -4) at (1626 120 -106) to 3960 (max value 3955) 
2026-01-28 10:29:28.5755|WARN|HytaleClient.Application.AppMainMenu|Invalid block set in chunk (50, 3, -4) at (1627 120 -105) to 3960 (max value 3955) 
2026-01-28 10:29:28.7767|WARN|HytaleClient.Application.AppMainMenu|Invalid block set in chunk (50, 3, -4) at (1625 119 -106) to 3958 (max value 3955) 
2026-01-28 10:29:28.7767|WARN|HytaleClient.Application.AppMainMenu|Invalid block set in chunk (50, 3, -4) at (1625 119 -105) to 3958 (max value 3955) 
2026-01-28 10:29:28.7767|WARN|HytaleClient.Application.AppMainMenu|Invalid block set in chunk (50, 3, -4) at (1625 119 -104) to 3958 (max value 3955) 
2026-01-28 10:29:28.7767|WARN|HytaleClient.Application.AppMainMenu|Invalid block set in chunk (50, 3, -4) at (1626 119 -106) to 3958 (max value 3955) 
2026-01-28 10:29:28.7767|WARN|HytaleClient.Application.AppMainMenu|Invalid block set in chunk (50, 3, -4) at (1626 119 -105) to 3958 (max value 3955) 
2026-01-28 10:29:28.7767|WARN|HytaleClient.Application.AppMainMenu|Invalid block set in chunk (50, 3, -4) at (1626 119 -104) to 3958 (max value 3955) 
2026-01-28 10:29:28.7767|WARN|HytaleClient.Application.AppMainMenu|Invalid block set in chunk (50, 3, -4) at (1627 119 -106) to 3958 (max value 3955) 
2026-01-28 10:29:28.7767|WARN|HytaleClient.Application.AppMainMenu|Invalid block set in chunk (50, 3, -4) at (1627 119 -105) to 3958 (max value 3955) 
2026-01-28 10:29:28.7767|WARN|HytaleClient.Application.AppMainMenu|Invalid block set in chunk (50, 3, -4) at (1627 119 -104) to 3958 (max value 3955) 
2026-01-28 10:29:28.7767|WARN|HytaleClient.Application.AppMainMenu|Invalid block set in chunk (50, 3, -4) at (1625 119 -107) to 3958 (max value 3955) 
2026-01-28 10:29:28.7767|WARN|HytaleClient.Application.AppMainMenu|Invalid block set in chunk (50, 3, -4) at (1626 119 -107) to 3958 (max value 3955) 
2026-01-28 10:29:28.7767|WARN|HytaleClient.Application.AppMainMenu|Invalid block set in chunk (50, 3, -4) at (1627 119 -107) to 3958 (max value 3955) 
2026-01-28 10:29:28.7767|WARN|HytaleClient.Application.AppMainMenu|Invalid block set in chunk (50, 3, -4) at (1625 119 -108) to 3958 (max value 3955) 
2026-01-28 10:29:28.7767|WARN|HytaleClient.Application.AppMainMenu|Invalid block set in chunk (50, 3, -4) at (1626 119 -108) to 3958 (max value 3955) 
2026-01-28 10:29:28.7767|WARN|HytaleClient.Application.AppMainMenu|Invalid block set in chunk (50, 3, -4) at (1627 119 -108) to 3958 (max value 3955) 
2026-01-28 10:29:28.9770|WARN|HytaleClient.Application.AppMainMenu|Invalid block set in chunk (50, 3, -4) at (1624 119 -106) to 3958 (max value 3955) 
2026-01-28 10:29:28.9770|WARN|HytaleClient.Application.AppMainMenu|Invalid block set in chunk (50, 3, -4) at (1624 119 -105) to 3958 (max value 3955) 
2026-01-28 10:29:28.9770|WARN|HytaleClient.Application.AppMainMenu|Invalid block set in chunk (50, 3, -4) at (1624 119 -104) to 3958 (max value 3955) 
2026-01-28 10:29:28.9770|WARN|HytaleClient.Application.AppMainMenu|Invalid block set in chunk (50, 3, -4) at (1625 119 -106) to 3958 (max value 3955) 
2026-01-28 10:29:28.9770|WARN|HytaleClient.Application.AppMainMenu|Invalid block set in chunk (50, 3, -4) at (1625 119 -105) to 3958 (max value 3955) 
2026-01-28 10:29:28.9770|WARN|HytaleClient.Application.AppMainMenu|Invalid block set in chunk (50, 3, -4) at (1625 119 -104) to 3958 (max value 3955) 
2026-01-28 10:29:28.9770|WARN|HytaleClient.Application.AppMainMenu|Invalid block set in chunk (50, 3, -4) at (1626 119 -106) to 3958 (max value 3955) 
2026-01-28 10:29:28.9770|WARN|HytaleClient.Application.AppMainMenu|Invalid block set in chunk (50, 3, -4) at (1626 119 -105) to 3958 (max value 3955) 
2026-01-28 10:29:28.9770|WARN|HytaleClient.Application.AppMainMenu|Invalid block set in chunk (50, 3, -4) at (1626 119 -104) to 3958 (max value 3955) 
2026-01-28 10:29:28.9770|WARN|HytaleClient.Application.AppMainMenu|Invalid block set in chunk (50, 3, -4) at (1624 119 -107) to 3958 (max value 3955) 
2026-01-28 10:29:28.9770|WARN|HytaleClient.Application.AppMainMenu|Invalid block set in chunk (50, 3, -4) at (1625 119 -107) to 3958 (max value 3955) 
2026-01-28 10:29:28.9770|WARN|HytaleClient.Application.AppMainMenu|Invalid block set in chunk (50, 3, -4) at (1626 119 -107) to 3958 (max value 3955) 
2026-01-28 10:29:28.9770|WARN|HytaleClient.Application.AppMainMenu|Invalid block set in chunk (50, 3, -4) at (1624 119 -108) to 3958 (max value 3955) 
2026-01-28 10:29:28.9770|WARN|HytaleClient.Application.AppMainMenu|Invalid block set in chunk (50, 3, -4) at (1625 119 -108) to 3958 (max value 3955) 
2026-01-28 10:29:28.9770|WARN|HytaleClient.Application.AppMainMenu|Invalid block set in chunk (50, 3, -4) at (1626 119 -108) to 3958 (max value 3955) 
2026-01-28 10:29:29.5765|WARN|HytaleClient.Application.AppMainMenu|Invalid block set in chunk (50, 3, -4) at (1624 119 -106) to 3958 (max value 3955) 
2026-01-28 10:29:29.5765|WARN|HytaleClient.Application.AppMainMenu|Invalid block set in chunk (50, 3, -4) at (1624 119 -105) to 3958 (max value 3955) 
2026-01-28 10:29:29.5765|WARN|HytaleClient.Application.AppMainMenu|Invalid block set in chunk (50, 3, -4) at (1624 119 -104) to 3958 (max value 3955) 
2026-01-28 10:29:29.5765|WARN|HytaleClient.Application.AppMainMenu|Invalid block set in chunk (50, 3, -4) at (1625 119 -106) to 3958 (max value 3955) 
2026-01-28 10:29:29.5765|WARN|HytaleClient.Application.AppMainMenu|Invalid block set in chunk (50, 3, -4) at (1625 119 -105) to 3958 (max value 3955) 
2026-01-28 10:29:29.5765|WARN|HytaleClient.Application.AppMainMenu|Invalid block set in chunk (50, 3, -4) at (1625 119 -104) to 3958 (max value 3955) 
2026-01-28 10:29:29.5765|WARN|HytaleClient.Application.AppMainMenu|Invalid block set in chunk (50, 3, -4) at (1626 119 -106) to 3958 (max value 3955) 
2026-01-28 10:29:29.5765|WARN|HytaleClient.Application.AppMainMenu|Invalid block set in chunk (50, 3, -4) at (1626 119 -105) to 3958 (max value 3955) 
2026-01-28 10:29:29.5765|WARN|HytaleClient.Application.AppMainMenu|Invalid block set in chunk (50, 3, -4) at (1626 119 -104) to 3958 (max value 3955) 
2026-01-28 10:29:29.5765|WARN|HytaleClient.Application.AppMainMenu|Invalid block set in chunk (50, 3, -4) at (1623 119 -107) to 3958 (max value 3955) 
2026-01-28 10:29:29.5765|WARN|HytaleClient.Application.AppMainMenu|Invalid block set in chunk (50, 3, -4) at (1623 119 -106) to 3958 (max value 3955) 
2026-01-28 10:29:29.5765|WARN|HytaleClient.Application.AppMainMenu|Invalid block set in chunk (50, 3, -4) at (1623 119 -105) to 3958 (max value 3955) 
2026-01-28 10:29:29.5765|WARN|HytaleClient.Application.AppMainMenu|Invalid block set in chunk (50, 3, -4) at (1624 119 -107) to 3958 (max value 3955) 
2026-01-28 10:29:29.5765|WARN|HytaleClient.Application.AppMainMenu|Invalid block set in chunk (50, 3, -4) at (1625 119 -107) to 3958 (max value 3955) 
2026-01-28 10:29:29.5765|WARN|HytaleClient.Application.AppMainMenu|Invalid block set in chunk (50, 3, -4) at (1622 119 -108) to 3958 (max value 3955) 
2026-01-28 10:29:29.5765|WARN|HytaleClient.Application.AppMainMenu|Invalid block set in chunk (50, 3, -4) at (1622 119 -107) to 3958 (max value 3955) 
2026-01-28 10:29:29.5765|WARN|HytaleClient.Application.AppMainMenu|Invalid block set in chunk (50, 3, -4) at (1622 119 -106) to 3958 (max value 3955) 
2026-01-28 10:29:29.5765|WARN|HytaleClient.Application.AppMainMenu|Invalid block set in chunk (50, 3, -4) at (1623 119 -108) to 3958 (max value 3955) 
2026-01-28 10:29:29.5765|WARN|HytaleClient.Application.AppMainMenu|Invalid block set in chunk (50, 3, -4) at (1624 119 -108) to 3958 (max value 3955) 
2026-01-28 10:29:29.6768|WARN|HytaleClient.Application.AppMainMenu|Invalid block set in chunk (50, 3, -4) at (1623 120 -104) to 3957 (max value 3955) 
2026-01-28 10:29:29.6768|WARN|HytaleClient.Application.AppMainMenu|Invalid block set in chunk (50, 3, -4) at (1624 120 -106) to 3957 (max value 3955) 
2026-01-28 10:29:29.6768|WARN|HytaleClient.Application.AppMainMenu|Invalid block set in chunk (50, 3, -4) at (1624 120 -105) to 3957 (max value 3955) 
2026-01-28 10:29:29.6768|WARN|HytaleClient.Application.AppMainMenu|Invalid block set in chunk (50, 3, -4) at (1624 120 -104) to 3960 (max value 3955) 
2026-01-28 10:29:29.6768|WARN|HytaleClient.Application.AppMainMenu|Invalid block set in chunk (50, 3, -4) at (1625 120 -106) to 3960 (max value 3955) 
2026-01-28 10:29:29.6768|WARN|HytaleClient.Application.AppMainMenu|Invalid block set in chunk (50, 3, -4) at (1624 120 -107) to 3956 (max value 3955) 
2026-01-28 10:29:29.6768|WARN|HytaleClient.Application.AppMainMenu|Invalid block set in chunk (50, 3, -4) at (1621 120 -107) to 3960 (max value 3955) 
2026-01-28 10:29:29.7755|WARN|HytaleClient.Application.AppMainMenu|Invalid block set in chunk (50, 3, -4) at (1623 120 -104) to 3957 (max value 3955) 
2026-01-28 10:29:29.7755|WARN|HytaleClient.Application.AppMainMenu|Invalid block set in chunk (50, 3, -4) at (1623 120 -103) to 3956 (max value 3955) 
2026-01-28 10:29:29.7755|WARN|HytaleClient.Application.AppMainMenu|Invalid block set in chunk (50, 3, -4) at (1624 120 -105) to 3957 (max value 3955) 
2026-01-28 10:29:29.7755|WARN|HytaleClient.Application.AppMainMenu|Invalid block set in chunk (50, 3, -4) at (1624 120 -104) to 3960 (max value 3955) 
2026-01-28 10:29:29.7755|WARN|HytaleClient.Application.AppMainMenu|Invalid block set in chunk (50, 3, -4) at (1624 120 -106) to 3957 (max value 3955) 
2026-01-28 10:29:29.7755|WARN|HytaleClient.Application.AppMainMenu|Invalid block set in chunk (50, 3, -4) at (1621 120 -107) to 3960 (max value 3955) 
2026-01-28 10:29:29.8766|WARN|HytaleClient.Application.AppMainMenu|Invalid block set in chunk (50, 3, -4) at (1623 120 -104) to 3957 (max value 3955) 
2026-01-28 10:29:29.8766|WARN|HytaleClient.Application.AppMainMenu|Invalid block set in chunk (50, 3, -4) at (1623 120 -103) to 3956 (max value 3955) 
2026-01-28 10:29:29.8766|WARN|HytaleClient.Application.AppMainMenu|Invalid block set in chunk (50, 3, -4) at (1624 120 -105) to 3957 (max value 3955) 
2026-01-28 10:29:29.8766|WARN|HytaleClient.Application.AppMainMenu|Invalid block set in chunk (50, 3, -4) at (1624 120 -104) to 3960 (max value 3955) 
2026-01-28 10:29:29.8766|WARN|HytaleClient.Application.AppMainMenu|Invalid block set in chunk (50, 3, -4) at (1621 120 -103) to 3956 (max value 3955) 
2026-01-28 10:29:30.2825|WARN|HytaleClient.Application.AppMainMenu|Invalid block set in chunk (50, 3, -4) at (1623 120 -104) to 3957 (max value 3955) 
2026-01-28 10:29:30.2825|WARN|HytaleClient.Application.AppMainMenu|Invalid block set in chunk (50, 3, -4) at (1623 120 -103) to 3956 (max value 3955) 
2026-01-28 10:29:30.2825|WARN|HytaleClient.Application.AppMainMenu|Invalid block set in chunk (50, 3, -4) at (1623 120 -102) to 3957 (max value 3955) 
2026-01-28 10:29:30.2825|WARN|HytaleClient.Application.AppMainMenu|Invalid block set in chunk (50, 3, -4) at (1624 120 -104) to 3960 (max value 3955) 
2026-01-28 10:29:30.2825|WARN|HytaleClient.Application.AppMainMenu|Invalid block set in chunk (50, 3, -4) at (1621 120 -103) to 3956 (max value 3955) 
2026-01-28 10:29:30.2825|WARN|HytaleClient.Application.AppMainMenu|Invalid block set in chunk (50, 3, -4) at (1620 120 -102) to 3957 (max value 3955) 
2026-01-28 10:29:30.8813|WARN|HytaleClient.Application.AppMainMenu|Invalid block set in chunk (50, 3, -4) at (1623 120 -104) to 3957 (max value 3955) 
2026-01-28 10:29:30.8813|WARN|HytaleClient.Application.AppMainMenu|Invalid block set in chunk (50, 3, -4) at (1623 120 -103) to 3956 (max value 3955) 
2026-01-28 10:29:30.8813|WARN|HytaleClient.Application.AppMainMenu|Invalid block set in chunk (50, 3, -4) at (1624 120 -105) to 3957 (max value 3955) 
2026-01-28 10:29:30.8813|WARN|HytaleClient.Application.AppMainMenu|Invalid block set in chunk (50, 3, -4) at (1624 120 -104) to 3960 (max value 3955) 
2026-01-28 10:29:30.8813|WARN|HytaleClient.Application.AppMainMenu|Invalid block set in chunk (50, 3, -4) at (1621 120 -103) to 3956 (max value 3955) 
2026-01-28 10:29:30.9813|WARN|HytaleClient.Application.AppMainMenu|Invalid block set in chunk (50, 3, -4) at (1623 120 -104) to 3957 (max value 3955) 
2026-01-28 10:29:30.9813|WARN|HytaleClient.Application.AppMainMenu|Invalid block set in chunk (50, 3, -4) at (1624 120 -106) to 3957 (max value 3955) 
2026-01-28 10:29:30.9813|WARN|HytaleClient.Application.AppMainMenu|Invalid block set in chunk (50, 3, -4) at (1624 120 -105) to 3957 (max value 3955) 
2026-01-28 10:29:30.9813|WARN|HytaleClient.Application.AppMainMenu|Invalid block set in chunk (50, 3, -4) at (1624 120 -104) to 3960 (max value 3955) 
2026-01-28 10:29:30.9813|WARN|HytaleClient.Application.AppMainMenu|Invalid block set in chunk (50, 3, -4) at (1625 120 -106) to 3960 (max value 3955) 
2026-01-28 10:29:30.9813|WARN|HytaleClient.Application.AppMainMenu|Invalid block set in chunk (50, 3, -4) at (1624 120 -107) to 3956 (max value 3955) 
2026-01-28 10:29:30.9813|WARN|HytaleClient.Application.AppMainMenu|Invalid block set in chunk (50, 3, -4) at (1621 120 -107) to 3960 (max value 3955) 
2026-01-28 10:29:31.0814|WARN|HytaleClient.Application.AppMainMenu|Invalid block set in chunk (50, 3, -4) at (1624 119 -106) to 3958 (max value 3955) 
2026-01-28 10:29:31.0814|WARN|HytaleClient.Application.AppMainMenu|Invalid block set in chunk (50, 3, -4) at (1624 119 -105) to 3958 (max value 3955) 
2026-01-28 10:29:31.0814|WARN|HytaleClient.Application.AppMainMenu|Invalid block set in chunk (50, 3, -4) at (1624 119 -104) to 3958 (max value 3955) 
2026-01-28 10:29:31.0814|WARN|HytaleClient.Application.AppMainMenu|Invalid block set in chunk (50, 3, -4) at (1625 119 -106) to 3958 (max value 3955) 
2026-01-28 10:29:31.0814|WARN|HytaleClient.Application.AppMainMenu|Invalid block set in chunk (50, 3, -4) at (1625 119 -105) to 3958 (max value 3955) 
2026-01-28 10:29:31.0814|WARN|HytaleClient.Application.AppMainMenu|Invalid block set in chunk (50, 3, -4) at (1625 119 -104) to 3958 (max value 3955) 
2026-01-28 10:29:31.0814|WARN|HytaleClient.Application.AppMainMenu|Invalid block set in chunk (50, 3, -4) at (1626 119 -106) to 3958 (max value 3955) 
2026-01-28 10:29:31.0814|WARN|HytaleClient.Application.AppMainMenu|Invalid block set in chunk (50, 3, -4) at (1626 119 -105) to 3958 (max value 3955) 
2026-01-28 10:29:31.0814|WARN|HytaleClient.Application.AppMainMenu|Invalid block set in chunk (50, 3, -4) at (1626 119 -104) to 3958 (max value 3955) 
2026-01-28 10:29:31.0814|WARN|HytaleClient.Application.AppMainMenu|Invalid block set in chunk (50, 3, -4) at (1623 119 -107) to 3958 (max value 3955) 
2026-01-28 10:29:31.0814|WARN|HytaleClient.Application.AppMainMenu|Invalid block set in chunk (50, 3, -4) at (1623 119 -106) to 3958 (max value 3955) 
2026-01-28 10:29:31.0814|WARN|HytaleClient.Application.AppMainMenu|Invalid block set in chunk (50, 3, -4) at (1623 119 -105) to 3958 (max value 3955) 
2026-01-28 10:29:31.0814|WARN|HytaleClient.Application.AppMainMenu|Invalid block set in chunk (50, 3, -4) at (1624 119 -107) to 3958 (max value 3955) 
2026-01-28 10:29:31.0814|WARN|HytaleClient.Application.AppMainMenu|Invalid block set in chunk (50, 3, -4) at (1625 119 -107) to 3958 (max value 3955) 
2026-01-28 10:29:31.0814|WARN|HytaleClient.Application.AppMainMenu|Invalid block set in chunk (50, 3, -4) at (1622 119 -108) to 3958 (max value 3955) 
2026-01-28 10:29:31.0814|WARN|HytaleClient.Application.AppMainMenu|Invalid block set in chunk (50, 3, -4) at (1622 119 -107) to 3958 (max value 3955) 
2026-01-28 10:29:31.0814|WARN|HytaleClient.Application.AppMainMenu|Invalid block set in chunk (50, 3, -4) at (1622 119 -106) to 3958 (max value 3955) 
2026-01-28 10:29:31.0814|WARN|HytaleClient.Application.AppMainMenu|Invalid block set in chunk (50, 3, -4) at (1623 119 -108) to 3958 (max value 3955) 
2026-01-28 10:29:31.0814|WARN|HytaleClient.Application.AppMainMenu|Invalid block set in chunk (50, 3, -4) at (1624 119 -108) to 3958 (max value 3955) 
2026-01-28 10:29:33.4486|WARN|HytaleClient.Application.AppMainMenu|Invalid block set in chunk (50, 3, -4) at (1624 119 -106) to 3958 (max value 3955) 
2026-01-28 10:29:33.4486|WARN|HytaleClient.Application.AppMainMenu|Invalid block set in chunk (50, 3, -4) at (1624 119 -105) to 3958 (max value 3955) 
2026-01-28 10:29:33.4486|WARN|HytaleClient.Application.AppMainMenu|Invalid block set in chunk (50, 3, -4) at (1624 119 -104) to 3958 (max value 3955) 
2026-01-28 10:29:33.4486|WARN|HytaleClient.Application.AppMainMenu|Invalid block set in chunk (50, 3, -4) at (1625 119 -106) to 3958 (max value 3955) 
2026-01-28 10:29:33.4486|WARN|HytaleClient.Application.AppMainMenu|Invalid block set in chunk (50, 3, -4) at (1625 119 -105) to 3958 (max value 3955) 
2026-01-28 10:29:33.4486|WARN|HytaleClient.Application.AppMainMenu|Invalid block set in chunk (50, 3, -4) at (1625 119 -104) to 3958 (max value 3955) 
2026-01-28 10:29:33.4486|WARN|HytaleClient.Application.AppMainMenu|Invalid block set in chunk (50, 3, -4) at (1626 119 -106) to 3958 (max value 3955) 
2026-01-28 10:29:33.4486|WARN|HytaleClient.Application.AppMainMenu|Invalid block set in chunk (50, 3, -4) at (1626 119 -105) to 3958 (max value 3955) 
2026-01-28 10:29:33.4486|WARN|HytaleClient.Application.AppMainMenu|Invalid block set in chunk (50, 3, -4) at (1626 119 -104) to 3958 (max value 3955) 
2026-01-28 10:29:33.4486|WARN|HytaleClient.Application.AppMainMenu|Invalid block set in chunk (50, 3, -4) at (1623 119 -107) to 3958 (max value 3955) 
2026-01-28 10:29:33.4486|WARN|HytaleClient.Application.AppMainMenu|Invalid block set in chunk (50, 3, -4) at (1623 119 -106) to 3958 (max value 3955) 
2026-01-28 10:29:33.4486|WARN|HytaleClient.Application.AppMainMenu|Invalid block set in chunk (50, 3, -4) at (1623 119 -105) to 3958 (max value 3955) 
2026-01-28 10:29:33.4486|WARN|HytaleClient.Application.AppMainMenu|Invalid block set in chunk (50, 3, -4) at (1624 119 -107) to 3958 (max value 3955) 
2026-01-28 10:29:33.4486|WARN|HytaleClient.Application.AppMainMenu|Invalid block set in chunk (50, 3, -4) at (1625 119 -107) to 3958 (max value 3955) 
2026-01-28 10:29:33.4486|WARN|HytaleClient.Application.AppMainMenu|Invalid block set in chunk (50, 3, -4) at (1622 119 -108) to 3958 (max value 3955) 
2026-01-28 10:29:33.4486|WARN|HytaleClient.Application.AppMainMenu|Invalid block set in chunk (50, 3, -4) at (1622 119 -107) to 3958 (max value 3955) 
2026-01-28 10:29:33.4486|WARN|HytaleClient.Application.AppMainMenu|Invalid block set in chunk (50, 3, -4) at (1622 119 -106) to 3958 (max value 3955) 
2026-01-28 10:29:33.4486|WARN|HytaleClient.Application.AppMainMenu|Invalid block set in chunk (50, 3, -4) at (1623 119 -108) to 3958 (max value 3955) 
2026-01-28 10:29:33.4486|WARN|HytaleClient.Application.AppMainMenu|Invalid block set in chunk (50, 3, -4) at (1624 119 -108) to 3958 (max value 3955) 
2026-01-28 10:29:34.5480|WARN|HytaleClient.Application.AppMainMenu|Invalid block set in chunk (50, 3, -4) at (1624 119 -106) to 3958 (max value 3955) 
2026-01-28 10:29:34.5480|WARN|HytaleClient.Application.AppMainMenu|Invalid block set in chunk (50, 3, -4) at (1624 119 -105) to 3958 (max value 3955) 
2026-01-28 10:29:34.5480|WARN|HytaleClient.Application.AppMainMenu|Invalid block set in chunk (50, 3, -4) at (1624 119 -104) to 3958 (max value 3955) 
2026-01-28 10:29:34.5480|WARN|HytaleClient.Application.AppMainMenu|Invalid block set in chunk (50, 3, -4) at (1625 119 -106) to 3958 (max value 3955) 
2026-01-28 10:29:34.5480|WARN|HytaleClient.Application.AppMainMenu|Invalid block set in chunk (50, 3, -4) at (1625 119 -105) to 3958 (max value 3955) 
2026-01-28 10:29:34.5480|WARN|HytaleClient.Application.AppMainMenu|Invalid block set in chunk (50, 3, -4) at (1625 119 -104) to 3958 (max value 3955) 
2026-01-28 10:29:34.5480|WARN|HytaleClient.Application.AppMainMenu|Invalid block set in chunk (50, 3, -4) at (1626 119 -106) to 3958 (max value 3955) 
2026-01-28 10:29:34.5480|WARN|HytaleClient.Application.AppMainMenu|Invalid block set in chunk (50, 3, -4) at (1626 119 -105) to 3958 (max value 3955) 
2026-01-28 10:29:34.5480|WARN|HytaleClient.Application.AppMainMenu|Invalid block set in chunk (50, 3, -4) at (1626 119 -104) to 3958 (max value 3955) 
2026-01-28 10:29:34.5480|WARN|HytaleClient.Application.AppMainMenu|Invalid block set in chunk (50, 3, -4) at (1624 119 -107) to 3958 (max value 3955) 
2026-01-28 10:29:34.5480|WARN|HytaleClient.Application.AppMainMenu|Invalid block set in chunk (50, 3, -4) at (1625 119 -107) to 3958 (max value 3955) 
2026-01-28 10:29:34.5480|WARN|HytaleClient.Application.AppMainMenu|Invalid block set in chunk (50, 3, -4) at (1626 119 -107) to 3958 (max value 3955) 
2026-01-28 10:29:34.5480|WARN|HytaleClient.Application.AppMainMenu|Invalid block set in chunk (50, 3, -4) at (1624 119 -108) to 3958 (max value 3955) 
2026-01-28 10:29:34.5480|WARN|HytaleClient.Application.AppMainMenu|Invalid block set in chunk (50, 3, -4) at (1625 119 -108) to 3958 (max value 3955) 
2026-01-28 10:29:34.5480|WARN|HytaleClient.Application.AppMainMenu|Invalid block set in chunk (50, 3, -4) at (1626 119 -108) to 3958 (max value 3955) 
2026-01-28 10:29:34.6477|WARN|HytaleClient.Application.AppMainMenu|Invalid block set in chunk (50, 3, -4) at (1626 120 -106) to 3960 (max value 3955) 
2026-01-28 10:29:34.6477|WARN|HytaleClient.Application.AppMainMenu|Invalid block set in chunk (50, 3, -4) at (1627 120 -105) to 3960 (max value 3955) 
2026-01-28 10:29:35.3477|WARN|HytaleClient.Application.AppMainMenu|Invalid block set in chunk (50, 3, -4) at (1627 119 -107) to 3958 (max value 3955) 
2026-01-28 10:29:35.3477|WARN|HytaleClient.Application.AppMainMenu|Invalid block set in chunk (50, 3, -4) at (1627 119 -106) to 3958 (max value 3955) 
2026-01-28 10:29:35.3477|WARN|HytaleClient.Application.AppMainMenu|Invalid block set in chunk (50, 3, -4) at (1627 119 -105) to 3958 (max value 3955) 
2026-01-28 10:29:35.3477|WARN|HytaleClient.Application.AppMainMenu|Invalid block set in chunk (50, 3, -4) at (1628 119 -107) to 3958 (max value 3955) 
2026-01-28 10:29:35.3477|WARN|HytaleClient.Application.AppMainMenu|Invalid block set in chunk (50, 3, -4) at (1628 119 -106) to 3958 (max value 3955) 
2026-01-28 10:29:35.3477|WARN|HytaleClient.Application.AppMainMenu|Invalid block set in chunk (50, 3, -4) at (1628 119 -105) to 3958 (max value 3955) 
2026-01-28 10:29:35.3477|WARN|HytaleClient.Application.AppMainMenu|Invalid block set in chunk (50, 3, -4) at (1629 119 -107) to 3958 (max value 3955) 
2026-01-28 10:29:35.3477|WARN|HytaleClient.Application.AppMainMenu|Invalid block set in chunk (50, 3, -4) at (1629 119 -106) to 3958 (max value 3955) 
2026-01-28 10:29:35.3477|WARN|HytaleClient.Application.AppMainMenu|Invalid block set in chunk (50, 3, -4) at (1629 119 -105) to 3958 (max value 3955) 
2026-01-28 10:29:35.3477|WARN|HytaleClient.Application.AppMainMenu|Invalid block set in chunk (50, 3, -4) at (1627 119 -108) to 3958 (max value 3955) 
2026-01-28 10:29:35.3477|WARN|HytaleClient.Application.AppMainMenu|Invalid block set in chunk (50, 3, -4) at (1628 119 -108) to 3958 (max value 3955) 
2026-01-28 10:29:35.3477|WARN|HytaleClient.Application.AppMainMenu|Invalid block set in chunk (50, 3, -4) at (1629 119 -108) to 3958 (max value 3955) 
2026-01-28 10:29:35.3477|WARN|HytaleClient.Application.AppMainMenu|Invalid block set in chunk (50, 3, -4) at (1627 119 -109) to 3958 (max value 3955) 
2026-01-28 10:29:35.3477|WARN|HytaleClient.Application.AppMainMenu|Invalid block set in chunk (50, 3, -4) at (1628 119 -109) to 3958 (max value 3955) 
2026-01-28 10:29:35.3477|WARN|HytaleClient.Application.AppMainMenu|Invalid block set in chunk (50, 3, -4) at (1629 119 -109) to 3958 (max value 3955) 
2026-01-28 10:29:35.4487|WARN|HytaleClient.Application.AppMainMenu|Invalid block set in chunk (50, 3, -4) at (1628 119 -106) to 3958 (max value 3955) 
2026-01-28 10:29:35.4487|WARN|HytaleClient.Application.AppMainMenu|Invalid block set in chunk (50, 3, -4) at (1628 119 -105) to 3958 (max value 3955) 
2026-01-28 10:29:35.4487|WARN|HytaleClient.Application.AppMainMenu|Invalid block set in chunk (50, 3, -4) at (1628 119 -104) to 3958 (max value 3955) 
2026-01-28 10:29:35.4487|WARN|HytaleClient.Application.AppMainMenu|Invalid block set in chunk (50, 3, -4) at (1629 119 -106) to 3958 (max value 3955) 
2026-01-28 10:29:35.4487|WARN|HytaleClient.Application.AppMainMenu|Invalid block set in chunk (50, 3, -4) at (1629 119 -105) to 3958 (max value 3955) 
2026-01-28 10:29:35.4487|WARN|HytaleClient.Application.AppMainMenu|Invalid block set in chunk (50, 3, -4) at (1629 119 -104) to 3958 (max value 3955) 
2026-01-28 10:29:35.4487|WARN|HytaleClient.Application.AppMainMenu|Invalid block set in chunk (50, 3, -4) at (1630 119 -106) to 3958 (max value 3955) 
2026-01-28 10:29:35.4487|WARN|HytaleClient.Application.AppMainMenu|Invalid block set in chunk (50, 3, -4) at (1630 119 -105) to 3958 (max value 3955) 
2026-01-28 10:29:35.4487|WARN|HytaleClient.Application.AppMainMenu|Invalid block set in chunk (50, 3, -4) at (1630 119 -104) to 3958 (max value 3955) 
2026-01-28 10:29:35.4487|WARN|HytaleClient.Application.AppMainMenu|Invalid block set in chunk (50, 3, -4) at (1629 119 -107) to 3958 (max value 3955) 
2026-01-28 10:29:35.4487|WARN|HytaleClient.Application.AppMainMenu|Invalid block set in chunk (50, 3, -4) at (1630 119 -107) to 3958 (max value 3955) 
2026-01-28 10:29:35.4487|WARN|HytaleClient.Application.AppMainMenu|Invalid block set in chunk (50, 3, -4) at (1631 119 -107) to 3958 (max value 3955) 
2026-01-28 10:29:35.4487|WARN|HytaleClient.Application.AppMainMenu|Invalid block set in chunk (50, 3, -4) at (1631 119 -106) to 3958 (max value 3955) 
2026-01-28 10:29:35.4487|WARN|HytaleClient.Application.AppMainMenu|Invalid block set in chunk (50, 3, -4) at (1631 119 -105) to 3958 (max value 3955) 
2026-01-28 10:29:35.4487|WARN|HytaleClient.Application.AppMainMenu|Invalid block set in chunk (50, 3, -4) at (1630 119 -108) to 3958 (max value 3955) 
2026-01-28 10:29:35.4487|WARN|HytaleClient.Application.AppMainMenu|Invalid block set in chunk (50, 3, -4) at (1631 119 -108) to 3958 (max value 3955) 
2026-01-28 10:29:35.4487|WARN|HytaleClient.Application.AppMainMenu|Invalid block set in chunk (51, 3, -4) at (1632 119 -108) to 3958 (max value 3955) 
2026-01-28 10:29:35.4487|WARN|HytaleClient.Application.AppMainMenu|Invalid block set in chunk (51, 3, -4) at (1632 119 -107) to 3958 (max value 3955) 
2026-01-28 10:29:35.4487|WARN|HytaleClient.Application.AppMainMenu|Invalid block set in chunk (51, 3, -4) at (1632 119 -106) to 3958 (max value 3955) 
2026-01-28 10:29:35.5476|WARN|HytaleClient.Application.AppMainMenu|Invalid block set in chunk (50, 3, -4) at (1628 119 -105) to 3958 (max value 3955) 
2026-01-28 10:29:35.5476|WARN|HytaleClient.Application.AppMainMenu|Invalid block set in chunk (50, 3, -4) at (1628 119 -104) to 3958 (max value 3955) 
2026-01-28 10:29:35.5476|WARN|HytaleClient.Application.AppMainMenu|Invalid block set in chunk (50, 3, -4) at (1628 119 -103) to 3958 (max value 3955) 
2026-01-28 10:29:35.5476|WARN|HytaleClient.Application.AppMainMenu|Invalid block set in chunk (50, 3, -4) at (1629 119 -105) to 3958 (max value 3955) 
2026-01-28 10:29:35.5476|WARN|HytaleClient.Application.AppMainMenu|Invalid block set in chunk (50, 3, -4) at (1629 119 -104) to 3958 (max value 3955) 
2026-01-28 10:29:35.5476|WARN|HytaleClient.Application.AppMainMenu|Invalid block set in chunk (50, 3, -4) at (1629 119 -103) to 3958 (max value 3955) 
2026-01-28 10:29:35.5476|WARN|HytaleClient.Application.AppMainMenu|Invalid block set in chunk (50, 3, -4) at (1630 119 -105) to 3958 (max value 3955) 
2026-01-28 10:29:35.5476|WARN|HytaleClient.Application.AppMainMenu|Invalid block set in chunk (50, 3, -4) at (1630 119 -104) to 3958 (max value 3955) 
2026-01-28 10:29:35.5476|WARN|HytaleClient.Application.AppMainMenu|Invalid block set in chunk (50, 3, -4) at (1630 119 -103) to 3958 (max value 3955) 
2026-01-28 10:29:35.5476|WARN|HytaleClient.Application.AppMainMenu|Invalid block set in chunk (50, 3, -4) at (1629 119 -106) to 3958 (max value 3955) 
2026-01-28 10:29:35.5476|WARN|HytaleClient.Application.AppMainMenu|Invalid block set in chunk (50, 3, -4) at (1630 119 -106) to 3958 (max value 3955) 
2026-01-28 10:29:35.5476|WARN|HytaleClient.Application.AppMainMenu|Invalid block set in chunk (50, 3, -4) at (1631 119 -106) to 3958 (max value 3955) 
2026-01-28 10:29:35.5476|WARN|HytaleClient.Application.AppMainMenu|Invalid block set in chunk (50, 3, -4) at (1631 119 -105) to 3958 (max value 3955) 
2026-01-28 10:29:35.5476|WARN|HytaleClient.Application.AppMainMenu|Invalid block set in chunk (50, 3, -4) at (1631 119 -104) to 3958 (max value 3955) 
2026-01-28 10:29:35.5476|WARN|HytaleClient.Application.AppMainMenu|Invalid block set in chunk (50, 3, -4) at (1630 119 -107) to 3958 (max value 3955) 
2026-01-28 10:29:35.5476|WARN|HytaleClient.Application.AppMainMenu|Invalid block set in chunk (50, 3, -4) at (1631 119 -107) to 3958 (max value 3955) 
2026-01-28 10:29:35.5476|WARN|HytaleClient.Application.AppMainMenu|Invalid block set in chunk (51, 3, -4) at (1632 119 -107) to 3958 (max value 3955) 
2026-01-28 10:29:35.5476|WARN|HytaleClient.Application.AppMainMenu|Invalid block set in chunk (51, 3, -4) at (1632 119 -106) to 3958 (max value 3955) 
2026-01-28 10:29:35.5476|WARN|HytaleClient.Application.AppMainMenu|Invalid block set in chunk (51, 3, -4) at (1632 119 -105) to 3958 (max value 3955) 
2026-01-28 10:29:35.6473|WARN|HytaleClient.Application.AppMainMenu|Invalid block set in chunk (50, 3, -4) at (1629 119 -105) to 3958 (max value 3955) 
2026-01-28 10:29:35.6473|WARN|HytaleClient.Application.AppMainMenu|Invalid block set in chunk (50, 3, -4) at (1629 119 -104) to 3958 (max value 3955) 
2026-01-28 10:29:35.6473|WARN|HytaleClient.Application.AppMainMenu|Invalid block set in chunk (50, 3, -4) at (1629 119 -103) to 3958 (max value 3955) 
2026-01-28 10:29:35.6473|WARN|HytaleClient.Application.AppMainMenu|Invalid block set in chunk (50, 3, -4) at (1630 119 -105) to 3958 (max value 3955) 
2026-01-28 10:29:35.6473|WARN|HytaleClient.Application.AppMainMenu|Invalid block set in chunk (50, 3, -4) at (1630 119 -104) to 3958 (max value 3955) 
2026-01-28 10:29:35.6473|WARN|HytaleClient.Application.AppMainMenu|Invalid block set in chunk (50, 3, -4) at (1630 119 -103) to 3958 (max value 3955) 
2026-01-28 10:29:35.6473|WARN|HytaleClient.Application.AppMainMenu|Invalid block set in chunk (50, 3, -4) at (1631 119 -105) to 3958 (max value 3955) 
2026-01-28 10:29:35.6473|WARN|HytaleClient.Application.AppMainMenu|Invalid block set in chunk (50, 3, -4) at (1631 119 -104) to 3958 (max value 3955) 
2026-01-28 10:29:35.6473|WARN|HytaleClient.Application.AppMainMenu|Invalid block set in chunk (50, 3, -4) at (1631 119 -103) to 3958 (max value 3955) 
2026-01-28 10:29:35.6473|WARN|HytaleClient.Application.AppMainMenu|Invalid block set in chunk (51, 3, -4) at (1632 119 -105) to 3958 (max value 3955) 
2026-01-28 10:29:35.6473|WARN|HytaleClient.Application.AppMainMenu|Invalid block set in chunk (51, 3, -4) at (1632 119 -104) to 3958 (max value 3955) 
2026-01-28 10:29:35.6473|WARN|HytaleClient.Application.AppMainMenu|Invalid block set in chunk (51, 3, -4) at (1632 119 -103) to 3958 (max value 3955) 
2026-01-28 10:29:35.6473|WARN|HytaleClient.Application.AppMainMenu|Invalid block set in chunk (51, 3, -4) at (1633 119 -105) to 3958 (max value 3955) 
2026-01-28 10:29:35.6473|WARN|HytaleClient.Application.AppMainMenu|Invalid block set in chunk (51, 3, -4) at (1633 119 -104) to 3958 (max value 3955) 
2026-01-28 10:29:35.6473|WARN|HytaleClient.Application.AppMainMenu|Invalid block set in chunk (51, 3, -4) at (1633 119 -103) to 3958 (max value 3955) 
2026-01-28 10:29:36.0819|INFO|HytaleClient.Application.AppMainMenu|[AssetUpdate] BlockTypes: Starting AddOrUpdate 
2026-01-28 10:29:36.1152|INFO|HytaleClient.Application.AppMainMenu|[AssetUpdate] BlockTypes: Starting AddOrUpdate 
2026-01-28 10:29:36.1365|INFO|HytaleClient.Application.AppMainMenu|[AssetUpdate] BlockTypes: Finished AddOrUpdate in 54ms 
2026-01-28 10:29:36.1607|INFO|HytaleClient.Application.AppMainMenu|[AssetUpdate] BlockTypes: Finished AddOrUpdate in 45ms 
2026-01-28 10:29:36.2479|ERROR|HytaleClient.Networking.PacketHandler|Exception when handling packet 140 ServerSetBlock: System.NullReferenceException: Object reference not set to an instance of an object.
   at HytaleClient!<BaseAddress>+0x368987
   at HytaleClient!<BaseAddress>+0x1b6121
   at HytaleClient!<BaseAddress>+0x1b9a89
   at HytaleClient!<BaseAddress>+0x1b8643
   at HytaleClient!<BaseAddress>+0x1b7d23
2026-01-28 10:29:36.2479|INFO|HytaleClient.Utils.SentryHelper|Sentry event captured: f032dfd3d47b4138a5773cf88ef7aa5b 
2026-01-28 10:29:36.2479|INFO|HytaleClient.Application.AppInGame|Disconnected with error: 
2026-01-28 10:29:36.2479|ERROR|HytaleClient.Application.AppInGame|System.NullReferenceException: Object reference not set to an instance of an object. System.NullReferenceException: Object reference not set to an instance of an object.
   at HytaleClient!<BaseAddress>+0x368987
   at HytaleClient!<BaseAddress>+0x1b6121
   at HytaleClient!<BaseAddress>+0x1b9a89
   at HytaleClient!<BaseAddress>+0x1b8643
   at HytaleClient!<BaseAddress>+0x1b7d23
2026-01-28 10:29:36.2479|INFO|HytaleClient.Application.Program|Changing from Stage InGame to Disconnection 
2026-01-28 10:29:36.3501|DEBUG|HytaleClient.Application.Program|Telemetry packet sent: event (seq: 105) 
2026-01-28 10:29:36.3922|INFO|HytaleClient.Application.Program|Generating new self-signed certificate... 
2026-01-28 10:29:36.5882|INFO|HytaleClient.Application.Program|Certificate generated successfully in 195.8813ms. Fingerprint: VbTbCL3Ug6ScP4aoCFjPheSYHJ8S1tIWoVPZ-y6ryPE 
2026-01-28 10:29:36.6583|DEBUG|HytaleClient.Application.Program|Telemetry packet sent: event (seq: 106) 
2026-01-28 10:29:41.7596|INFO|HytaleClient.Application.Program|Changing from Stage Disconnection to MainMenu 
2026-01-28 10:29:41.9035|DEBUG|HytaleClient.Application.Program|Telemetry packet sent: event (seq: 107) 
2026-01-28 10:29:41.9291|INFO|HytaleClient.Application.Program|Built 75 GPU programs successfully. 
2026-01-28 10:29:41.9291|DEBUG|HytaleClient.Application.Program|GPU programs: BasicProgram, BasicFullScreenProgram, BasicFogProgram, BlockyModelForwardProgram, BlockyModelDitheringProgram, BlockyModelProgram, FirstPersonBlockyModelProgram, BlockyModelDistortionProgram, FirstPersonDistortionBlockyModelProgram, FirstPersonClippingBlockyModelProgram, MapChunkNearOpaqueProgram, MapChunkNearAlphaTestedProgram, MapChunkFarOpaqueProgram, MapChunkFarAlphaTestedProgram, MapChunkAlphaBlendedProgram, MapBlockAnimatedProgram, MapBlockAnimatedForwardProgram, SkyProgram, CloudsProgram, TextProgram, ParticleProgram, ParticleErosionProgram, ParticleDistortionProgram, ForceFieldProgram, BuilderToolProgram, WorldMapProgram, PostEffectProgram, InventoryPostEffectProgram, MainMenuPostEffectProgram, TemporalAAProgram, OITCompositeProgram, CubemapProgram, ZDownsampleProgram, LinearZDownsampleProgram, EdgeDetectionProgram, LinearZProgram, LightMixProgram, LightProgram, LightLowResProgram, LightClusteredProgram, MapChunkShadowMapProgram, MapBlockAnimatedShadowMapProgram, BlockyModelShadowMapProgram, BlockyModelOcclusionMapProgram, DeferredShadowProgram, SSAOProgram, BlurSSAOAndShadowProgram, DeferredProgram, ScreenBlitProgram, BlurProgram, DoFBlurProgram, DoFCircleOfConfusionProgram, DoFDownsampleProgram, DoFNearCoCMaxProgram, DoFNearCoCBlurProgram, DepthOfFieldAdvancedProgram, DoFFillProgram, BloomSelectProgram, BloomDownsampleBlurProgram, BloomUpsampleBlurProgram, BloomMaxProgram, BloomCompositeProgram, RadialGlowMaskProgram, RadialGlowLuminanceProgram, SunOcclusionDownsampleProgram, SceneBrightnessPackProgram, ZOnlyMapChunkProgram, ZOnlyMapChunkPlanesProgram, ZOnlyProgram, HiZReprojectProgram, HiZFillHoleProgram, HiZBuildProgram, HiZCullProgram, DebugDrawMapProgram, Batcher2DProgram 
2026-01-28 10:32:46.5305|DEBUG|HytaleClient.Application.Program|Telemetry packet sent: heartbeat (seq: 108) 
2026-01-28 10:34:09.1732|INFO|HytaleClient.Application.AppStartup|Connecting to multiplayer server "Local Host" at localhost 
2026-01-28 10:34:09.3274|INFO|HytaleClient.Application.AppMainMenu|Connecting to server localhost:5520 
2026-01-28 10:34:09.3274|INFO|HytaleClient.Application.Program|Changing from Stage MainMenu to GameLoading 
2026-01-28 10:34:09.3274|INFO||Using mTLS with client certificate (fingerprint: VbTbCL3Ug6ScP4aoCFjPheSYHJ8S1tIWoVPZ-y6ryPE) 
2026-01-28 10:34:09.3274|INFO||Opening Quic Connection to localhost:5520 
2026-01-28 10:34:09.3274|DEBUG||Game server requesting client certificate, providing: VbTbCL3Ug6ScP4aoCFjPheSYHJ8S1tIWoVPZ-y6ryPE 
2026-01-28 10:34:09.4512|INFO||Using mTLS with client certificate (fingerprint: VbTbCL3Ug6ScP4aoCFjPheSYHJ8S1tIWoVPZ-y6ryPE) 
2026-01-28 10:34:09.4512|INFO||Opening Quic Connection to localhost:5520 
2026-01-28 10:34:09.4512|DEBUG||Game server requesting client certificate, providing: VbTbCL3Ug6ScP4aoCFjPheSYHJ8S1tIWoVPZ-y6ryPE 
2026-01-28 10:34:09.4512|INFO||Failed to connect to localhost:5520 - A socket operation was attempted to an unreachable host. 
2026-01-28 10:34:09.5860|DEBUG|HytaleClient.Application.Program|Telemetry packet sent: event (seq: 109) 
2026-01-28 10:34:09.5939|INFO|HytaleClient.Application.AppMainMenu|Changing from loading stage Initial to Connecting 
2026-01-28 10:34:09.5939|INFO|HytaleClient.Application.AppMainMenu|Failed to connect to localhost:5520 - A socket operation was attempted to an unreachable host. 
2026-01-28 10:34:09.5939|INFO|HytaleClient.Application.Program|Changing from Stage GameLoading to Disconnection 
2026-01-28 10:34:09.6739|DEBUG|HytaleClient.Application.Program|Telemetry packet sent: event (seq: 110) 
2026-01-28 10:34:09.7286|DEBUG|HytaleClient.Application.Program|Telemetry packet sent: event (seq: 111) 
2026-01-28 10:34:09.7362|DEBUG|HytaleClient.Application.Program|Telemetry packet sent: event (seq: 112) 
2026-01-28 10:34:16.3254|INFO|HytaleClient.Application.AppMainMenu|Connecting to server localhost:5520 
2026-01-28 10:34:16.3254|INFO|HytaleClient.Application.Program|Changing from Stage Disconnection to GameLoading 
2026-01-28 10:34:16.3563|INFO||Using mTLS with client certificate (fingerprint: VbTbCL3Ug6ScP4aoCFjPheSYHJ8S1tIWoVPZ-y6ryPE) 
2026-01-28 10:34:16.3563|INFO||Opening Quic Connection to localhost:5520 
2026-01-28 10:34:16.3563|DEBUG||Game server requesting client certificate, providing: VbTbCL3Ug6ScP4aoCFjPheSYHJ8S1tIWoVPZ-y6ryPE 
2026-01-28 10:34:16.3959|INFO||Server certificate fingerprint captured: 5riMeGizEjKpiD3Wtw5vB5Ntu_7ySljz6fXPB2TlINU 
2026-01-28 10:34:16.3959|INFO||Accepting self-signed server certificate: CN=localhost 
2026-01-28 10:34:16.3959|INFO||Waiting for Quic Stream from localhost:5520 
2026-01-28 10:34:16.3959|INFO||Quic Stream connected to localhost:5520 
2026-01-28 10:34:16.4537|DEBUG|HytaleClient.Application.Program|Telemetry packet sent: event (seq: 113) 
2026-01-28 10:34:16.5303|INFO|HytaleClient.Application.AppMainMenu|Changing from loading stage Initial to Connecting 
2026-01-28 10:34:16.5303|INFO|HytaleClient.Application.AppMainMenu|Changing from loading stage Connecting to Loading 
2026-01-28 10:34:16.6234|INFO|HytaleClient.Application.Program|Built 75 GPU programs successfully. 
2026-01-28 10:34:16.6234|DEBUG|HytaleClient.Application.Program|GPU programs: BasicProgram, BasicFullScreenProgram, BasicFogProgram, BlockyModelForwardProgram, BlockyModelDitheringProgram, BlockyModelProgram, FirstPersonBlockyModelProgram, BlockyModelDistortionProgram, FirstPersonDistortionBlockyModelProgram, FirstPersonClippingBlockyModelProgram, MapChunkNearOpaqueProgram, MapChunkNearAlphaTestedProgram, MapChunkFarOpaqueProgram, MapChunkFarAlphaTestedProgram, MapChunkAlphaBlendedProgram, MapBlockAnimatedProgram, MapBlockAnimatedForwardProgram, SkyProgram, CloudsProgram, TextProgram, ParticleProgram, ParticleErosionProgram, ParticleDistortionProgram, ForceFieldProgram, BuilderToolProgram, WorldMapProgram, PostEffectProgram, InventoryPostEffectProgram, MainMenuPostEffectProgram, TemporalAAProgram, OITCompositeProgram, CubemapProgram, ZDownsampleProgram, LinearZDownsampleProgram, EdgeDetectionProgram, LinearZProgram, LightMixProgram, LightProgram, LightLowResProgram, LightClusteredProgram, MapChunkShadowMapProgram, MapBlockAnimatedShadowMapProgram, BlockyModelShadowMapProgram, BlockyModelOcclusionMapProgram, DeferredShadowProgram, SSAOProgram, BlurSSAOAndShadowProgram, DeferredProgram, ScreenBlitProgram, BlurProgram, DoFBlurProgram, DoFCircleOfConfusionProgram, DoFDownsampleProgram, DoFNearCoCMaxProgram, DoFNearCoCBlurProgram, DepthOfFieldAdvancedProgram, DoFFillProgram, BloomSelectProgram, BloomDownsampleBlurProgram, BloomUpsampleBlurProgram, BloomMaxProgram, BloomCompositeProgram, RadialGlowMaskProgram, RadialGlowLuminanceProgram, SunOcclusionDownsampleProgram, SceneBrightnessPackProgram, ZOnlyMapChunkProgram, ZOnlyMapChunkPlanesProgram, ZOnlyProgram, HiZReprojectProgram, HiZFillHoleProgram, HiZBuildProgram, HiZCullProgram, DebugDrawMapProgram, Batcher2DProgram 
2026-01-28 10:34:16.6234|DEBUG|HytaleClient.Application.Program|Telemetry packet sent: event (seq: 114) 
2026-01-28 10:34:16.7618|INFO|HytaleClient.Application.AppGameLoading|Starting authenticated connection flow 
2026-01-28 10:34:17.2106|INFO|HytaleClient.Networking.PacketHandler|Received AuthGrant with server identity token 
2026-01-28 10:34:17.2106|INFO|HytaleClient.Networking.PacketHandler|Validating server identity token... 
2026-01-28 10:34:17.2106|DEBUG|HytaleClient.Utils.SentryHelper|Fetching JWKS from Session Service... 
2026-01-28 10:34:17.2980|INFO|HytaleClient.Utils.SentryHelper|Successfully fetched JWKS with 1 keys 
2026-01-28 10:34:17.2980|DEBUG||JWKS loaded with 1 keys (cached permanently) 
2026-01-28 10:34:17.2980|DEBUG||Ed25519 signature verified successfully 
2026-01-28 10:34:17.2980|DEBUG||User token validated successfully for c013444c-04d3-4ef1-beaa-1533fd7a3034 
2026-01-28 10:34:17.2980|INFO|HytaleClient.Networking.PacketHandler|Server identity validated: CodeCreature (c013444c-04d3-4ef1-beaa-1533fd7a3034, scope: hytale:server) 
2026-01-28 10:34:17.2980|INFO|HytaleClient.Networking.PacketHandler|Requesting auth grant for server 
2026-01-28 10:34:17.2980|DEBUG|HytaleClient.Utils.SentryHelper|Requesting auth grant for server using identity token 
2026-01-28 10:34:17.3791|INFO|HytaleClient.Utils.SentryHelper|Successfully obtained auth grant for server 
2026-01-28 10:34:17.3791|INFO|HytaleClient.Networking.PacketHandler|Obtained auth grant for server 
2026-01-28 10:34:17.3791|DEBUG|HytaleClient.Utils.SentryHelper|Exchanging authorization grant for access token 
2026-01-28 10:34:17.4636|INFO|HytaleClient.Utils.SentryHelper|Successfully obtained access token 
2026-01-28 10:34:17.4636|INFO|HytaleClient.Networking.PacketHandler|Successfully obtained JWT access token, sending AuthToken to server 
2026-01-28 10:34:17.5492|INFO|HytaleClient.Networking.PacketHandler|Received ServerAuthToken, validating server access token... 
2026-01-28 10:34:17.5492|DEBUG||Ed25519 signature verified successfully 
2026-01-28 10:34:17.5492|DEBUG||Certificate binding validated for server 
2026-01-28 10:34:17.5492|DEBUG||Server access token validated successfully for c013444c-04d3-4ef1-beaa-1533fd7a3034 
2026-01-28 10:34:17.5492|INFO|HytaleClient.Networking.PacketHandler|Mutual authentication complete! Server identity confirmed: CodeCreature (c013444c-04d3-4ef1-beaa-1533fd7a3034) 
2026-01-28 10:34:17.5492|INFO|HytaleClient.Networking.PacketHandler|No password required - authentication complete 
2026-01-28 10:34:17.6196|INFO|HytaleClient.Networking.PacketHandler|Stage WaitingForSetup -> SettingUp took 858ms 
2026-01-28 10:34:17.6278|INFO|HytaleClient.Networking.PacketHandler|Handle RequiredAssets at 866ms 
2026-01-28 10:34:17.6452|INFO|HytaleClient.Networking.PacketHandler|Finished handling RequiredAssets, took 17ms 
2026-01-28 10:34:17.6769|INFO|HytaleClient.Networking.PacketHandler|Received AssetType RepulsionConfig at 915ms 
2026-01-28 10:34:17.6769|INFO|HytaleClient.Networking.PacketHandler|Finished handling AssetType RepulsionConfig took 0ms 
2026-01-28 10:34:17.6769|INFO|HytaleClient.Networking.PacketHandler|Received AssetType EntityUIComponents at 916ms 
2026-01-28 10:34:17.6769|INFO|HytaleClient.Networking.PacketHandler|Finished handling AssetType EntityUIComponents took 0ms 
2026-01-28 10:34:17.6769|INFO|HytaleClient.Networking.PacketHandler|Received AssetType ItemSoundSets at 917ms 
2026-01-28 10:34:17.6769|INFO|HytaleClient.Networking.PacketHandler|Finished handling AssetType ItemSoundSets took 0ms 
2026-01-28 10:34:17.7659|INFO|HytaleClient.Networking.PacketHandler|Received AssetType BlockTypes at 1004ms 
2026-01-28 10:34:17.7659|INFO|HytaleClient.Networking.PacketHandler|Finished handling AssetType BlockTypes took 0ms 
2026-01-28 10:34:17.7659|INFO|HytaleClient.Networking.PacketHandler|Received AssetType FluidFX at 1004ms 
2026-01-28 10:34:17.7659|INFO|HytaleClient.Networking.PacketHandler|Finished handling AssetType FluidFX took 0ms 
2026-01-28 10:34:17.7986|INFO|HytaleClient.Networking.PacketHandler|Received AssetType Items at 1037ms 
2026-01-28 10:34:17.7986|INFO|HytaleClient.Networking.PacketHandler|Finished handling AssetType Items took 0ms 
2026-01-28 10:34:17.7986|INFO|HytaleClient.Networking.PacketHandler|Received AssetType Trails at 1037ms 
2026-01-28 10:34:17.7986|INFO|HytaleClient.Networking.PacketHandler|Finished handling AssetType Trails took 0ms 
2026-01-28 10:34:17.7986|INFO|HytaleClient.Networking.PacketHandler|Received AssetType TagPatterns at 1037ms 
2026-01-28 10:34:17.7986|INFO|HytaleClient.Networking.PacketHandler|Finished handling AssetType TagPatterns took 0ms 
2026-01-28 10:34:17.7986|INFO|HytaleClient.Networking.PacketHandler|Received AssetType Recipes at 1038ms 
2026-01-28 10:34:17.7986|INFO|HytaleClient.Networking.PacketHandler|Finished handling AssetType Recipes took 1ms 
2026-01-28 10:34:17.7986|INFO|HytaleClient.Networking.PacketHandler|Received AssetType BlockHitboxes at 1039ms 
2026-01-28 10:34:17.7986|INFO|HytaleClient.Networking.PacketHandler|Finished handling AssetType BlockHitboxes took 1ms 
2026-01-28 10:34:17.7986|INFO|HytaleClient.Networking.PacketHandler|Received AssetType ResourceTypes at 1040ms 
2026-01-28 10:34:17.7986|INFO|HytaleClient.Networking.PacketHandler|Finished handling AssetType ResourceTypes took 0ms 
2026-01-28 10:34:17.7986|INFO|HytaleClient.Networking.PacketHandler|Received AssetType ItemCategories at 1040ms 
2026-01-28 10:34:17.7986|INFO|HytaleClient.Networking.PacketHandler|Finished handling AssetType ItemCategories took 0ms 
2026-01-28 10:34:17.8211|INFO|HytaleClient.Networking.PacketHandler|Received AssetType Weather at 1059ms 
2026-01-28 10:34:17.8211|INFO|HytaleClient.Networking.PacketHandler|Finished handling AssetType Weather took 1ms 
2026-01-28 10:34:17.8327|INFO|HytaleClient.Networking.PacketHandler|Received AssetType ItemAnimations at 1071ms 
2026-01-28 10:34:17.8327|INFO|HytaleClient.Networking.PacketHandler|Finished handling AssetType ItemAnimations took 0ms 
2026-01-28 10:34:17.8327|INFO|HytaleClient.Networking.PacketHandler|Received AssetType AmbienceFX at 1071ms 
2026-01-28 10:34:17.8327|INFO|HytaleClient.Networking.PacketHandler|Finished handling AssetType AmbienceFX took 0ms 
2026-01-28 10:34:17.8563|INFO|HytaleClient.Networking.PacketHandler|Received AssetType ParticleSpawners at 1094ms 
2026-01-28 10:34:17.8563|INFO|HytaleClient.Networking.PacketHandler|Finished handling AssetType ParticleSpawners took 1ms 
2026-01-28 10:34:17.9241|INFO|HytaleClient.Networking.PacketHandler|Received AssetType Interactions at 1162ms 
2026-01-28 10:34:17.9241|INFO|HytaleClient.Networking.PacketHandler|Finished handling AssetType Interactions took 1ms 
2026-01-28 10:34:17.9241|INFO|HytaleClient.Networking.PacketHandler|Received AssetType SoundEvents at 1164ms 
2026-01-28 10:34:17.9241|INFO|HytaleClient.Networking.PacketHandler|Finished handling AssetType SoundEvents took 0ms 
2026-01-28 10:34:17.9241|INFO|HytaleClient.Networking.PacketHandler|Received AssetType BlockSets at 1165ms 
2026-01-28 10:34:17.9241|INFO|HytaleClient.Networking.PacketHandler|Finished handling AssetType BlockSets took 0ms 
2026-01-28 10:34:17.9241|INFO|HytaleClient.Networking.PacketHandler|Received AssetType EntityEffects at 1166ms 
2026-01-28 10:34:17.9241|INFO|HytaleClient.Networking.PacketHandler|Finished handling AssetType EntityEffects took 0ms 
2026-01-28 10:34:17.9241|INFO|HytaleClient.Networking.PacketHandler|Received AssetType BlockBreakingDecals at 1167ms 
2026-01-28 10:34:17.9241|INFO|HytaleClient.Networking.PacketHandler|Finished handling AssetType BlockBreakingDecals took 0ms 
2026-01-28 10:34:17.9241|INFO|HytaleClient.Networking.PacketHandler|Received AssetType BlockSoundSets at 1167ms 
2026-01-28 10:34:17.9241|INFO|HytaleClient.Networking.PacketHandler|Finished handling AssetType BlockSoundSets took 0ms 
2026-01-28 10:34:17.9241|INFO|HytaleClient.Networking.PacketHandler|Received AssetType ItemReticles at 1168ms 
2026-01-28 10:34:17.9241|INFO|HytaleClient.Networking.PacketHandler|Finished handling AssetType ItemReticles took 0ms 
2026-01-28 10:34:17.9241|INFO|HytaleClient.Networking.PacketHandler|Received AssetType Fluids at 1169ms 
2026-01-28 10:34:17.9241|INFO|HytaleClient.Networking.PacketHandler|Finished handling AssetType Fluids took 0ms 
2026-01-28 10:34:17.9241|INFO|HytaleClient.Networking.PacketHandler|Received AssetType EqualizerEffects at 1170ms 
2026-01-28 10:34:17.9241|INFO|HytaleClient.Networking.PacketHandler|Finished handling AssetType EqualizerEffects took 0ms 
2026-01-28 10:34:17.9241|INFO|HytaleClient.Networking.PacketHandler|Received AssetType BlockTypes, Items at 1171ms 
2026-01-28 10:34:17.9241|INFO|HytaleClient.Networking.PacketHandler|Received AssetType ItemQuality at 1171ms 
2026-01-28 10:34:17.9241|INFO|HytaleClient.Networking.PacketHandler|Finished handling AssetType ItemQuality took 0ms 
2026-01-28 10:34:17.9241|INFO|HytaleClient.Networking.PacketHandler|Received AssetType UnarmedInteractions at 1172ms 
2026-01-28 10:34:17.9241|INFO|HytaleClient.Networking.PacketHandler|Finished handling AssetType UnarmedInteractions took 0ms 
2026-01-28 10:34:17.9241|INFO|HytaleClient.Networking.PacketHandler|Received AssetType AudioCategories at 1173ms 
2026-01-28 10:34:17.9241|INFO|HytaleClient.Networking.PacketHandler|Finished handling AssetType AudioCategories took 0ms 
2026-01-28 10:34:17.9351|INFO|HytaleClient.Networking.PacketHandler|Received AssetType SoundSets at 1173ms 
2026-01-28 10:34:17.9351|INFO|HytaleClient.Networking.PacketHandler|Finished handling AssetType SoundSets took 0ms 
2026-01-28 10:34:17.9351|INFO|HytaleClient.Networking.PacketHandler|Received AssetType ParticleSystems at 1179ms 
2026-01-28 10:34:17.9351|INFO|HytaleClient.Networking.PacketHandler|Finished handling AssetType ParticleSystems took 0ms 
2026-01-28 10:34:17.9351|INFO|HytaleClient.Networking.PacketHandler|Received AssetType ModelVFX at 1179ms 
2026-01-28 10:34:17.9351|INFO|HytaleClient.Networking.PacketHandler|Finished handling AssetType ModelVFX took 0ms 
2026-01-28 10:34:17.9351|INFO|HytaleClient.Networking.PacketHandler|Received AssetType FieldcraftCategories at 1183ms 
2026-01-28 10:34:17.9351|INFO|HytaleClient.Networking.PacketHandler|Finished handling AssetType FieldcraftCategories took 0ms 
2026-01-28 10:34:17.9351|INFO|HytaleClient.Networking.PacketHandler|Received AssetType EntityStatTypes at 1184ms 
2026-01-28 10:34:17.9351|INFO|HytaleClient.Networking.PacketHandler|Finished handling AssetType EntityStatTypes took 0ms 
2026-01-28 10:34:17.9351|INFO|HytaleClient.Networking.PacketHandler|Received AssetType HitboxCollisionConfig at 1184ms 
2026-01-28 10:34:17.9351|INFO|HytaleClient.Networking.PacketHandler|Finished handling AssetType HitboxCollisionConfig took 0ms 
2026-01-28 10:34:17.9707|INFO|HytaleClient.Networking.PacketHandler|Received AssetType RootInteractions at 1209ms 
2026-01-28 10:34:17.9707|INFO|HytaleClient.Networking.PacketHandler|Finished handling AssetType RootInteractions took 1ms 
2026-01-28 10:34:17.9707|INFO|HytaleClient.Networking.PacketHandler|Received AssetType ReverbEffects at 1210ms 
2026-01-28 10:34:17.9707|INFO|HytaleClient.Networking.PacketHandler|Finished handling AssetType ReverbEffects took 0ms 
2026-01-28 10:34:17.9707|INFO|HytaleClient.Networking.PacketHandler|Received AssetType Environment at 1210ms 
2026-01-28 10:34:17.9707|INFO|HytaleClient.Networking.PacketHandler|Finished handling AssetType Environment took 0ms 
2026-01-28 10:34:17.9707|INFO|HytaleClient.Networking.PacketHandler|Received AssetType BlockParticleSets at 1210ms 
2026-01-28 10:34:17.9707|INFO|HytaleClient.Networking.PacketHandler|Finished handling AssetType BlockParticleSets took 0ms 
2026-01-28 10:34:17.9857|INFO|HytaleClient.Networking.PacketHandler|Received AssetType Translations at 1224ms 
2026-01-28 10:34:17.9857|INFO|HytaleClient.Networking.PacketHandler|Finished handling AssetType Translations took 0ms 
2026-01-28 10:34:17.9857|INFO|HytaleClient.Networking.PacketHandler|Stage SettingUp -> Playing took 366ms 
2026-01-28 10:34:17.9857|INFO|HytaleClient.Networking.PacketHandler|PrepareAmbienceFX: 0ms 
2026-01-28 10:34:17.9857|INFO|HytaleClient.Application.Program|Loading world: PrepareRootInterations: 0ms 
2026-01-28 10:34:17.9857|INFO|HytaleClient.Application.Program|Loading world: PrepareInterations: 2ms 
2026-01-28 10:34:17.9857|INFO|HytaleClient.Networking.PacketHandler|PrepareBlockOverlayAtlas: 5ms 
2026-01-28 10:34:18.0117|INFO|HytaleClient.Networking.PacketHandler|PrepareWorldMap: 25ms 
2026-01-28 10:34:18.2589|INFO|HytaleClient.Networking.PacketHandler|PrepareParticles: 272ms 
2026-01-28 10:34:18.3206|INFO|HytaleClient.Networking.PacketHandler|PrepareItemAnimations: 334ms 
2026-01-28 10:34:18.5600|INFO|HytaleClient.Networking.PacketHandler|PrepareItems: 573ms 
2026-01-28 10:34:18.6044|INFO|HytaleClient.Networking.PacketHandler|PrepareBlockTypes: 618 ms 
2026-01-28 10:34:18.6133|WARN|HytaleClient.Networking.PacketHandler|All rendered chunks were discarded. 
2026-01-28 10:34:18.6133|WARN|HytaleClient.Networking.PacketHandler|All rendered chunks were discarded. 
2026-01-28 10:34:18.6889|INFO|HytaleClient.Networking.PacketHandler|PrepareEntitiesAtlas: 702ms 
2026-01-28 10:34:18.7141|INFO|HytaleClient.Networking.PacketHandler|Received JoinWorldPacket 
2026-01-28 10:34:19.0252|INFO|HytaleClient.Application.AppGameLoading|GameInstance.OnSetupComplete() 
2026-01-28 10:34:19.0306|INFO|HytaleClient.Networking.PacketHandler|Global: 1044.6512ms 
2026-01-28 10:34:19.0306|INFO|HytaleClient.Networking.PacketHandler|ProcessJoinWorldPacket: FadeInOut is False 
2026-01-28 10:34:19.0306|INFO|HytaleClient.Application.AppGameLoading|GameInstance.PrepareJoiningWorld() 
2026-01-28 10:34:19.0306|INFO|HytaleClient.Application.AppGameLoading|GameInstance.StartJoiningWorld() 
2026-01-28 10:34:19.4793|WARN|HytaleClient.Networking.PacketHandler|A Equipment packet had been received on the local player 
2026-01-28 10:34:19.4793|WARN|HytaleClient.Networking.PacketHandler|A Equipment packet had been received on the local player 
2026-01-28 10:34:19.9806|INFO|HytaleClient.Application.AppGameLoading|GameInstance.OnWorldJoined() 
2026-01-28 10:34:19.9806|INFO|HytaleClient.Application.AppMainMenu|Changing from loading stage Loading to Complete 
2026-01-28 10:34:19.9806|INFO|HytaleClient.Application.Program|Changing from Stage GameLoading to InGame 
2026-01-28 10:34:20.1327|DEBUG|HytaleClient.Application.Program|Telemetry packet sent: event (seq: 115) 
2026-01-28 10:34:20.1756|DEBUG|HytaleClient.Application.Program|Telemetry packet sent: event (seq: 116) 
2026-01-28 10:34:20.1912|INFO|HytaleClient.Application.AppMainMenu|[AssetUpdate] BlockTypes: Starting AddOrUpdate 
2026-01-28 10:34:20.7953|WARN|HytaleClient.Networking.PacketHandler|All rendered chunks were discarded. 
2026-01-28 10:34:20.7953|INFO|HytaleClient.Application.AppMainMenu|[AssetUpdate] BlockTypes: Finished AddOrUpdate in 613ms 
2026-01-28 10:34:20.7953|WARN|HytaleClient.Networking.PacketHandler|A Equipment packet had been received on the local player 
2026-01-28 10:34:26.2739|INFO|HytaleClient.Application.AppMainMenu|[AssetUpdate] BlockTypes: Starting AddOrUpdate 
2026-01-28 10:34:26.5720|WARN|HytaleClient.Networking.PacketHandler|All rendered chunks were discarded. 
2026-01-28 10:34:26.5819|INFO|HytaleClient.Application.AppMainMenu|[AssetUpdate] BlockTypes: Finished AddOrUpdate in 307ms 
2026-01-28 10:34:29.2216|INFO|HytaleClient.Application.AppMainMenu|[AssetUpdate] BlockTypes: Starting AddOrUpdate 
2026-01-28 10:34:29.2732|INFO|HytaleClient.Application.AppMainMenu|[AssetUpdate] BlockTypes: Finished AddOrUpdate in 51ms 
2026-01-28 10:34:30.1285|INFO|HytaleClient.Application.AppMainMenu|[AssetUpdate] BlockTypes: Starting AddOrUpdate 
2026-01-28 10:34:30.1755|INFO|HytaleClient.Application.AppMainMenu|[AssetUpdate] BlockTypes: Finished AddOrUpdate in 46ms 
2026-01-28 10:34:41.6210|INFO|HytaleClient.Application.AppMainMenu|[AssetUpdate] BlockTypes: Starting AddOrUpdate 
2026-01-28 10:34:41.6473|INFO|HytaleClient.Application.AppMainMenu|[AssetUpdate] BlockTypes: Starting AddOrUpdate 
2026-01-28 10:34:41.6642|INFO|HytaleClient.Application.AppMainMenu|[AssetUpdate] BlockTypes: Finished AddOrUpdate in 43ms 
2026-01-28 10:34:41.7053|INFO|HytaleClient.Application.AppMainMenu|[AssetUpdate] BlockTypes: Finished AddOrUpdate in 57ms 
2026-01-28 10:34:43.9428|INFO|HytaleClient.Application.AppMainMenu|[AssetUpdate] BlockTypes: Starting AddOrUpdate 
2026-01-28 10:34:43.9843|INFO|HytaleClient.Application.AppMainMenu|[AssetUpdate] BlockTypes: Starting AddOrUpdate 
2026-01-28 10:34:44.0064|INFO|HytaleClient.Application.AppMainMenu|[AssetUpdate] BlockTypes: Finished AddOrUpdate in 62ms 
2026-01-28 10:34:44.0336|INFO|HytaleClient.Application.AppMainMenu|[AssetUpdate] BlockTypes: Starting AddOrUpdate 
2026-01-28 10:34:44.0336|INFO|HytaleClient.Application.AppMainMenu|[AssetUpdate] BlockTypes: Finished AddOrUpdate in 54ms 
2026-01-28 10:34:44.0998|INFO|HytaleClient.Application.AppMainMenu|[AssetUpdate] BlockTypes: Finished AddOrUpdate in 66ms 
2026-01-28 10:34:46.2351|INFO|HytaleClient.Application.AppMainMenu|[AssetUpdate] BlockTypes: Starting AddOrUpdate 
2026-01-28 10:34:46.2615|INFO|HytaleClient.Application.AppMainMenu|[AssetUpdate] BlockTypes: Finished AddOrUpdate in 26ms 
2026-01-28 10:34:46.3394|INFO|HytaleClient.Application.AppMainMenu|[AssetUpdate] BlockTypes: Starting AddOrUpdate 
2026-01-28 10:34:46.3966|INFO|HytaleClient.Application.AppMainMenu|[AssetUpdate] BlockTypes: Finished AddOrUpdate in 57ms 
2026-01-28 10:34:47.8393|INFO|HytaleClient.Application.AppMainMenu|[AssetUpdate] BlockTypes: Starting AddOrUpdate 
2026-01-28 10:34:47.8845|INFO|HytaleClient.Application.AppMainMenu|[AssetUpdate] BlockTypes: Finished AddOrUpdate in 44ms 
2026-01-28 10:34:48.0382|INFO|HytaleClient.Application.AppMainMenu|[AssetUpdate] BlockTypes: Starting AddOrUpdate 
2026-01-28 10:34:48.0877|INFO|HytaleClient.Application.AppMainMenu|[AssetUpdate] BlockTypes: Finished AddOrUpdate in 49ms 
2026-01-28 10:34:48.9345|INFO|HytaleClient.Application.AppMainMenu|[AssetUpdate] BlockTypes: Starting AddOrUpdate 
2026-01-28 10:34:48.9691|INFO|HytaleClient.Application.AppMainMenu|[AssetUpdate] BlockTypes: Starting AddOrUpdate 
2026-01-28 10:34:48.9945|INFO|HytaleClient.Application.AppMainMenu|[AssetUpdate] BlockTypes: Finished AddOrUpdate in 59ms 
2026-01-28 10:34:49.0205|INFO|HytaleClient.Application.AppMainMenu|[AssetUpdate] BlockTypes: Finished AddOrUpdate in 51ms 
2026-01-28 10:34:49.9369|INFO|HytaleClient.Application.AppMainMenu|[AssetUpdate] BlockTypes: Starting AddOrUpdate 
2026-01-28 10:34:49.9794|INFO|HytaleClient.Application.AppMainMenu|[AssetUpdate] BlockTypes: Finished AddOrUpdate in 42ms 
2026-01-28 10:34:51.8378|INFO|HytaleClient.Application.AppMainMenu|[AssetUpdate] BlockTypes: Starting AddOrUpdate 
2026-01-28 10:34:51.8821|INFO|HytaleClient.Application.AppMainMenu|[AssetUpdate] BlockTypes: Finished AddOrUpdate in 43ms 
2026-01-28 10:34:53.0384|INFO|HytaleClient.Application.AppMainMenu|[AssetUpdate] BlockTypes: Starting AddOrUpdate 
2026-01-28 10:34:53.0797|INFO|HytaleClient.Application.AppMainMenu|[AssetUpdate] BlockTypes: Finished AddOrUpdate in 40ms 
2026-01-28 10:34:53.2059|INFO|HytaleClient.Utils.SentryHelper|Sentry event captured: f0c51a3f36b94089ae4139006917a643 
2026-01-28 10:34:53.6853|ERROR|HytaleClient.Application.Program|System.Reflection.TargetInvocationException: Exception has been thrown by the target of an invocation.
 ---> System.NullReferenceException: Object reference not set to an instance of an object.
   at HytaleClient!<BaseAddress>+0x2d3647
   at HytaleClient!<BaseAddress>+0x139feb2
   at HytaleClient!<BaseAddress>+0xb2f31e
   --- End of inner exception stack trace ---
   at HytaleClient!<BaseAddress>+0xb2f3b3
   at HytaleClient!<BaseAddress>+0xb2eedf
   at HytaleClient!<BaseAddress>+0xa6cf10
   at HytaleClient!<BaseAddress>+0x1f0d79
   at HytaleClient!<BaseAddress>+0x3c2942
   at HytaleClient!<BaseAddress>+0x3c66a2
   at HytaleClient!<BaseAddress>+0x2e99a0
   at HytaleClient!<BaseAddress>+0x2ea16c
   at HytaleClient!<BaseAddress>+0x640e41
   at HytaleClient!<BaseAddress>+0x63bf50
   at HytaleClient!<BaseAddress>+0x653ba7
   at HytaleClient!<BaseAddress>+0x65374c
   at HytaleClient!<BaseAddress>+0x120bc57
--------------------
System.NullReferenceException: Object reference not set to an instance of an object.
   at HytaleClient!<BaseAddress>+0x2d3647
   at HytaleClient!<BaseAddress>+0x139feb2
   at HytaleClient!<BaseAddress>+0xb2f31e
--------------------
 
2026-01-28 10:34:53.6853|INFO|HytaleClient.Utils.SentryHelper|Sentry event captured: 22df7cb899e54b01ac3cb3326d37e38b 
