[2026/05/26 17:29:08   INFO]           [HytaleServer] Starting HytaleServer
[2026/05/26 17:29:08   INFO]           [HytaleServer] Loading config...
[2026/05/26 17:29:08   INFO]           [HytaleServer] Authentication mode: AUTHENTICATED
[2026/05/26 17:29:08   INFO]      [ServerAuthManager] No server tokens configured. Use /auth login to authenticate, or provide tokens via CLI/environment.
[2026/05/26 17:29:08   INFO]      [ServerAuthManager] Server session ID: 78dc2408-7110-4ac6-bc92-7cbd07816dcc
[2026/05/26 17:29:08   INFO]           [HytaleServer] Booting up HytaleServer - Version: 0.5.0, Revision: c68d7d0d7f642a0e5392b46c9990b0e24c33c602
[2026/05/26 17:29:08   INFO]           [HytaleServer] Setup phase...
[2026/05/26 17:29:08   INFO]          [PluginManager] Loading pending core plugins!
[2026/05/26 17:29:08   INFO]          [PluginManager] - Hytale:ConsoleModule
[2026/05/26 17:29:08   INFO]          [PluginManager] - Hytale:PermissionsModule
[2026/05/26 17:29:08   INFO]          [PluginManager] - Hytale:UpdateModule
[2026/05/26 17:29:08   INFO]          [PluginManager] - Hytale:LiveConfigModule
[2026/05/26 17:29:08   INFO]          [PluginManager] - Hytale:FlyCameraModule
[2026/05/26 17:29:08   INFO]          [PluginManager] - Hytale:AssetModule
[2026/05/26 17:29:08   INFO]          [PluginManager] - Hytale:CommonAssetModule
[2026/05/26 17:29:08   INFO]          [PluginManager] - Hytale:CosmeticsModule
[2026/05/26 17:29:08   INFO]          [PluginManager] - Hytale:ServerManager
[2026/05/26 17:29:08   INFO]          [PluginManager] - Hytale:I18nModule
[2026/05/26 17:29:08   INFO]          [PluginManager] - Hytale:ItemModule
[2026/05/26 17:29:08   INFO]          [PluginManager] - Hytale:BlockTypeModule
[2026/05/26 17:29:08   INFO]          [PluginManager] - Hytale:LegacyModule
[2026/05/26 17:29:08   INFO]          [PluginManager] - Hytale:BlockModule
[2026/05/26 17:29:08   INFO]          [PluginManager] - Hytale:CollisionModule
[2026/05/26 17:29:08   INFO]          [PluginManager] - Hytale:BlockSetModule
[2026/05/26 17:29:08   INFO]          [PluginManager] - Hytale:MigrationModule
[2026/05/26 17:29:08   INFO]          [PluginManager] - Hytale:BlockHealthModule
[2026/05/26 17:29:08   INFO]          [PluginManager] - Hytale:PrefabSpawnerModule
[2026/05/26 17:29:08   INFO]          [PluginManager] - Hytale:TimeModule
[2026/05/26 17:29:08   INFO]          [PluginManager] - Hytale:AnchorActionModule
[2026/05/26 17:29:08   INFO]          [PluginManager] - Hytale:InteractionModule
[2026/05/26 17:29:08   INFO]          [PluginManager] - Hytale:EntityModule
[2026/05/26 17:29:08   INFO]          [PluginManager] - Hytale:EntityStatsModule
[2026/05/26 17:29:08   INFO]          [PluginManager] - Hytale:EntityUIModule
[2026/05/26 17:29:08   INFO]          [PluginManager] - Hytale:DamageModule
[2026/05/26 17:29:08   INFO]          [PluginManager] - Hytale:SplitVelocity
[2026/05/26 17:29:08   INFO]          [PluginManager] - Hytale:StaminaModule
[2026/05/26 17:29:08   INFO]          [PluginManager] - Hytale:DebugPlugin
[2026/05/26 17:29:08   INFO]          [PluginManager] - Hytale:ProjectileModule
[2026/05/26 17:29:08   INFO]          [PluginManager] - Hytale:ServerPlayerListModule
[2026/05/26 17:29:08   INFO]          [PluginManager] - Hytale:VoiceModule
[2026/05/26 17:29:08   INFO]          [PluginManager] - Hytale:AccessControlModule
[2026/05/26 17:29:08   INFO]          [PluginManager] - Hytale:SingleplayerModule
[2026/05/26 17:29:08   INFO]          [PluginManager] - Hytale:Universe
[2026/05/26 17:29:08   INFO]          [PluginManager] - Hytale:TelemetryModule
[2026/05/26 17:29:08   INFO]          [PluginManager] - Hytale:ConnectedBlocksModule
[2026/05/26 17:29:08   INFO]          [PluginManager] - Hytale:DiscoveryModule
[2026/05/26 17:29:08   INFO]          [PluginManager] Loading pending classpath plugins!
[2026/05/26 17:29:08   INFO]          [PluginManager] - Camera:[CodeCreature] Blueprint System
[2026/05/26 17:29:08   INFO]          [PluginManager] - Hytale:AssetEditor
[2026/05/26 17:29:08   INFO]          [PluginManager] - Hytale:BlockSpawner
[2026/05/26 17:29:08   INFO]          [PluginManager] - Hytale:BlockTick
[2026/05/26 17:29:08   INFO]          [PluginManager] - Hytale:BlockPhysics
[2026/05/26 17:29:08   INFO]          [PluginManager] - Hytale:BuilderTools
[2026/05/26 17:29:08   INFO]          [PluginManager] - Hytale:Crafting
[2026/05/26 17:29:08   INFO]          [PluginManager] - Hytale:CommandMacro
[2026/05/26 17:29:08   INFO]          [PluginManager] - Hytale:Instances
[2026/05/26 17:29:08   INFO]          [PluginManager] - Hytale:LANDiscovery
[2026/05/26 17:29:08   INFO]          [PluginManager] - Hytale:NPC
[2026/05/26 17:29:08   INFO]          [PluginManager] - Hytale:NPCObjectives
[2026/05/26 17:29:08   INFO]          [PluginManager] - Hytale:ObjectiveReputation
[2026/05/26 17:29:08   INFO]          [PluginManager] - Hytale:Objectives
[2026/05/26 17:29:08   INFO]          [PluginManager] - Hytale:ObjectiveShop
[2026/05/26 17:29:08   INFO]          [PluginManager] - Hytale:Path
[2026/05/26 17:29:08   INFO]          [PluginManager] - Hytale:Reputation
[2026/05/26 17:29:08   INFO]          [PluginManager] - Hytale:NPCReputation
[2026/05/26 17:29:08   INFO]          [PluginManager] - Hytale:Shop
[2026/05/26 17:29:08   INFO]          [PluginManager] - Hytale:ShopReputation
[2026/05/26 17:29:08   INFO]          [PluginManager] - Hytale:NPCShop
[2026/05/26 17:29:08   INFO]          [PluginManager] - Hytale:NPCEditor
[2026/05/26 17:29:08   INFO]          [PluginManager] - Hytale:Stash
[2026/05/26 17:29:08   INFO]          [PluginManager] - Hytale:TagSet
[2026/05/26 17:29:08   INFO]          [PluginManager] - Hytale:Teleport
[2026/05/26 17:29:08   INFO]          [PluginManager] - Hytale:Fluid
[2026/05/26 17:29:08   INFO]          [PluginManager] - Hytale:Weather
[2026/05/26 17:29:08   INFO]          [PluginManager] - Hytale:WorldGen
[2026/05/26 17:29:08   INFO]          [PluginManager] - Hytale:Farming
[2026/05/26 17:29:08   INFO]          [PluginManager] - Hytale:Camera
[2026/05/26 17:29:08   INFO]          [PluginManager] - Hytale:WorldLocationCondition
[2026/05/26 17:29:08   INFO]          [PluginManager] - Hytale:NPCCombatActionEvaluator
[2026/05/26 17:29:08   INFO]          [PluginManager] - Hytale:Model
[2026/05/26 17:29:08   INFO]          [PluginManager] - Hytale:Mantling
[2026/05/26 17:29:08   INFO]          [PluginManager] - Hytale:SafetyRoll
[2026/05/26 17:29:08   INFO]          [PluginManager] - Hytale:SprintForce
[2026/05/26 17:29:08   INFO]          [PluginManager] - Hytale:CrouchSlide
[2026/05/26 17:29:08   INFO]          [PluginManager] - Hytale:FallingBlocks
[2026/05/26 17:29:08   INFO]          [PluginManager] - Hytale:Parkour
[2026/05/26 17:29:08   INFO]          [PluginManager] - Hytale:Mounts
[2026/05/26 17:29:08   INFO]          [PluginManager] - Hytale:HytaleGenerator
[2026/05/26 17:29:08   INFO]          [PluginManager] - Hytale:Teleporter
[2026/05/26 17:29:08   INFO]          [PluginManager] - Hytale:Memories
[2026/05/26 17:29:08   INFO]          [PluginManager] - Hytale:Deployables
[2026/05/26 17:29:08   INFO]          [PluginManager] - Hytale:Portals
[2026/05/26 17:29:08   INFO]          [PluginManager] - Hytale:Beds
[2026/05/26 17:29:08   INFO]          [PluginManager] - Hytale:Ambience
[2026/05/26 17:29:08   INFO]          [PluginManager] - Hytale:Audio
[2026/05/26 17:29:08   INFO]          [PluginManager] - Hytale:CreativeHub
[2026/05/26 17:29:08   INFO]          [PluginManager] - Hytale:RandomTick
[2026/05/26 17:29:08   INFO]          [PluginManager] - Hytale:TriggerVolumes
[2026/05/26 17:29:08   INFO]          [PluginManager] - Hytale:Locate
[2026/05/26 17:29:08   INFO]       [TelemetryStorage] Created telemetry storage directory: C:\src\Research Projects\First Plugin\Hytale-Example-Plugin\telemetry
[2026/05/26 17:29:08   INFO]       [TelemetryStorage] Opened telemetry session file: telemetry\2026-05-26_17-29-08_82c5a49f.jsonl
[2026/05/26 17:29:08   INFO]       [TelemetryService] Telemetry service initialized with session ID: 82c5a49f-9a3a-4d3d-b4f8-8c2be8a71936
[2026/05/26 17:29:09   INFO]          [AssetModule|P] Asset monitor enabled!
[2026/05/26 17:29:09   INFO]          [AssetModule|P] Loaded pack: Hytale:Hytale from Assets.zip
[2026/05/26 17:29:09   INFO]          [AssetModule|P] Loading packs from directory: mods
[2026/05/26 17:29:09   INFO]        [ConsoleModule|P] Setup console with type: windows-vtp
[2026/05/26 17:29:09   INFO]      [ServerAuthManager] Server certificate set: CN=localhost
[2026/05/26 17:29:09   INFO]          [QUICTransport] Server certificate registered for mutual auth, fingerprint: Qpv1mbVkYyyYRAHk9jP3dHk9d9dw3B2_Pui4E1NP3PM
[2026/05/26 17:29:09   INFO]          [QUICTransport] Using IPv4 Datagram Channel: NioDatagramChannel(INET)...
[2026/05/26 17:29:09   INFO]          [QUICTransport] Using IPv6 Datagram Channel: NioDatagramChannel(INET6)...
[2026/05/26 17:29:09   INFO]        [ServerManager|P] Took 640ms 154us to setup transport!
[2026/05/26 17:29:09   INFO]           [I18nModule|P] Loaded 9968 bundled default translations from /bundledDefaults/server.lang
[2026/05/26 17:29:09   INFO]       [TelemetryService] Telemetry enabled
[2026/05/26 17:29:09   INFO]        [TelemetryModule] Server telemetry is enabled
[2026/05/26 17:29:10   INFO]          [VoiceModule|P] [Voice] Registered voice stream handler
[2026/05/26 17:29:10   INFO]          [VoiceModule|P] [Voice] VoiceModule initialized (maxDistance=32.0, refDistance=4.0, enabled=true, voiceStreamSupported=true)
[2026/05/26 17:29:10 SEVERE]                 [Hytale] Failed to register command: placeblock - Invalid permission node: camera.[codecreature] blueprint system.command.placeblock
java.lang.IllegalArgumentException: Invalid permission node: camera.[codecreature] blueprint system.command.placeblock
	at com.hypixel.hytale.server.core.permissions.PermissionsModule.registerPermission(PermissionsModule.java:109)
	at com.hypixel.hytale.server.core.command.system.AbstractCommand.completeRegistration(AbstractCommand.java:480)
	at com.hypixel.hytale.server.core.command.system.CommandManager.register(CommandManager.java:253)
	at com.hypixel.hytale.server.core.command.system.CommandRegistry.registerCommand(CommandRegistry.java:33)
	at com.CodeCreature.Plugin.setup(Plugin.java:45)
	at com.hypixel.hytale.server.core.plugin.PluginBase.setup0(PluginBase.java:390)
	at com.hypixel.hytale.server.core.plugin.PluginManager.setup(PluginManager.java:976)
	at com.hypixel.hytale.server.core.plugin.PluginManager.setup(PluginManager.java:313)
	at com.hypixel.hytale.server.core.HytaleServer.boot(HytaleServer.java:398)
	at com.hypixel.hytale.server.core.HytaleServer.<init>(HytaleServer.java:356)
	at com.hypixel.hytale.LateMain.lateMain(LateMain.java:58)
	at com.hypixel.hytale.Main.main(Main.java:43)

[2026/05/26 17:29:10 SEVERE]                 [Hytale] Failed to register command: bookparticle - Invalid permission node: camera.[codecreature] blueprint system.command.bookparticle
java.lang.IllegalArgumentException: Invalid permission node: camera.[codecreature] blueprint system.command.bookparticle
	at com.hypixel.hytale.server.core.permissions.PermissionsModule.registerPermission(PermissionsModule.java:109)
	at com.hypixel.hytale.server.core.command.system.AbstractCommand.completeRegistration(AbstractCommand.java:480)
	at com.hypixel.hytale.server.core.command.system.CommandManager.register(CommandManager.java:253)
	at com.hypixel.hytale.server.core.command.system.CommandRegistry.registerCommand(CommandRegistry.java:33)
	at com.CodeCreature.Plugin.setup(Plugin.java:46)
	at com.hypixel.hytale.server.core.plugin.PluginBase.setup0(PluginBase.java:390)
	at com.hypixel.hytale.server.core.plugin.PluginManager.setup(PluginManager.java:976)
	at com.hypixel.hytale.server.core.plugin.PluginManager.setup(PluginManager.java:313)
	at com.hypixel.hytale.server.core.HytaleServer.boot(HytaleServer.java:398)
	at com.hypixel.hytale.server.core.HytaleServer.<init>(HytaleServer.java:356)
	at com.hypixel.hytale.LateMain.lateMain(LateMain.java:58)
	at com.hypixel.hytale.Main.main(Main.java:43)

[2026/05/26 17:29:11   INFO]      [ServerAuthManager] Auth credential store: Encrypted
[2026/05/26 17:29:11   INFO]           [HytaleServer] Setup phase completed! Boot time 2sec 942ms 458us
[2026/05/26 17:29:11   INFO]                 [Hytale] Loading common assets from: /
[2026/05/26 17:29:11   INFO]    [CommonAssetModule|P] Took 103ms 485us 900ns to load 24914 assets from CommonAssetsIndex.hashes file.
[2026/05/26 17:29:11   WARN]    [CommonAssetModule|P] Duplicated Asset Count: 920
[2026/05/26 17:29:11   INFO]                 [Hytale] Loading common assets phase completed! Boot time 3sec 46ms 836us 800ns, Took 104ms 83us 100ns
[2026/05/26 17:29:11   INFO]                 [Hytale] Loading common assets from: C:\src\Research Projects\First Plugin\Hytale-Example-Plugin\build\resources\main
[2026/05/26 17:29:11   INFO]    [CommonAssetModule|P] Took 38ms 327us 300ns to walk file tree and load 171 assets.
[2026/05/26 17:29:11   WARN]    [CommonAssetModule|P] Duplicated Asset Count: 1064
[2026/05/26 17:29:11   INFO]                 [Hytale] Loading common assets phase completed! Boot time 3sec 92ms 295us 200ns, Took 45ms 344us 200ns
[2026/05/26 17:29:11   INFO]           [I18nModule|P] Loaded 9295 entries for 'zh-CN' from /Server/Languages
[2026/05/26 17:29:11   INFO]           [I18nModule|P] Loaded 9339 entries for 'uk-UA' from /Server/Languages
[2026/05/26 17:29:11   INFO]           [I18nModule|P] Loaded 8720 entries for 'ru-RU' from /Server/Languages
[2026/05/26 17:29:11   INFO]           [I18nModule|P] Loaded 9513 entries for 'pt-BR' from /Server/Languages
[2026/05/26 17:29:11   INFO]           [I18nModule|P] Loaded 9992 entries for 'en-US' from /Server/Languages
[2026/05/26 17:29:11   INFO]           [I18nModule|P] Loaded 51 entries from /Server/Languages/fallback.lang
[2026/05/26 17:29:11   INFO]    [AssetRegistryLoader] Loading 100 asset stores...
[2026/05/26 17:29:11   INFO]    [AssetRegistryLoader] Pre-adding assets...
[2026/05/26 17:29:11   INFO]      [CollisionModule|P] Block extents for CollisionSystem is Max=0.0, Min=0.0
[2026/05/26 17:29:11   INFO]           [ItemModule|P] Computed damage data for 0 of 0 weapon items
[2026/05/26 17:29:11   INFO]                 [Hytale] Loading assets from: /Server
[2026/05/26 17:29:11   INFO]    [AssetRegistryLoader] Loading assets from /Server
[2026/05/26 17:29:11   WARN]    [AssetStore|ModelVFX] Asset key 'test' for file '/Server/Entity/ModelVFX/test.json' has incorrect format! Expected: 'Test'
[2026/05/26 17:29:11   WARN] [AssetStore|ScriptedBrushAsset] Asset key 'templePillars' for file '/Server/ScriptedBrushes/Archive/templePillars.json' has incorrect format! Expected: 'TemplePillars'
[2026/05/26 17:29:11   WARN] [AssetStore|ScriptedBrushAsset] Unused key(s) in 'FluidMaskExample' file /Server/ScriptedBrushes/Examples/FluidMaskExample.json: Description
[2026/05/26 17:29:11   WARN] [AssetStore|ScriptedBrushAsset] Unused key(s) in 'Walls-Floors' file /Server/ScriptedBrushes/Archive/Walls-Floors.json: Operations.0.Offset
[2026/05/26 17:29:11   WARN] [AssetStore|ScriptedBrushAsset] Asset key 'BoulderBrush_old' for file '/Server/ScriptedBrushes/Archive/BoulderBrush_old.json' has incorrect format! Expected: 'BoulderBrush_Old'
[2026/05/26 17:29:11   WARN] [AssetStore|ScriptedBrushAsset] Asset key 'templeFloor' for file '/Server/ScriptedBrushes/Archive/templeFloor.json' has incorrect format! Expected: 'TempleFloor'
[2026/05/26 17:29:11   WARN] [AssetStore|ScriptedBrushAsset] Asset key 'moltenBall' for file '/Server/ScriptedBrushes/Archive/moltenBall.json' has incorrect format! Expected: 'MoltenBall'
[2026/05/26 17:29:11   WARN] [AssetStore|ScriptedBrushAsset] Unused key(s) in 'ReplaceWaterExample' file /Server/ScriptedBrushes/Examples/ReplaceWaterExample.json: Description
[2026/05/26 17:29:11   WARN] [AssetStore|ScriptedBrushAsset] Asset key 'templeRandom' for file '/Server/ScriptedBrushes/Archive/templeRandom.json' has incorrect format! Expected: 'TempleRandom'
[2026/05/26 17:29:11   WARN] [AssetStore|ScriptedBrushAsset] Asset key 'templeDestruction' for file '/Server/ScriptedBrushes/Archive/templeDestruction.json' has incorrect format! Expected: 'TempleDestruction'
[2026/05/26 17:29:11   WARN] [AssetStore|ScriptedBrushAsset] Asset key 'MountainBrush_old' for file '/Server/ScriptedBrushes/Archive/MountainBrush_old.json' has incorrect format! Expected: 'MountainBrush_Old'
[2026/05/26 17:29:11   WARN] [AssetStore|ScriptedBrushAsset] Asset key 'keepDestruction' for file '/Server/ScriptedBrushes/Archive/keepDestruction.json' has incorrect format! Expected: 'KeepDestruction'
[2026/05/26 17:29:11   WARN] [AssetStore|ScriptedBrushAsset] Asset key 'templeWalls' for file '/Server/ScriptedBrushes/Archive/templeWalls.json' has incorrect format! Expected: 'TempleWalls'
[2026/05/26 17:29:11   WARN] [AssetStore|CustomConnectedBlockTemplateAsset] Unused key(s) in 'DoorLargeConnectedBlockTemplate' file /Server/Item/CustomConnectedBlockTemplates/DoorLargeConnectedBlockTemplate.json: ConnectsToOtherTemplates
[2026/05/26 17:29:11   WARN] [AssetStore|CustomConnectedBlockTemplateAsset] Unused key(s) in 'RailsConnectedBlockTemplate' file /Server/Item/CustomConnectedBlockTemplates/RailsConnectedBlockTemplate.json: MaterialName
[2026/05/26 17:29:11   WARN] [AssetStore|TriggerEffectAsset] Asset key 'sample_bounce_pad' for file '/Server/TriggerVolumes/Effects/sample_bounce_pad.json' has incorrect format! Expected: 'Sample_Bounce_Pad'
[2026/05/26 17:29:11   WARN] [AssetStore|TriggerEffectAsset] Unused key(s) in 'sample_bounce_pad' file /Server/TriggerVolumes/Effects/sample_bounce_pad.json: Effects.0.Type, Effects.1.Type, Effects.2.Type
[2026/05/26 17:29:11   WARN]   [AssetStore|AssignmentsAsset] Unused key(s) in 'Runtime_Defect_1' file /Server/HytaleGenerator/Assignments/Dev/Runtime_Defect_1.json: Prop.BoxBlockType
[2026/05/26 17:29:11   WARN]   [AssetStore|AssignmentsAsset] Unused key(s) in 'Runtime_Defect_0' file /Server/HytaleGenerator/Assignments/Dev/Runtime_Defect_0.json: Prop.BoxBlockType
[2026/05/26 17:29:11   WARN]               [HytaleGenerator] Duplicate export name for asset: Volcanic1_Swamp_Bushes_Jungles_Pattern
[2026/05/26 17:29:11   INFO]               [HytaleGenerator] Exported Scanner asset with name 'Desert1_Oasis_Grasses_Scanner' with asset id 'null
[2026/05/26 17:29:11   WARN]               [HytaleGenerator] Duplicate export name for asset: Plains1_OakPattern_Floor_Grass
[2026/05/26 17:29:11   WARN]   [AssetStore|AssignmentsAsset] Unused key(s) in 'Desert1_Oasis_Grasses' file /Server/HytaleGenerator/Assignments/Desert1/Desert1_Oasis_Grasses.json: $Comments
[2026/05/26 17:29:11   WARN]   [AssetStore|AssignmentsAsset] Unused key(s) in 'Plains1_Mountains_Grasses' file /Server/HytaleGenerator/Assignments/Plains1/Plains1_Mountains_Grasses.json: FieldFunction.CacheSize
[2026/05/26 17:29:11   INFO]               [HytaleGenerator] Exported Scanner asset with name 'Desert1_Boulders_Scanner' with asset id 'null
[2026/05/26 17:29:11   WARN]   [AssetStore|AssignmentsAsset] Unused key(s) in 'Desert1_Oasis_Boulders' file /Server/HytaleGenerator/Assignments/Desert1/Desert1_Oasis_Boulders.json: $Comments
[2026/05/26 17:29:11   WARN]               [HytaleGenerator] Duplicate export name for asset: Plains1_OakPattern_Floor_Grass
[2026/05/26 17:29:11   WARN]               [HytaleGenerator] Duplicate export name for asset: Desert1_Boulders_Scanner
[2026/05/26 17:29:11   INFO]               [HytaleGenerator] Exported Scanner asset with name 'Desert1_Boulders_Scanner' with asset id 'null
[2026/05/26 17:29:11   INFO]               [HytaleGenerator] Exported Scanner asset with name 'Desert1_Boab_Scanner' with asset id 'null
[2026/05/26 17:29:11   INFO]               [HytaleGenerator] Exported Scanner asset with name 'Plains1_Gorges_Boulder_Scanner' with asset id 'null
[2026/05/26 17:29:11   WARN]   [AssetStore|AssignmentsAsset] Unused key(s) in 'Desert1_Oasis_Flowers' file /Server/HytaleGenerator/Assignments/Desert1/Desert1_Oasis_Flowers.json: $Comments
[2026/05/26 17:29:11   INFO]               [HytaleGenerator] Exported Scanner asset with name 'Plains1_Gorges_Tree_Scanner' with asset id 'null
[2026/05/26 17:29:11   WARN]               [HytaleGenerator] Duplicate export name for asset: Plains1_Sticks
[2026/05/26 17:29:11   WARN]   [AssetStore|AssignmentsAsset] Unused key(s) in 'Plains1_Oak_Bushes' file /Server/HytaleGenerator/Assignments/Plains1/Plains1_Oak_Bushes.json: FieldFunction.CacheSize
[2026/05/26 17:29:11   WARN]               [HytaleGenerator] Duplicate export name for asset: Plains1_OakPattern_Floor_Grass
[2026/05/26 17:29:11   INFO]               [HytaleGenerator] Exported Scanner asset with name 'Desert1_Oasis_Plants_2_Scanner' with asset id 'null
[2026/05/26 17:29:11   WARN]   [AssetStore|AssignmentsAsset] Unused key(s) in 'Desert1_Oasis_Flowers_2' file /Server/HytaleGenerator/Assignments/Desert1/Desert1_Oasis_Flowers_2.json: $Comments
[2026/05/26 17:29:11   INFO]               [HytaleGenerator] Exported Scanner asset with name 'Desert1_Palm_Scanner' with asset id 'null
[2026/05/26 17:29:11   INFO]               [HytaleGenerator] Exported Scanner asset with name 'Desert1_Dry_Scanner' with asset id 'null
[2026/05/26 17:29:11   WARN]   [AssetStore|AssignmentsAsset] Unused key(s) in 'Desert1_Oasis_Trees_Dry' file /Server/HytaleGenerator/Assignments/Desert1/Desert1_Oasis_Trees_Dry.json: $Comments
[2026/05/26 17:29:11   WARN]   [AssetStore|AssignmentsAsset] Unused key(s) in 'Plains1_Deeproot_Grasses' file /Server/HytaleGenerator/Assignments/Plains1/Plains1_Deeproot_Grasses.json: FieldFunction.CacheSize
[2026/05/26 17:29:11   WARN]    [AssetStore|PrefabListAsset] Asset key 'Trees_Fir_red' for file '/Server/PrefabList/Trees_Fir_red.json' has incorrect format! Expected: 'Trees_Fir_Red'
[2026/05/26 17:29:11   WARN]    [AssetStore|PrefabListAsset] Asset key 'Trees_Ash_swamp_dead' for file '/Server/PrefabList/Trees_Ash_swamp_dead.json' has incorrect format! Expected: 'Trees_Ash_Swamp_Dead'
[2026/05/26 17:29:11   WARN]    [AssetStore|PrefabListAsset] Asset key 'Trees_Ash_twisted_Giant' for file '/Server/PrefabList/Trees_Ash_twisted_Giant.json' has incorrect format! Expected: 'Trees_Ash_Twisted_Giant'
[2026/05/26 17:29:11   WARN]    [AssetStore|PrefabListAsset] Asset key 'Trees_Ash_twisted' for file '/Server/PrefabList/Trees_Ash_twisted.json' has incorrect format! Expected: 'Trees_Ash_Twisted'
[2026/05/26 17:29:11   WARN]    [AssetStore|PrefabListAsset] Asset key 'Trees_Ash_swamp' for file '/Server/PrefabList/Trees_Ash_swamp.json' has incorrect format! Expected: 'Trees_Ash_Swamp'
[2026/05/26 17:29:11   WARN]    [AssetStore|PrefabListAsset] Asset key 'Trees_Burnt_dead' for file '/Server/PrefabList/Trees_Burnt_dead.json' has incorrect format! Expected: 'Trees_Burnt_Dead'
[2026/05/26 17:29:11   WARN]    [AssetStore|PrefabListAsset] Asset key 'Trees_Ash_twisted_Large' for file '/Server/PrefabList/Trees_Ash_twisted_Large.json' has incorrect format! Expected: 'Trees_Ash_Twisted_Large'
[2026/05/26 17:29:12   WARN]         [AssetStore|BiomeAsset] Unused key(s) in 'Example_Fluid' file /Server/HytaleGenerator/Biomes/Examples/Example_Fluid.json: Terrain.Density.Inputs.0.CacheSize, MaterialProvider.Empty.Queue.0.BaseHeight
[2026/05/26 17:29:12   WARN]         [AssetStore|BiomeAsset] Unused key(s) in 'Example_Prop' file /Server/HytaleGenerator/Biomes/Examples/Example_Prop.json: Terrain.Density.Inputs.0.CacheSize
[2026/05/26 17:29:12   WARN]               [HytaleGenerator] Duplicate export name for asset: werstjrtydkm,
[2026/05/26 17:29:12   WARN]         [AssetStore|BiomeAsset] Unused key(s) in 'Fake3dNoise' file /Server/HytaleGenerator/Biomes/Examples/Fake3dNoise.json: Terrain.Density.Inputs.1.CacheSize, Terrain.Density.Inputs.2.Inputs.1.Inputs.0.Inputs.0.CacheSize, Terrain.Density.Inputs.2.Inputs.1.Inputs.0.Inputs.1.CacheSize, Terrain.Density.Inputs.2.Inputs.1.Inputs.0.Inputs.2.CacheSize, Terrain.Density.Inputs.2.Inputs.1.Inputs.0.Inputs.3.CacheSize, Terrain.Density.Inputs.2.Inputs.1.Inputs.0.Inputs.4.CacheSize, Terrain.Density.Inputs.2.Inputs.1.Inputs.0.Inputs.5.CacheSize
[2026/05/26 17:29:12   WARN]               [HytaleGenerator] Duplicate export name for asset: pattern1
[2026/05/26 17:29:12   WARN]         [AssetStore|BiomeAsset] Unused key(s) in 'Something' file /Server/HytaleGenerator/Biomes/Experimental/Something.json: Terrain.Density.Inputs.0.Inputs.0.Inputs.0.Inputs.0.CacheSize, Terrain.Density.Inputs.0.Inputs.0.Inputs.0.Inputs.1.Inputs.0.CacheSize, Terrain.Density.Inputs.0.Inputs.0.Inputs.1.Inputs.0.CacheSize, Terrain.Density.Inputs.0.Inputs.0.Inputs.1.Inputs.1.Inputs.0.Inputs.0.Inputs.0.Inputs.0.Sampled, Terrain.Density.Inputs.0.Inputs.0.Inputs.1.Inputs.3.Inputs.0.Inputs.0.CacheSize, Terrain.Density.Inputs.0.Inputs.1.Inputs.0.CacheSize, Terrain.Density.Inputs.0.Inputs.1.Inputs.1.Inputs.0.Inputs.0.CacheSize
[2026/05/26 17:29:12   WARN]         [AssetStore|BiomeAsset] Unused key(s) in 'CursebreakerKeyartBiome' file /Server/HytaleGenerator/Biomes/Experimental/CursebreakerKeyartBiome.json: Terrain.Density.Inputs.0.Inputs.0.Inputs.0.Inputs.0.Inputs.0.Inputs.0.CacheSize, Terrain.Density.Inputs.0.Inputs.0.Inputs.0.Inputs.1.Inputs.0.Inputs.0.CacheSize, Terrain.Density.Inputs.0.Inputs.0.Inputs.1.Inputs.0.Inputs.0.Inputs.0.Inputs.0.CacheSize, Terrain.Density.Inputs.0.Inputs.1.Inputs.0.Inputs.0.Inputs.0.CacheSize
[2026/05/26 17:29:12   WARN]         [AssetStore|BiomeAsset] Unused key(s) in 'Dunes' file /Server/HytaleGenerator/Biomes/Experimental/Dunes.json: Terrain.Density.Inputs.0.Inputs.0.Inputs.0.Inputs.0.Inputs.0.Inputs.1.Inputs.0.Inputs.0.Inputs.0.CacheSize, Terrain.Density.Inputs.0.Inputs.0.Inputs.0.Inputs.0.Inputs.0.Inputs.1.Inputs.0.Inputs.1.Inputs.0.CacheSize, Terrain.Density.Inputs.0.Inputs.0.Inputs.0.Inputs.1.Inputs.0.Inputs.0.Inputs.0.CacheSize, Terrain.Density.Inputs.0.Inputs.0.Inputs.0.Inputs.1.Inputs.0.Inputs.1.Inputs.0.CacheSize, Terrain.Density.Inputs.0.Inputs.0.Inputs.1.Inputs.0.Inputs.0.Inputs.1.Inputs.0.Inputs.0.Inputs.0.CacheSize, Terrain.Density.Inputs.0.Inputs.0.Inputs.1.Inputs.0.Inputs.0.Inputs.1.Inputs.0.Inputs.1.Inputs.0.CacheSize, Terrain.Density.Inputs.0.Inputs.0.Inputs.1.Inputs.1.Inputs.0.Inputs.0.CacheSize, Terrain.Density.Inputs.0.Inputs.0.Inputs.1.Inputs.1.Inputs.1.Inputs.0.CacheSize, Terrain.Density.Inputs.0.Inputs.1.Inputs.0.Inputs.0.Inputs.0.Inputs.0.CacheSize, Terrain.Density.Inputs.0.Inputs.1.Inputs.1.Inputs.0.CacheSize, MaterialProvider.Solid.Queue.0.FieldFunction.CacheSize
[2026/05/26 17:29:12   WARN]               [HytaleGenerator] Duplicate export name for asset: werstjrtydkm,
[2026/05/26 17:29:12 SEVERE]                          [SERR] Reallocate: 131072 to 1179648
[2026/05/26 17:29:12   INFO]               [HytaleGenerator] Exported Scanner asset with name 'BasicForestTreeScanner' with asset id 'null
[2026/05/26 17:29:12   WARN]         [AssetStore|BiomeAsset] Unused key(s) in 'Arches' file /Server/HytaleGenerator/Biomes/Experimental/Arches.json: Terrain.Density.Inputs.0.Inputs.0.Inputs.0.Inputs.0.Inputs.0.CacheSize, Terrain.Density.Inputs.0.Inputs.1.Inputs.0.Inputs.0.Inputs.0.CacheSize, Terrain.Density.Inputs.0.Inputs.1.Inputs.0.Inputs.0.Inputs.0.Inputs.0.ReturnType.Density.CacheSize, Terrain.Density.Inputs.0.Inputs.1.Inputs.0.Inputs.1.Inputs.0.CacheSize, Terrain.Density.Inputs.0.Inputs.1.Inputs.0.Inputs.1.Inputs.0.Inputs.0.ReturnType.Density.Inputs.0.Inputs.0.Inputs.0.CacheSize, Terrain.Density.Inputs.0.Inputs.1.Inputs.0.Inputs.2.Inputs.0.CacheSize
[2026/05/26 17:29:12   WARN]               [HytaleGenerator] Duplicate export name for asset: Desert1_Rivers_Cliffs
[2026/05/26 17:29:12   WARN]               [HytaleGenerator] Duplicate export name for asset: River-Boulders-Mask
[2026/05/26 17:29:12   WARN]               [HytaleGenerator] Duplicate export name for asset: River-Boulders-Mask
[2026/05/26 17:29:12   WARN]               [HytaleGenerator] Duplicate export name for asset: River-Boulders-Mask
[2026/05/26 17:29:12   WARN]         [AssetStore|BiomeAsset] Unused key(s) in 'Volcanic1_Jungle' file /Server/HytaleGenerator/Biomes/Volcanic1/Volcanic1_Jungle.json: Props.1.Positions.OffsetX, Props.1.Positions.OffsetY, Props.1.Positions.OffsetZ, Props.2.Positions.OffsetX, Props.2.Positions.OffsetY, Props.2.Positions.OffsetZ, Props.3.Positions.OffsetX, Props.3.Positions.OffsetY, Props.3.Positions.OffsetZ
[2026/05/26 17:29:12 SEVERE]                          [SERR] Reallocate: 131072 to 1179648
[2026/05/26 17:29:12   WARN]               [HytaleGenerator] Duplicate export name for asset: Plains1-Gorges-BaseTerrain
[2026/05/26 17:29:12   WARN]         [AssetStore|BiomeAsset] Unused key(s) in 'Example_Multi_Mixer_Horizontal' file /Server/HytaleGenerator/Biomes/Examples/Example_Multi_Mixer_Horizontal.json: Terrain.Density.Inputs.0.Inputs.0.Inputs.0.Inputs.0.CacheSize, Terrain.Density.Inputs.0.Inputs.0.Inputs.0.Inputs.1.CacheSize, Terrain.Density.Inputs.0.Inputs.0.Inputs.0.Inputs.2.CacheSize, Terrain.Density.Inputs.0.Inputs.0.Inputs.0.Inputs.3.CacheSize
[2026/05/26 17:29:12   WARN]               [HytaleGenerator] Duplicate export name for asset: River-Boulders-Mask
[2026/05/26 17:29:12 SEVERE]                          [SERR] Reallocate: 131072 to 1179648
[2026/05/26 17:29:12   WARN]         [AssetStore|BiomeAsset] Unused key(s) in 'SingleInstance_Test' file /Server/HytaleGenerator/Biomes/Examples/SingleInstance_Test.json: Terrain.Density.Inputs.0.Inputs.1.SingleInstance
[2026/05/26 17:29:12 SEVERE]                          [SERR] Reallocate: 131072 to 1179648
[2026/05/26 17:29:12   WARN]         [AssetStore|BiomeAsset] Unused key(s) in 'Example_Multi_Mixer_Curve' file /Server/HytaleGenerator/Biomes/Examples/Example_Multi_Mixer_Curve.json: Terrain.Density.Inputs.0.Inputs.0.Inputs.0.Inputs.0.CacheSize, Terrain.Density.Inputs.0.Inputs.1.Inputs.0.Inputs.0.Inputs.0.Inputs.0.CacheSize, Terrain.Density.Inputs.0.Inputs.1.Inputs.0.Inputs.0.Inputs.0.Inputs.1.CacheSize, Terrain.Density.Inputs.0.Inputs.1.Inputs.0.Inputs.0.Inputs.0.Inputs.2.CacheSize, Terrain.Density.Inputs.0.Inputs.1.Inputs.1.CacheSize, Terrain.Density.Inputs.1.Inputs.0.CacheSize
[2026/05/26 17:29:12   WARN]               [HytaleGenerator] Duplicate export name for asset: Peak
[2026/05/26 17:29:12   WARN]         [AssetStore|BiomeAsset] Unused key(s) in 'Desert1_Oasis' file /Server/HytaleGenerator/Biomes/Desert1/Desert1_Oasis.json: Props.2.Positions.Positions.OffsetX, Props.2.Positions.Positions.OffsetY, Props.2.Positions.Positions.OffsetZ, Props.3.Positions.Positions.OffsetX, Props.3.Positions.Positions.OffsetY, Props.3.Positions.Positions.OffsetZ, Props.4.Positions.Positions.OffsetX, Props.4.Positions.Positions.OffsetY, Props.4.Positions.Positions.OffsetZ, Props.5.Positions.Positions.OffsetX, Props.5.Positions.Positions.OffsetY, Props.5.Positions.Positions.OffsetZ, Props.6.Positions.Positions.OffsetX, Props.6.Positions.Positions.OffsetY, Props.6.Positions.Positions.OffsetZ
[2026/05/26 17:29:12 SEVERE]                          [SERR] Reallocate: 131072 to 1179648
[2026/05/26 17:29:12   WARN]               [HytaleGenerator] Duplicate export name for asset: Taiga1_Rewood_Trees_Mask
[2026/05/26 17:29:12 SEVERE]                          [SERR] Reallocate: 131072 to 1179648
[2026/05/26 17:29:12   WARN]               [HytaleGenerator] Duplicate export name for asset: River-Boulders-Mask
[2026/05/26 17:29:12   WARN]               [HytaleGenerator] Duplicate export name for asset: River-Boulders-Mask
[2026/05/26 17:29:12   WARN]               [HytaleGenerator] Duplicate export name for asset: River-Boulders-Mask
[2026/05/26 17:29:12   WARN]         [AssetStore|BiomeAsset] Unused key(s) in 'Example_Mixer' file /Server/HytaleGenerator/Biomes/Examples/Example_Mixer.json: Terrain.Density.Inputs.0.CacheSize, Terrain.Density.Inputs.1.Inputs.2.Inputs.0.CacheSize
[2026/05/26 17:29:12   WARN]               [HytaleGenerator] Duplicate export name for asset: River-Boulders-Mask
[2026/05/26 17:29:12   WARN]         [AssetStore|BiomeAsset] Unused key(s) in 'Plains1_Deeproot' file /Server/HytaleGenerator/Biomes/Plains1/Plains1_Deeproot.json: Props.5.Positions.OffsetX, Props.5.Positions.OffsetY, Props.5.Positions.OffsetZ
[2026/05/26 17:29:12   WARN]         [AssetStore|BiomeAsset] Unused key(s) in 'Generative_Buildings' file /Server/HytaleGenerator/Biomes/Generative/Generative_Buildings.json: Terrain.Density.Inputs.1.Inputs.0.Inputs.0.Inputs.0.Inputs.0.Inputs.0.Inputs.0.Inputs.0.Inputs.0.Positions.Positions.Positions.OffsetX, Terrain.Density.Inputs.1.Inputs.0.Inputs.0.Inputs.0.Inputs.0.Inputs.0.Inputs.0.Inputs.0.Inputs.0.Positions.Positions.Positions.OffsetY, Terrain.Density.Inputs.1.Inputs.0.Inputs.0.Inputs.0.Inputs.0.Inputs.0.Inputs.0.Inputs.0.Inputs.0.Positions.Positions.Positions.OffsetZ
[2026/05/26 17:29:12   INFO]               [HytaleGenerator] Exported Scanner asset with name 'Desert1_Rocky_Trees_Dry_Scanner' with asset id 'null
[2026/05/26 17:29:12   INFO]               [HytaleGenerator] Exported Scanner asset with name 'Desert1_Rocky_Trees_Palm_Scanner' with asset id 'null
[2026/05/26 17:29:12   WARN]               [HytaleGenerator] Duplicate export name for asset: BasicForestTreeScanner
[2026/05/26 17:29:12   INFO]               [HytaleGenerator] Exported Scanner asset with name 'BasicForestTreeScanner' with asset id 'null
[2026/05/26 17:29:12   WARN]              [MacroCommandBase] Could not parse default argument value for argument: 'world' on Macro Command: 'settimeandgohome'.
No such world 'Default'.
No such world 'Default'.
[2026/05/26 17:29:12   WARN]     [AssetStore|ParticleSystem] Unused key(s) in 'Potion_Health_Implosion' file /Server/Particles/Status_Effect/Potion_Health/Potion_Health_Implosion.particlesystem: Spawners.0.Scale
[2026/05/26 17:29:12   WARN]     [AssetStore|ParticleSystem] Unused key(s) in 'Potion_Stamina_Burst' file /Server/Particles/Status_Effect/Potion_Stamina/Potion_Stamina_Burst.particlesystem: Spawners.0.Scale
[2026/05/26 17:29:12   WARN]     [AssetStore|ParticleSystem] Unused key(s) in 'Potion_Morph_Burst' file /Server/Particles/Status_Effect/Potion_Morph/Potion_Morph_Burst.particlesystem: Spawners.0.Scale
[2026/05/26 17:29:12   WARN] [AssetStore|WorldStructureAsset] Unused key(s) in 'Interpolation' file /Server/HytaleGenerator/WorldStructures/Dev/Interpolation.json: BiomeTransitions
[2026/05/26 17:29:12   WARN]                [HytaleGenerator] Duplicate export name for asset: Spawns
[2026/05/26 17:29:12   WARN]                [HytaleGenerator] Duplicate export name for asset: Spawns
[2026/05/26 17:29:12   INFO]              [CollisionModule|P] Block extents for CollisionSystem is Max=3.0, Min=0.0
[2026/05/26 17:29:12   WARN]               [AssetStore|Fluid] Unused key(s) in 'Slime_Red_Source' file /Server/Item/Block/Fluids/Slime_Red_Source.json: PhysicalMaterialId
[2026/05/26 17:29:12   WARN]               [AssetStore|Fluid] Unused key(s) in 'Slime_Source' file /Server/Item/Block/Fluids/Slime_Source.json: PhysicalMaterialId
[2026/05/26 17:29:12   WARN]               [AssetStore|Fluid] Unused key(s) in 'Tar_Source' file /Server/Item/Block/Fluids/Tar_Source.json: PhysicalMaterialId
[2026/05/26 17:29:12   WARN]               [AssetStore|Fluid] Unused key(s) in 'Poison_Source' file /Server/Item/Block/Fluids/Poison_Source.json: PhysicalMaterialId
[2026/05/26 17:29:12   INFO]              [HytaleGenerator|P] Loaded Settings asset.
[2026/05/26 17:29:12   WARN]               [BlockSetModule|P] Creating block sets: Failed to find block name 'Furniture_Temple_Light_Statue'
[2026/05/26 17:29:12   WARN]               [BlockSetModule|P] Creating block sets: Failed to find block name 'Ingredient_Hay'
[2026/05/26 17:29:12   WARN]               [BlockSetModule|P] Creating block sets: Failed to find block name 'Wood_Softwood_Planks'
[2026/05/26 17:29:12   WARN]               [BlockSetModule|P] Creating block sets: Failed to find block name 'Furniture_Feran_Bed'
[2026/05/26 17:29:12   WARN]               [BlockSetModule|P] Creating block sets: Failed to find block name 'Coop_Chicken'
[2026/05/26 17:29:12   WARN]               [BlockSetModule|P] Creating block sets: Failed to find hitbox name 'Fence'
[2026/05/26 17:29:12   WARN]               [BlockSetModule|P] Creating block sets: Failed to find hitbox name 'Fence_Gate'
[2026/05/26 17:29:12   WARN]               [BlockSetModule|P] Creating block sets: Failed to find hitbox name 'Fence_Gate_Open_In'
[2026/05/26 17:29:12   WARN]               [BlockSetModule|P] Creating block sets: Failed to find hitbox name 'Fence_Gate_Open_Out'
[2026/05/26 17:29:12   WARN]               [BlockSetModule|P] Creating block sets: Failed to find hitbox name 'Fence_Thin'
[2026/05/26 17:29:12   WARN]               [BlockSetModule|P] Creating block sets: Failed to find hitbox name 'Fence_Thick'
[2026/05/26 17:29:12   WARN]               [BlockSetModule|P] Creating block sets: Failed to find hitbox name 'Fence_Corner'
[2026/05/26 17:29:12   WARN]               [BlockSetModule|P] Creating block sets: Failed to find hitbox name 'Fence_Corner_Thin'
[2026/05/26 17:29:12   WARN]               [BlockSetModule|P] Creating block sets: Failed to find hitbox name 'Fence_Corner_Thick'
[2026/05/26 17:29:12   WARN]               [BlockSetModule|P] Creating block sets: Failed to find block name 'Furniture_Crude_Bed'
[2026/05/26 17:29:12   WARN]               [BlockSetModule|P] Creating block sets: Failed to find block name 'Soil_Grass'
[2026/05/26 17:29:12   WARN]               [BlockSetModule|P] Creating block sets: Failed to find block name 'Soil_Dirt'
[2026/05/26 17:29:12   WARN]               [BlockSetModule|P] Creating block sets: Failed to find block name 'Soil_Dirt_Poisoned'
[2026/05/26 17:29:12   WARN]               [BlockSetModule|P] Creating block sets: Failed to find block name 'Soil_Mud'
[2026/05/26 17:29:12   WARN]               [BlockSetModule|P] Creating block sets: Failed to find block name 'Deco_Bone_Pile'
[2026/05/26 17:29:12   WARN]               [BlockSetModule|P] Creating block sets: Failed to find block name 'Deco_Bone_Skulls'
[2026/05/26 17:29:12   WARN]               [BlockSetModule|P] Creating block sets: Failed to find block name 'Soil_Gravel_Sand'
[2026/05/26 17:29:12   WARN]               [BlockSetModule|P] Creating block sets: Failed to find block name 'Soil_Dirt'
[2026/05/26 17:29:12   WARN]               [BlockSetModule|P] Creating block sets: Failed to find block name 'Soil_Clay'
[2026/05/26 17:29:12   WARN]               [BlockSetModule|P] Creating block sets: Failed to find block name 'Rock_Stone'
[2026/05/26 17:29:12   WARN]               [BlockSetModule|P] Creating block sets: Failed to find block name 'Rock_Marble'
[2026/05/26 17:29:12   WARN]               [BlockSetModule|P] Creating block sets: Failed to find block name 'Rock_Chalk'
[2026/05/26 17:29:12   WARN]               [BlockSetModule|P] Creating block sets: Failed to find block name 'Ingredient_Hay'
[2026/05/26 17:29:12   WARN]               [BlockSetModule|P] Creating block sets: Failed to find block name 'Bench_Trough'
[2026/05/26 17:29:12   WARN]        [AssetStore|EntityEffect] Unused key(s) in 'Food_EffectCondition_Buff_Medium' file /Server/Entity/Effects/Food/Buff/_Deprecated/Food_EffectCondition_Buff_Medium.json: Type, EntityEffectIds, Match, Next, Failed
[2026/05/26 17:29:12   WARN]        [AssetStore|EntityEffect] Unused key(s) in 'Food_EffectCondition_Buff_Small' file /Server/Entity/Effects/Food/Buff/_Deprecated/Food_EffectCondition_Buff_Small.json: Type, EntityEffectIds, Match, Next, Failed
[2026/05/26 17:29:12   WARN]         [AssetStore|Environment] Asset key 'Env_Temple_of_Gaia' for file '/Server/Environments/Unique/Env_Temple_of_Gaia.json' has incorrect format! Expected: 'Env_Temple_Of_Gaia'
[2026/05/26 17:29:12   WARN]         [AssetStore|Interaction] Unused key(s) in 'Ice_Bolt_Miss' file /Server/Item/Interactions/Weapons/Staff/Ice/Ice_Bolt_Miss.json: Effects.WorldParticles
[2026/05/26 17:29:12   WARN]         [AssetStore|Interaction] Unused key(s) in 'Explode_Generic' file /Server/Item/Interactions/Explosions/Explode_Generic.json: Config.Knockback.VelocityConfig.Direction
[2026/05/26 17:29:12   WARN]         [AssetStore|Interaction] Unused key(s) in 'Weapon_Battleaxe_Primary_Downstrike_Force' file /Server/Item/Interactions/Weapons/Battleaxe/Primary/Downstrike/Weapon_Battleaxe_Primary_Downstrike_Force.json: MouseSensitivityAdjustmentTarget, MouseSensitivityAdjustmentDuration
[2026/05/26 17:29:12   WARN]         [AssetStore|Interaction] Unused key(s) in 'Weapon_Daggers_Primary_Pounce_Stab_Force' file /Server/Item/Interactions/Weapons/Daggers/Primary/Pounce/Stab/Weapon_Daggers_Primary_Pounce_Stab_Force.json: VelocityType
[2026/05/26 17:29:12   WARN]         [AssetStore|Interaction] Unused key(s) in 'Ice_Ball_Miss' file /Server/Item/Interactions/Weapons/Staff/Ice/Ice_Ball_Miss.json: Effects.WorldParticles
[2026/05/26 17:29:12   WARN]         [AssetStore|Interaction] Unused key(s) in 'Test_Charge_Damage' file /Server/Item/Interactions/Tests/Test_Charge_Damage.json: DamageEffects.Knockback.RotateY, DamageEffects.Knockback.OffsetX, DamageEffects.Knockback.OffsetZ
[2026/05/26 17:29:12   WARN]                         [Hytale] Missing interaction *DamageEntityParent_Next
[2026/05/26 17:29:12   WARN]                         [Hytale] Missing interaction *Stamina_Bar_Flash_Interactions_0
[2026/05/26 17:29:12   WARN]                         [Hytale] Missing interaction *Stamina_Broken_Check_Next
[2026/05/26 17:29:12   WARN]                         [Hytale] Missing interaction *Block_Break_Adventure_Next
[2026/05/26 17:29:12   WARN]                         [Hytale] Missing interaction *Block_Break_Adventure_Failed
[2026/05/26 17:29:12   WARN]                         [Hytale] Missing interaction *Weapon_Battleaxe_Secondary_Guard_Bash_Interactions_0
[2026/05/26 17:29:12   WARN]                         [Hytale] Missing interaction *Weapon_Battleaxe_Secondary_Guard_Bash_Interactions_1
[2026/05/26 17:29:12   WARN]                         [Hytale] Missing interaction *Weapon_Shortbow_Secondary_Guard_Bash_Interactions_0
[2026/05/26 17:29:12   WARN]                         [Hytale] Missing interaction *Weapon_Shortbow_Secondary_Guard_Bash_Interactions_1
[2026/05/26 17:29:12   WARN]                         [Hytale] Missing interaction *Weapon_Crossbow_Secondary_Guard_Bash_Interactions_0
[2026/05/26 17:29:12   WARN]                         [Hytale] Missing interaction *Weapon_Crossbow_Secondary_Guard_Bash_Interactions_1
[2026/05/26 17:29:12   WARN]                         [Hytale] Missing interaction *Weapon_Crossbow_Shot_Standard_Projectile_Next
[2026/05/26 17:29:12   WARN]                         [Hytale] Missing interaction *Common_Guard_Shove_Animation_Next
[2026/05/26 17:29:12   WARN]                         [Hytale] Missing interaction *Weapon_Daggers_Secondary_Guard_Bash_Interactions_0
[2026/05/26 17:29:12   WARN]                         [Hytale] Missing interaction *Weapon_Daggers_Secondary_Guard_Bash_Interactions_1
[2026/05/26 17:29:12   WARN]                         [Hytale] Missing interaction *Bow_Two_Handed_Ability1_Arrow_Volley_Interactions_0
[2026/05/26 17:29:12   WARN]                         [Hytale] Missing interaction *Weapon_Shield_Secondary_Guard_Bash_Interactions_0
[2026/05/26 17:29:12   WARN]                         [Hytale] Missing interaction *Weapon_Shield_Secondary_Guard_Bash_Interactions_1
[2026/05/26 17:29:12   WARN]                         [Hytale] Missing interaction *Stick_Attack_Next_0
[2026/05/26 17:29:12   WARN]                         [Hytale] Missing interaction *Stick_Attack_Next_0.8
[2026/05/26 17:29:12   WARN]                         [Hytale] Missing interaction *Weapon_Mace_Secondary_Guard_Bash_Interactions_0
[2026/05/26 17:29:12   WARN]                         [Hytale] Missing interaction *Weapon_Mace_Secondary_Guard_Bash_Interactions_1
[2026/05/26 17:29:12   WARN]                         [Hytale] Missing interaction *Weapon_Sword_Secondary_Guard_Bash_Interactions_0
[2026/05/26 17:29:12   WARN]                         [Hytale] Missing interaction *Weapon_Sword_Secondary_Guard_Bash_Interactions_1
[2026/05/26 17:29:12   WARN]                         [Hytale] Missing interaction *Bow_Two_Handed_Ability2_Arrow_Shoot_Interactions_0
[2026/05/26 17:29:12   WARN]                         [Hytale] Missing interaction *Bow_Two_Handed_Ability2_Arrow_Shoot_Interactions_1
[2026/05/26 17:29:12   WARN]                         [Hytale] Missing interaction *Daggers_Stab_Flurry_Left_Next
[2026/05/26 17:29:12   WARN]                         [Hytale] Missing interaction *Daggers_Stab_Flurry_Right_Next
[2026/05/26 17:29:12   WARN]                         [Hytale] Missing interaction *Simple_Next
[2026/05/26 17:29:12   WARN]                         [Hytale] Missing interaction *Shortbow_Volley_Shoot_Inner_Next
[2026/05/26 17:29:12   WARN]         [AssetStore|Interaction] Unused key(s) in '*Weapon_Sword_Signature_Vortexstrike_Spin_Selector_Next': Next
[2026/05/26 17:29:12   WARN]         [AssetStore|Interaction] Unused key(s) in '*Weapon_Daggers_Primary_Pounce_Stab_Selector_Next': Next
[2026/05/26 17:29:12   WARN]                         [Hytale] Missing interaction **DamageEntityParent_Next_Interactions_0
[2026/05/26 17:29:12   WARN]                         [Hytale] Missing interaction **DamageEntityParent_Next_Interactions_1
[2026/05/26 17:29:12   WARN]                         [Hytale] Missing interaction **DamageEntityParent_Next_Interactions_2
[2026/05/26 17:29:12   WARN]                         [Hytale] Missing interaction **DamageEntityParent_Next_Interactions_3
[2026/05/26 17:29:12   WARN]                         [Hytale] Missing interaction **DamageEntityParent_Next_Interactions_4
[2026/05/26 17:29:12   WARN]                         [Hytale] Missing interaction **DamageEntityParent_Next_Interactions_5
[2026/05/26 17:29:12   WARN]                         [Hytale] Missing interaction **DamageEntityParent_Next_Interactions_6
[2026/05/26 17:29:12   WARN]                         [Hytale] Missing interaction **Bow_Two_Handed_Ability1_Arrow_Volley_Interactions_0_Interactions_0
[2026/05/26 17:29:12   WARN]                         [Hytale] Missing interaction **Bow_Two_Handed_Ability1_Arrow_Volley_Interactions_0_Interactions_1
[2026/05/26 17:29:12   WARN]                         [Hytale] Missing interaction **Weapon_Daggers_Secondary_Guard_Bash_Interactions_1_Next
[2026/05/26 17:29:12   WARN]                         [Hytale] Missing interaction **Weapon_Shortbow_Secondary_Guard_Bash_Interactions_1_Next
[2026/05/26 17:29:12   WARN]                         [Hytale] Missing interaction **Weapon_Sword_Secondary_Guard_Bash_Interactions_1_Next
[2026/05/26 17:29:12   WARN]                         [Hytale] Missing interaction **Weapon_Shield_Secondary_Guard_Bash_Interactions_1_Next
[2026/05/26 17:29:12   WARN]                         [Hytale] Missing interaction **Weapon_Crossbow_Secondary_Guard_Bash_Interactions_1_Next
[2026/05/26 17:29:12   WARN]                         [Hytale] Missing interaction **Weapon_Crossbow_Shot_Standard_Projectile_Next_Next
[2026/05/26 17:29:12   WARN]                         [Hytale] Missing interaction **Stick_Attack_Next_0_Interactions_1
[2026/05/26 17:29:12   WARN]                         [Hytale] Missing interaction **Stick_Attack_Next_0.8_Interactions_1
[2026/05/26 17:29:12   WARN]                         [Hytale] Missing interaction **Weapon_Mace_Secondary_Guard_Bash_Interactions_1_Next
[2026/05/26 17:29:12   WARN]                         [Hytale] Missing interaction **Weapon_Battleaxe_Secondary_Guard_Bash_Interactions_1_Next
[2026/05/26 17:29:12   WARN]                         [Hytale] Missing interaction **Weapon_Mace_Primary_Swing_Right_Charged_Selector_Next_Next
[2026/05/26 17:29:12   WARN]                         [Hytale] Missing interaction **Weapon_Mace_Primary_Swing_Left_Charged_StaminaCondition_Next_Next
[2026/05/26 17:29:12   WARN]                         [Hytale] Missing interaction **Block_Break_Failed_Next
[2026/05/26 17:29:12   WARN]                         [Hytale] Missing interaction **Weapon_Daggers_Primary_Pounce_Sweep_Next_Interactions_0
[2026/05/26 17:29:12   WARN]                         [Hytale] Missing interaction **Weapon_Daggers_Primary_Pounce_Sweep_Next_Interactions_1
[2026/05/26 17:29:12   WARN]                         [Hytale] Missing interaction **Common_Guard_Shove_Selector_Next_Next
[2026/05/26 17:29:12   WARN]                         [Hytale] Missing interaction **Weapon_Battleaxe_Primary_Downstrike_StaminaCondition_Next_Next
[2026/05/26 17:29:12   WARN]                         [Hytale] Missing interaction **Weapon_Mace_Primary_Swing_Up_Left_Charged_Selector_Next_Next
[2026/05/26 17:29:12   WARN]                         [Hytale] Missing interaction **Weapon_Crossbow_Damage_Combo_Projectile_Next_Next
[2026/05/26 17:29:12   WARN]                         [Hytale] Missing interaction **Consume_Charge_Food_T2_Inner_Next_2.5_Next
[2026/05/26 17:29:12   WARN]                         [Hytale] Missing interaction **Consume_Charge_Food_T1_Inner_Next_2.0_Next
[2026/05/26 17:29:12   WARN]                         [Hytale] Missing interaction **Weapon_Mace_Primary_Swing_Right_Charged_StaminaCondition_Next_Next
[2026/05/26 17:29:12   WARN]                         [Hytale] Missing interaction **Weapon_Daggers_Primary_Pounce_StaminaCondition_Next_Next
[2026/05/26 17:29:12   WARN]                         [Hytale] Missing interaction **Weapon_Daggers_Primary_Pounce_Stab_Next_Interactions_0
[2026/05/26 17:29:12   WARN]                         [Hytale] Missing interaction **Weapon_Daggers_Primary_Pounce_Stab_Next_Interactions_1
[2026/05/26 17:29:12   WARN]                         [Hytale] Missing interaction **Weapon_Stick_Fire_Spawn_Trap_Next_Interactions_0
[2026/05/26 17:29:12   WARN]                         [Hytale] Missing interaction **Weapon_Stick_Fire_Spawn_Trap_Next_Interactions_1
[2026/05/26 17:29:12   WARN]                         [Hytale] Missing interaction **Weapon_Stick_Fire_Spawn_Trap_Failed_Interactions_0
[2026/05/26 17:29:12   WARN]                         [Hytale] Missing interaction **Weapon_Mace_Primary_Swing_Left_Charged_Selector_Next_Next
[2026/05/26 17:29:12   WARN]                         [Hytale] Missing interaction **Consume_Charge_Durability_Interactions_1_Next_3.0
[2026/05/26 17:29:12   WARN]                         [Hytale] Missing interaction **Consume_Charge_Durability_Interactions_1_Failed
[2026/05/26 17:29:12   WARN]                         [Hytale] Missing interaction **Weapon_Mace_Primary_Swing_Up_Left_Charged_StaminaCondition_Next_Next
[2026/05/26 17:29:12   WARN]                         [Hytale] Missing interaction **Weapon_Sword_Primary_Thrust_StaminaCondition_Next_Next
[2026/05/26 17:29:12   WARN]                         [Hytale] Missing interaction **Consume_Charge_Food_T3_Inner_Next_3.0_Next
[2026/05/26 17:29:12   WARN]                         [Hytale] Missing interaction ***Bow_Two_Handed_Ability1_Arrow_Volley_Interactions_0_Interactions_1_Next
[2026/05/26 17:29:12   WARN]                         [Hytale] Missing interaction ***Common_Guard_Shove_Selector_Next_Next_Next
[2026/05/26 17:29:12   WARN]                         [Hytale] Missing interaction ***Weapon_Daggers_Secondary_Guard_Bash_Interactions_1_Next_Next
[2026/05/26 17:29:12   WARN]                         [Hytale] Missing interaction ***Consume_Charge_Food_T3_Inner_Next_3.0_Next_Interactions_0
[2026/05/26 17:29:12   WARN]                         [Hytale] Missing interaction ***Consume_Charge_Food_T3_Inner_Next_3.0_Next_Interactions_1
[2026/05/26 17:29:12   WARN]                         [Hytale] Missing interaction ***Consume_Charge_Food_T3_Inner_Next_3.0_Next_Interactions_2
[2026/05/26 17:29:12   WARN]                         [Hytale] Missing interaction ***Weapon_Shortbow_Secondary_Guard_Bash_Interactions_1_Next_Next
[2026/05/26 17:29:12   WARN]                         [Hytale] Missing interaction ***Weapon_Mace_Primary_Swing_Up_Left_Charged_StaminaCondition_Next_Next_Next_0
[2026/05/26 17:29:12   WARN]                         [Hytale] Missing interaction ***Weapon_Mace_Primary_Swing_Up_Left_Charged_Next_2.0_Interactions_2_Next
[2026/05/26 17:29:12   WARN]                         [Hytale] Missing interaction ***Weapon_Mace_Primary_Swing_Right_Charged_StaminaCondition_Next_Next_Next_0
[2026/05/26 17:29:12   WARN]                         [Hytale] Missing interaction ***Weapon_Mace_Primary_Swing_Right_Charged_Next_2.0_Interactions_2_Next
[2026/05/26 17:29:12   WARN]                         [Hytale] Missing interaction ***Weapon_Sword_Secondary_Guard_Bash_Interactions_1_Next_Next
[2026/05/26 17:29:12   WARN]                         [Hytale] Missing interaction ***Weapon_Shield_Secondary_Guard_Bash_Interactions_1_Next_Next
[2026/05/26 17:29:12   WARN]                         [Hytale] Missing interaction ***Consume_Charge_Food_T1_Inner_Next_2.0_Next_Interactions_0
[2026/05/26 17:29:12   WARN]                         [Hytale] Missing interaction ***Consume_Charge_Food_T1_Inner_Next_2.0_Next_Interactions_1
[2026/05/26 17:29:12   WARN]                         [Hytale] Missing interaction ***Consume_Charge_Food_T1_Inner_Next_2.0_Next_Interactions_2
[2026/05/26 17:29:12   WARN]                         [Hytale] Missing interaction ***Weapon_Mace_Primary_Swing_Left_Charged_StaminaCondition_Next_Next_Next_0
[2026/05/26 17:29:12   WARN]                         [Hytale] Missing interaction ***Weapon_Mace_Primary_Swing_Left_Charged_Next_2.0_Interactions_2_Next
[2026/05/26 17:29:12   WARN]                         [Hytale] Missing interaction ***Consume_Charge_Durability_Interactions_1_Next_3.0_Interactions_0
[2026/05/26 17:29:12   WARN]                         [Hytale] Missing interaction ***Consume_Charge_Durability_Interactions_1_Next_3.0_Interactions_1
[2026/05/26 17:29:12   WARN]                         [Hytale] Missing interaction ***Consume_Charge_Durability_Interactions_1_Next_3.0_Interactions_2
[2026/05/26 17:29:12   WARN]                         [Hytale] Missing interaction ***Consume_Charge_Durability_Interactions_1_Next_3.0_Interactions_3
[2026/05/26 17:29:12   WARN]                         [Hytale] Missing interaction ***Consume_Charge_Durability_Interactions_1_Failed_Next
[2026/05/26 17:29:12   WARN]                         [Hytale] Missing interaction ***Weapon_Crossbow_Secondary_Guard_Bash_Interactions_1_Next_Next
[2026/05/26 17:29:12   WARN]                         [Hytale] Missing interaction ***Weapon_Mace_Secondary_Guard_Bash_Interactions_1_Next_Next
[2026/05/26 17:29:12   WARN]                         [Hytale] Missing interaction ***Consume_Charge_Food_T2_Inner_Next_2.5_Next_Interactions_0
[2026/05/26 17:29:12   WARN]                         [Hytale] Missing interaction ***Consume_Charge_Food_T2_Inner_Next_2.5_Next_Interactions_1
[2026/05/26 17:29:12   WARN]                         [Hytale] Missing interaction ***Consume_Charge_Food_T2_Inner_Next_2.5_Next_Interactions_2
[2026/05/26 17:29:12   WARN]                         [Hytale] Missing interaction ***Weapon_Battleaxe_Secondary_Guard_Bash_Interactions_1_Next_Next
[2026/05/26 17:29:12   WARN]                         [Hytale] Missing interaction ***Weapon_Battleaxe_Primary_Downstrike_Next_0.65_Interactions_2_Next
[2026/05/26 17:29:12   WARN]                         [Hytale] Missing interaction ***Weapon_Daggers_Primary_Pounce_Next_0.4_Interactions_1_Next
[2026/05/26 17:29:12   WARN]                         [Hytale] Missing interaction ***Weapon_Sword_Primary_Thrust_Next_0.65_Interactions_2_Next
[2026/05/26 17:29:12   WARN]                         [Hytale] Missing interaction ****Bow_Two_Handed_Ability1_Arrow_Volley_Interactions_0_Interactions_1_Next_Interactions_1
[2026/05/26 17:29:12   WARN]                         [Hytale] Missing interaction ****Bow_Two_Handed_Ability1_Arrow_Volley_Interactions_0_Interactions_1_Next_Interactions_2
[2026/05/26 17:29:12   WARN]                         [Hytale] Missing interaction ****Weapon_Mace_Primary_Swing_Up_Left_Charged_StaminaCondition_Next_Next_Next_0_Next
[2026/05/26 17:29:12   WARN]                         [Hytale] Missing interaction ****Weapon_Mace_Primary_Swing_Up_Left_Charged_Next_2.0_Interactions_2_Next_Interactions_0
[2026/05/26 17:29:12   WARN]                         [Hytale] Missing interaction ****Weapon_Mace_Primary_Swing_Right_Charged_StaminaCondition_Next_Next_Next_0_Next
[2026/05/26 17:29:12   WARN]                         [Hytale] Missing interaction ****Weapon_Mace_Primary_Swing_Right_Charged_Next_2.0_Interactions_2_Next_Interactions_0
[2026/05/26 17:29:12   WARN]                         [Hytale] Missing interaction ****Weapon_Mace_Primary_Swing_Left_Charged_StaminaCondition_Next_Next_Next_0_Next
[2026/05/26 17:29:12   WARN]                         [Hytale] Missing interaction ****Weapon_Mace_Primary_Swing_Left_Charged_Next_2.0_Interactions_2_Next_Interactions_0
[2026/05/26 17:29:12   WARN]                         [Hytale] Missing interaction ****Weapon_Battleaxe_Primary_Downstrike_Next_0.65_Interactions_2_Next_Interactions_0
[2026/05/26 17:29:12   WARN]                         [Hytale] Missing interaction ****Weapon_Battleaxe_Primary_Downstrike_Next_0.65_Interactions_2_Next_Interactions_1
[2026/05/26 17:29:12   WARN]                         [Hytale] Missing interaction ****Weapon_Sword_Primary_Thrust_Next_0.65_Interactions_2_Next_Interactions_0
[2026/05/26 17:29:12   WARN]                         [Hytale] Missing interaction ****Weapon_Sword_Primary_Thrust_Next_0.65_Interactions_2_Next_Interactions_1
[2026/05/26 17:29:12   WARN]                         [Hytale] Missing interaction ****Weapon_Daggers_Primary_Pounce_Next_0.4_Interactions_1_Next_Interactions_0
[2026/05/26 17:29:12   WARN]                         [Hytale] Missing interaction ****Weapon_Daggers_Primary_Pounce_Next_0.4_Interactions_1_Next_Interactions_1
[2026/05/26 17:29:12   WARN]                         [Hytale] Missing interaction *****Bow_Two_Handed_Ability1_Arrow_Volley_Interactions_0_Interactions_1_Next_Interactions_2_Next
[2026/05/26 17:29:13   WARN]               [BlockSetModule|P] Creating block sets: Failed to find block name 'Furniture_Temple_Light_Statue'
[2026/05/26 17:29:13   WARN]               [BlockSetModule|P] Creating block sets: Failed to find block name 'Ingredient_Hay'
[2026/05/26 17:29:13   WARN]               [BlockSetModule|P] Creating block sets: Failed to find block name 'Wood_Softwood_Planks'
[2026/05/26 17:29:13   WARN]               [BlockSetModule|P] Creating block sets: Failed to find block name 'Furniture_Feran_Bed'
[2026/05/26 17:29:13   WARN]               [BlockSetModule|P] Creating block sets: Failed to find block name 'Coop_Chicken'
[2026/05/26 17:29:13   WARN]               [BlockSetModule|P] Creating block sets: Failed to find hitbox name 'Fence'
[2026/05/26 17:29:13   WARN]               [BlockSetModule|P] Creating block sets: Failed to find hitbox name 'Fence_Gate'
[2026/05/26 17:29:13   WARN]               [BlockSetModule|P] Creating block sets: Failed to find hitbox name 'Fence_Gate_Open_In'
[2026/05/26 17:29:13   WARN]               [BlockSetModule|P] Creating block sets: Failed to find hitbox name 'Fence_Gate_Open_Out'
[2026/05/26 17:29:13   WARN]               [BlockSetModule|P] Creating block sets: Failed to find hitbox name 'Fence_Thin'
[2026/05/26 17:29:13   WARN]               [BlockSetModule|P] Creating block sets: Failed to find hitbox name 'Fence_Thick'
[2026/05/26 17:29:13   WARN]               [BlockSetModule|P] Creating block sets: Failed to find hitbox name 'Fence_Corner'
[2026/05/26 17:29:13   WARN]               [BlockSetModule|P] Creating block sets: Failed to find hitbox name 'Fence_Corner_Thin'
[2026/05/26 17:29:13   WARN]               [BlockSetModule|P] Creating block sets: Failed to find hitbox name 'Fence_Corner_Thick'
[2026/05/26 17:29:13   WARN]               [BlockSetModule|P] Creating block sets: Failed to find block name 'Furniture_Crude_Bed'
[2026/05/26 17:29:13   WARN]               [BlockSetModule|P] Creating block sets: Failed to find block name 'Soil_Grass'
[2026/05/26 17:29:13   WARN]               [BlockSetModule|P] Creating block sets: Failed to find block name 'Soil_Dirt'
[2026/05/26 17:29:13   WARN]               [BlockSetModule|P] Creating block sets: Failed to find block name 'Soil_Dirt_Poisoned'
[2026/05/26 17:29:13   WARN]               [BlockSetModule|P] Creating block sets: Failed to find block name 'Soil_Mud'
[2026/05/26 17:29:13   WARN]               [BlockSetModule|P] Creating block sets: Failed to find block name 'Deco_Bone_Pile'
[2026/05/26 17:29:13   WARN]               [BlockSetModule|P] Creating block sets: Failed to find block name 'Deco_Bone_Skulls'
[2026/05/26 17:29:13   WARN]               [BlockSetModule|P] Creating block sets: Failed to find block name 'Soil_Gravel_Sand'
[2026/05/26 17:29:13   WARN]               [BlockSetModule|P] Creating block sets: Failed to find block name 'Soil_Dirt'
[2026/05/26 17:29:13   WARN]               [BlockSetModule|P] Creating block sets: Failed to find block name 'Soil_Clay'
[2026/05/26 17:29:13   WARN]               [BlockSetModule|P] Creating block sets: Failed to find block name 'Rock_Stone'
[2026/05/26 17:29:13   WARN]               [BlockSetModule|P] Creating block sets: Failed to find block name 'Rock_Marble'
[2026/05/26 17:29:13   WARN]               [BlockSetModule|P] Creating block sets: Failed to find block name 'Rock_Chalk'
[2026/05/26 17:29:13   WARN]               [BlockSetModule|P] Creating block sets: Failed to find block name 'Ingredient_Hay'
[2026/05/26 17:29:13   WARN]               [BlockSetModule|P] Creating block sets: Failed to find block name 'Bench_Trough'
[2026/05/26 17:29:13   WARN]         [AssetStore|Interaction] Unused key(s) in '**Projectile_Config_Ice_Ball_Interactions_ProjectileMiss_Interactions_0': Effects.WorldParticles
[2026/05/26 17:29:13   WARN]         [AssetStore|Interaction] Unused key(s) in '**Projectile_Config_Ice_Bolt_Interactions_ProjectileMiss_Interactions_0': Effects.WorldParticles
[2026/05/26 17:29:13   WARN]         [AssetStore|Interaction] Unused key(s) in '**Projectile_Config_Scarak_Seeker_Spitball_Interactions_ProjectileMiss_Interactions_0': Effects.WorldParticles
[2026/05/26 17:29:13   WARN]         [AssetStore|Interaction] Unused key(s) in '**Projectile_Config_Scarak_Seeker_Spitball_Interactions_ProjectileHit_Interactions_0': Entity
[2026/05/26 17:29:13   WARN]                [AssetStore|Item] Unused key(s) in 'Bench_Weapon' file /Server/Item/Items/Bench/Bench_Weapon.json: PhysicalMaterialId
[2026/05/26 17:29:13   WARN]                [AssetStore|Item] Unused key(s) in 'Wood_Apple_Trunk_Half' file /Server/Item/Items/Wood/Apple/Wood_Apple_Trunk_Half.json: Recipe.BenchRequirement.0.Set
[2026/05/26 17:29:13   WARN]                [AssetStore|Item] Unused key(s) in 'Wood_Oak_Trunk_Half' file /Server/Item/Items/Wood/Oak/Wood_Oak_Trunk_Half.json: Recipe.BenchRequirement.0.Set
[2026/05/26 17:29:13   WARN]                [AssetStore|Item] Unused key(s) in 'EditorTool_LaserPointer' file /Server/Item/Items/EditorTool/EditorTool_LaserPointer.json: BuilderTool.BrushData
[2026/05/26 17:29:13   WARN]                [AssetStore|Item] Unused key(s) in 'Wood_Oak_Trunk_Stairs' file /Server/Item/Items/Wood/Oak/Wood_Oak_Trunk_Stairs.json: Recipe.BenchRequirement.0.Set
[2026/05/26 17:29:13   WARN]                [AssetStore|Item] Unused key(s) in 'Soil_Needles' file /Server/Item/Items/Soil/Soil_Needles.json: Recipe.BenchRequirement.0.Set
[2026/05/26 17:29:13   WARN]                [AssetStore|Item] Unused key(s) in 'Wood_Apple_Trunk_Stairs' file /Server/Item/Items/Wood/Apple/Wood_Apple_Trunk_Stairs.json: Recipe.BenchRequirement.0.Set
[2026/05/26 17:29:13   WARN]                [AssetStore|Item] Unused key(s) in 'Wood_Maple_Trunk_Stairs' file /Server/Item/Items/Wood/Maple/Wood_Maple_Trunk_Stairs.json: Recipe.BenchRequirement.0.Set
[2026/05/26 17:29:13   WARN]                [AssetStore|Item] Unused key(s) in 'Wood_Aspen_Trunk_Stairs' file /Server/Item/Items/Wood/Aspen/Wood_Aspen_Trunk_Stairs.json: Recipe.BenchRequirement.0.Set
[2026/05/26 17:29:13   WARN]                [AssetStore|Item] Unused key(s) in 'Wood_Gumboab_Trunk_Stairs' file /Server/Item/Items/Wood/Gumboab/Wood_Gumboab_Trunk_Stairs.json: Recipe.BenchRequirement.0.Set
[2026/05/26 17:29:13   WARN]                [AssetStore|Item] Unused key(s) in 'Wood_Birch_Trunk_Stairs' file /Server/Item/Items/Wood/Birch/Wood_Birch_Trunk_Stairs.json: Recipe.BenchRequirement.0.Set
[2026/05/26 17:29:13   WARN]                [AssetStore|Item] Unused key(s) in 'Wood_Fire_Trunk_Stairs' file /Server/Item/Items/Wood/Fire/Wood_Fire_Trunk_Stairs.json: Recipe.BenchRequirement.0.Set
[2026/05/26 17:29:13   WARN]                [AssetStore|Item] Unused key(s) in 'Wood_Ice_Trunk_Stairs' file /Server/Item/Items/Wood/Ice/Wood_Ice_Trunk_Stairs.json: Recipe.BenchRequirement.0.Set
[2026/05/26 17:29:13   WARN]                [AssetStore|Item] Unused key(s) in 'Wood_Stormbark_Trunk_Stairs' file /Server/Item/Items/Wood/Stormbark/Wood_Stormbark_Trunk_Stairs.json: Recipe.BenchRequirement.0.Set
[2026/05/26 17:29:13   WARN]                [AssetStore|Item] Unused key(s) in 'Wood_Burnt_Trunk_Stairs' file /Server/Item/Items/Wood/Burnt/Wood_Burnt_Trunk_Stairs.json: Recipe.BenchRequirement.0.Set
[2026/05/26 17:29:13   WARN]                [AssetStore|Item] Unused key(s) in 'Wood_Palo_Trunk_Stairs' file /Server/Item/Items/Wood/Palo/Wood_Palo_Trunk_Stairs.json: Recipe.BenchRequirement.0.Set
[2026/05/26 17:29:13   WARN]                [AssetStore|Item] Unused key(s) in 'Wood_Poisoned_Trunk_Stairs' file /Server/Item/Items/Wood/Poisoned/Wood_Poisoned_Trunk_Stairs.json: Recipe.BenchRequirement.0.Set
[2026/05/26 17:29:13   WARN]                [AssetStore|Item] Unused key(s) in 'Wood_Ash_Trunk_Stairs' file /Server/Item/Items/Wood/Ash/Wood_Ash_Trunk_Stairs.json: Recipe.BenchRequirement.0.Set
[2026/05/26 17:29:13   WARN]                [AssetStore|Item] Unused key(s) in 'Wood_Wisteria_Wild_Trunk_Stairs' file /Server/Item/Items/Wood/Wisteria/Wood_Wisteria_Wild_Trunk_Stairs.json: Recipe.BenchRequirement.0.Set
[2026/05/26 17:29:13   WARN]                [AssetStore|Item] Unused key(s) in 'Wood_Camphor_Trunk_Stairs' file /Server/Item/Items/Wood/Camphor/Wood_Camphor_Trunk_Stairs.json: Recipe.BenchRequirement.0.Set
[2026/05/26 17:29:13   WARN]                [AssetStore|Item] Unused key(s) in 'Wood_Crystal_Trunk_Stairs' file /Server/Item/Items/Wood/Crystal/Wood_Crystal_Trunk_Stairs.json: Recipe.BenchRequirement.0.Set
[2026/05/26 17:29:13   WARN]                [AssetStore|Item] Unused key(s) in 'Wood_Fig_Blue_Trunk_Stairs' file /Server/Item/Items/Wood/Fig_Blue/Wood_Fig_Blue_Trunk_Stairs.json: Recipe.BenchRequirement.0.Set
[2026/05/26 17:29:13   WARN]                [AssetStore|Item] Unused key(s) in 'Wood_Bamboo_Trunk_Stairs_Deco' file /Server/Item/Items/Wood/Bamboo/Wood_Bamboo_Trunk_Stairs_Deco.json: Recipe.BenchRequirement.0.Set
[2026/05/26 17:29:13   WARN]                [AssetStore|Item] Unused key(s) in 'Wood_Dry_Trunk_Stairs' file /Server/Item/Items/Wood/Dry/Wood_Dry_Trunk_Stairs.json: Recipe.BenchRequirement.0.Set
[2026/05/26 17:29:13   WARN]                [AssetStore|Item] Unused key(s) in 'Wood_Spiral_Trunk_Stairs' file /Server/Item/Items/Wood/Spiral/Wood_Spiral_Trunk_Stairs.json: Recipe.BenchRequirement.0.Set
[2026/05/26 17:29:13   WARN]                [AssetStore|Item] Unused key(s) in 'Wood_Cedar_Trunk_Stairs' file /Server/Item/Items/Wood/Cedar/Wood_Cedar_Trunk_Stairs.json: Recipe.BenchRequirement.0.Set
[2026/05/26 17:29:13   WARN]                [AssetStore|Item] Unused key(s) in 'Wood_Redwood_Trunk_Stairs' file /Server/Item/Items/Wood/Redwood/Wood_Redwood_Trunk_Stairs.json: Recipe.BenchRequirement.0.Set
[2026/05/26 17:29:13   WARN]                [AssetStore|Item] Unused key(s) in 'Wood_Amber_Trunk_Stairs' file /Server/Item/Items/Wood/Amber/Wood_Amber_Trunk_Stairs.json: Recipe.BenchRequirement.0.Set
[2026/05/26 17:29:13   WARN]                [AssetStore|Item] Unused key(s) in 'Wood_Fir_Trunk_Stairs' file /Server/Item/Items/Wood/Fir/Wood_Fir_Trunk_Stairs.json: Recipe.BenchRequirement.0.Set
[2026/05/26 17:29:13   WARN]                [AssetStore|Item] Unused key(s) in 'Wood_Petrified_Trunk_Stairs' file /Server/Item/Items/Wood/Petrified/Wood_Petrified_Trunk_Stairs.json: Recipe.BenchRequirement.0.Set
[2026/05/26 17:29:13   WARN]                [AssetStore|Item] Unused key(s) in 'Wood_Bottletree_Trunk_Stairs' file /Server/Item/Items/Wood/Bottletree/Wood_Bottletree_Trunk_Stairs.json: Recipe.BenchRequirement.0.Set
[2026/05/26 17:29:13   WARN]                [AssetStore|Item] Unused key(s) in 'Wood_Beech_Trunk_Stairs' file /Server/Item/Items/Wood/Beech/Wood_Beech_Trunk_Stairs.json: Recipe.BenchRequirement.0.Set
[2026/05/26 17:29:13   WARN]                [AssetStore|Item] Unused key(s) in 'Wood_Windwillow_Trunk_Stairs' file /Server/Item/Items/Wood/Windwillow/Wood_Windwillow_Trunk_Stairs.json: Recipe.BenchRequirement.0.Set
[2026/05/26 17:29:13   WARN]                [AssetStore|Item] Unused key(s) in 'Wood_Bamboo_Trunk_Stairs' file /Server/Item/Items/Wood/Bamboo/Wood_Bamboo_Trunk_Stairs.json: Recipe.BenchRequirement.0.Set
[2026/05/26 17:29:13   WARN]                [AssetStore|Item] Unused key(s) in 'Wood_Banyan_Trunk_Stairs' file /Server/Item/Items/Wood/Banyan/Wood_Banyan_Trunk_Stairs.json: Recipe.BenchRequirement.0.Set
[2026/05/26 17:29:13   WARN]                [AssetStore|Item] Unused key(s) in 'Wood_Azure_Trunk_Stairs' file /Server/Item/Items/Wood/Azure/Wood_Azure_Trunk_Stairs.json: Recipe.BenchRequirement.0.Set
[2026/05/26 17:29:13   WARN]                [AssetStore|Item] Unused key(s) in 'Wood_Palm_Trunk_Stairs' file /Server/Item/Items/Wood/Palm/Wood_Palm_Trunk_Stairs.json: Recipe.BenchRequirement.0.Set
[2026/05/26 17:29:13   WARN]                [AssetStore|Item] Unused key(s) in 'Wood_Sallow_Trunk_Stairs' file /Server/Item/Items/Wood/Sallow/Wood_Sallow_Trunk_Stairs.json: Recipe.BenchRequirement.0.Set
[2026/05/26 17:29:13   WARN]                [AssetStore|Item] Unused key(s) in 'Wood_Jungle_Trunk_Stairs' file /Server/Item/Items/Wood/Jungle/Wood_Jungle_Trunk_Stairs.json: Recipe.BenchRequirement.0.Set
[2026/05/26 17:29:13   WARN]                [AssetStore|Item] Unused key(s) in 'Wood_Bottletree_Trunk_Half' file /Server/Item/Items/Wood/Bottletree/Wood_Bottletree_Trunk_Half.json: Recipe.BenchRequirement.0.Set
[2026/05/26 17:29:13   WARN]                [AssetStore|Item] Unused key(s) in 'Wood_Jungle_Trunk_Half' file /Server/Item/Items/Wood/Jungle/Wood_Jungle_Trunk_Half.json: Recipe.BenchRequirement.0.Set
[2026/05/26 17:29:13   WARN]                [AssetStore|Item] Unused key(s) in 'Wood_Fire_Trunk_Half' file /Server/Item/Items/Wood/Fire/Wood_Fire_Trunk_Half.json: Recipe.BenchRequirement.0.Set
[2026/05/26 17:29:13   WARN]                [AssetStore|Item] Unused key(s) in 'Wood_Ash_Trunk_Half' file /Server/Item/Items/Wood/Ash/Wood_Ash_Trunk_Half.json: Recipe.BenchRequirement.0.Set
[2026/05/26 17:29:13   WARN]                [AssetStore|Item] Unused key(s) in 'Wood_Birch_Trunk_Half' file /Server/Item/Items/Wood/Birch/Wood_Birch_Trunk_Half.json: Recipe.BenchRequirement.0.Set
[2026/05/26 17:29:13   WARN]                [AssetStore|Item] Unused key(s) in 'Wood_Azure_Trunk_Half' file /Server/Item/Items/Wood/Azure/Wood_Azure_Trunk_Half.json: Recipe.BenchRequirement.0.Set
[2026/05/26 17:29:13   WARN]                [AssetStore|Item] Unused key(s) in 'Wood_Fir_Trunk_Half' file /Server/Item/Items/Wood/Fir/Wood_Fir_Trunk_Half.json: Recipe.BenchRequirement.0.Set
[2026/05/26 17:29:13   WARN]                [AssetStore|Item] Unused key(s) in 'Wood_Burnt_Trunk_Half' file /Server/Item/Items/Wood/Burnt/Wood_Burnt_Trunk_Half.json: Recipe.BenchRequirement.0.Set
[2026/05/26 17:29:13   WARN]                [AssetStore|Item] Unused key(s) in 'Wood_Palo_Trunk_Half' file /Server/Item/Items/Wood/Palo/Wood_Palo_Trunk_Half.json: Recipe.BenchRequirement.0.Set
[2026/05/26 17:29:13   WARN]                [AssetStore|Item] Unused key(s) in 'Wood_Banyan_Trunk_Half' file /Server/Item/Items/Wood/Banyan/Wood_Banyan_Trunk_Half.json: Recipe.BenchRequirement.0.Set
[2026/05/26 17:29:13   WARN]                [AssetStore|Item] Unused key(s) in 'Wood_Wisteria_Wild_Trunk_Half' file /Server/Item/Items/Wood/Wisteria/Wood_Wisteria_Wild_Trunk_Half.json: Recipe.BenchRequirement.0.Set
[2026/05/26 17:29:13   WARN]                [AssetStore|Item] Unused key(s) in 'Wood_Fig_Blue_Trunk_Half' file /Server/Item/Items/Wood/Fig_Blue/Wood_Fig_Blue_Trunk_Half.json: Recipe.BenchRequirement.0.Set
[2026/05/26 17:29:13   WARN]                [AssetStore|Item] Unused key(s) in 'Wood_Maple_Trunk_Half' file /Server/Item/Items/Wood/Maple/Wood_Maple_Trunk_Half.json: Recipe.BenchRequirement.0.Set
[2026/05/26 17:29:13   WARN]                [AssetStore|Item] Unused key(s) in 'Wood_Amber_Trunk_Half' file /Server/Item/Items/Wood/Amber/Wood_Amber_Trunk_Half.json: Recipe.BenchRequirement.0.Set
[2026/05/26 17:29:13   WARN]                [AssetStore|Item] Unused key(s) in 'Wood_Bamboo_Trunk_Half_Deco' file /Server/Item/Items/Wood/Bamboo/Wood_Bamboo_Trunk_Half_Deco.json: Recipe.BenchRequirement.0.Set
[2026/05/26 17:29:13   WARN]                [AssetStore|Item] Unused key(s) in 'Wood_Redwood_Trunk_Half' file /Server/Item/Items/Wood/Redwood/Wood_Redwood_Trunk_Half.json: Recipe.BenchRequirement.0.Set
[2026/05/26 17:29:13   WARN]                [AssetStore|Item] Unused key(s) in 'Wood_Cedar_Trunk_Half' file /Server/Item/Items/Wood/Cedar/Wood_Cedar_Trunk_Half.json: Recipe.BenchRequirement.0.Set
[2026/05/26 17:29:13   WARN]                [AssetStore|Item] Unused key(s) in 'Wood_Gumboab_Trunk_Half' file /Server/Item/Items/Wood/Gumboab/Wood_Gumboab_Trunk_Half.json: Recipe.BenchRequirement.0.Set
[2026/05/26 17:29:13   WARN]                [AssetStore|Item] Unused key(s) in 'Wood_Dry_Trunk_Half' file /Server/Item/Items/Wood/Dry/Wood_Dry_Trunk_Half.json: Recipe.BenchRequirement.0.Set
[2026/05/26 17:29:13   WARN]                [AssetStore|Item] Unused key(s) in 'Wood_Beech_Trunk_Half' file /Server/Item/Items/Wood/Beech/Wood_Beech_Trunk_Half.json: Recipe.BenchRequirement.0.Set
[2026/05/26 17:29:13   WARN]                [AssetStore|Item] Unused key(s) in 'Wood_Bamboo_Trunk_Half' file /Server/Item/Items/Wood/Bamboo/Wood_Bamboo_Trunk_Half.json: Recipe.BenchRequirement.0.Set
[2026/05/26 17:29:13   WARN]                [AssetStore|Item] Unused key(s) in 'Wood_Sallow_Trunk_Half' file /Server/Item/Items/Wood/Sallow/Wood_Sallow_Trunk_Half.json: Recipe.BenchRequirement.0.Set
[2026/05/26 17:29:13   WARN]                [AssetStore|Item] Unused key(s) in 'Wood_Spiral_Trunk_Half' file /Server/Item/Items/Wood/Spiral/Wood_Spiral_Trunk_Half.json: Recipe.BenchRequirement.0.Set
[2026/05/26 17:29:13   WARN]                [AssetStore|Item] Unused key(s) in 'Wood_Crystal_Trunk_Half' file /Server/Item/Items/Wood/Crystal/Wood_Crystal_Trunk_Half.json: Recipe.BenchRequirement.0.Set
[2026/05/26 17:29:13   WARN]                [AssetStore|Item] Unused key(s) in 'Wood_Aspen_Trunk_Half' file /Server/Item/Items/Wood/Aspen/Wood_Aspen_Trunk_Half.json: Recipe.BenchRequirement.0.Set
[2026/05/26 17:29:13   WARN]                [AssetStore|Item] Unused key(s) in 'Wood_Camphor_Trunk_Half' file /Server/Item/Items/Wood/Camphor/Wood_Camphor_Trunk_Half.json: Recipe.BenchRequirement.0.Set
[2026/05/26 17:29:13   WARN]                [AssetStore|Item] Unused key(s) in 'Wood_Stormbark_Trunk_Half' file /Server/Item/Items/Wood/Stormbark/Wood_Stormbark_Trunk_Half.json: Recipe.BenchRequirement.0.Set
[2026/05/26 17:29:13   WARN]                [AssetStore|Item] Unused key(s) in 'Wood_Petrified_Trunk_Half' file /Server/Item/Items/Wood/Petrified/Wood_Petrified_Trunk_Half.json: Recipe.BenchRequirement.0.Set
[2026/05/26 17:29:13   WARN]                [AssetStore|Item] Unused key(s) in 'Wood_Poisoned_Trunk_Half' file /Server/Item/Items/Wood/Poisoned/Wood_Poisoned_Trunk_Half.json: Recipe.BenchRequirement.0.Set
[2026/05/26 17:29:13   WARN]                [AssetStore|Item] Unused key(s) in 'Wood_Windwillow_Trunk_Half' file /Server/Item/Items/Wood/Windwillow/Wood_Windwillow_Trunk_Half.json: Recipe.BenchRequirement.0.Set
[2026/05/26 17:29:13   WARN]                [AssetStore|Item] Unused key(s) in 'Wood_Palm_Trunk_Half' file /Server/Item/Items/Wood/Palm/Wood_Palm_Trunk_Half.json: Recipe.BenchRequirement.0.Set
[2026/05/26 17:29:13   WARN]                [AssetStore|Item] Unused key(s) in 'Wood_Ice_Trunk_Half' file /Server/Item/Items/Wood/Ice/Wood_Ice_Trunk_Half.json: Recipe.BenchRequirement.0.Set
[2026/05/26 17:29:13   WARN]           [AssetStore|BlockType] Unused key(s) in 'Coop_Chicken': State.Id
[2026/05/26 17:29:13   WARN]           [AssetStore|BlockType] Unused key(s) in 'Debug_Falling_Explosive': ExplosionConfig.Knockback.VelocityConfig.Direction
[2026/05/26 17:29:13   WARN]           [AssetStore|BlockType] Unused key(s) in 'Soil_Dirt_Tilled': State.Id
[2026/05/26 17:29:13   WARN]           [AssetStore|BlockType] Unused key(s) in '*Prototype_Geyser_State_Definitions_Off': SoundEventId
[2026/05/26 17:29:13   WARN]           [AssetStore|BlockType] Unused key(s) in '*Prototype_Geyser_State_Definitions_On': SoundEventId
[2026/05/26 17:29:13   WARN]         [AssetStore|Interaction] Unused key(s) in '***Teleporter_State_Definitions_Active_Interactions_Use_Interactions_0': Page.ActiveState, Page.WarpNameWordList
[2026/05/26 17:29:13   WARN]         [AssetStore|Interaction] Unused key(s) in '**Portal_Device_Interactions_Use_Interactions_0': Page.Config.GameplayConfig
[2026/05/26 17:29:13   WARN]         [AssetStore|Interaction] Unused key(s) in '**Teleporter_Interactions_Use_Interactions_0': Page.ActiveState, Page.WarpNameWordList
[2026/05/26 17:29:13   WARN]         [AssetStore|Interaction] Unused key(s) in '**Template_Weapon_Crossbow_InteractionVars_Guard_Bash_Interactions_1': Effects, StatModifiers
[2026/05/26 17:29:13   WARN]         [AssetStore|Interaction] Unused key(s) in '**Weapon_Staff_Thorium_InteractionVars_Staff_Cast_Summon_Charged_Interactions_0': Costs
[2026/05/26 17:29:13   WARN]         [AssetStore|Interaction] Unused key(s) in '**Tool_Sickle_Copper_InteractionVars_Swing_Left_Effect_Interactions_0': WorldSoundEventId
[2026/05/26 17:29:13   WARN]         [AssetStore|Interaction] Unused key(s) in '**Weapon_Staff_Iron_InteractionVars_Staff_Cast_Summon_Charged_Interactions_0': Costs
[2026/05/26 17:29:13   WARN]         [AssetStore|Interaction] Unused key(s) in '**Weapon_Staff_Bone_InteractionVars_Staff_Cast_Summon_Charged_Interactions_0': Costs
[2026/05/26 17:29:13   WARN]         [AssetStore|Interaction] Unused key(s) in '**Weapon_Staff_Wood_InteractionVars_Staff_Cast_Summon_Charged_Interactions_0': Costs
[2026/05/26 17:29:13   WARN]         [AssetStore|Interaction] Unused key(s) in '**Template_Weapon_Shield_InteractionVars_Guard_Bash_Interactions_1': Effects, StatModifiers
[2026/05/26 17:29:13   WARN]         [AssetStore|Interaction] Unused key(s) in '**Weapon_Staff_Cobalt_InteractionVars_Staff_Cast_Summon_Charged_Interactions_0': Costs
[2026/05/26 17:29:13   WARN]         [AssetStore|Interaction] Unused key(s) in '**Tool_Sickle_Steel_Rusty_InteractionVars_Swing_Left_Effect_Interactions_0': WorldSoundEventId
[2026/05/26 17:29:13   WARN]         [AssetStore|Interaction] Unused key(s) in '**Tool_Sickle_Crude_InteractionVars_Swing_Right_Effect_Interactions_0': WorldSoundEventId
[2026/05/26 17:29:13   WARN]         [AssetStore|Interaction] Unused key(s) in '**Tool_Sickle_Steel_Rusty_InteractionVars_Swing_Right_Effect_Interactions_0': WorldSoundEventId
[2026/05/26 17:29:13   WARN]         [AssetStore|Interaction] Unused key(s) in '**Weapon_Staff_Mithril_InteractionVars_Staff_Cast_Summon_Charged_Interactions_0': Costs
[2026/05/26 17:29:13   WARN]         [AssetStore|Interaction] Unused key(s) in '**Weapon_Staff_Bo_Bamboo_InteractionVars_Staff_Cast_Summon_Charged_Interactions_0': Costs
[2026/05/26 17:29:13   WARN]         [AssetStore|Interaction] Unused key(s) in '**Weapon_Staff_Wood_Rotten_InteractionVars_Staff_Cast_Summon_Charged_Interactions_0': Costs
[2026/05/26 17:29:13   WARN]         [AssetStore|Interaction] Unused key(s) in '**Weapon_Staff_Frost_InteractionVars_Staff_Cast_Summon_Charged_Interactions_0': Costs
[2026/05/26 17:29:13   WARN]         [AssetStore|Interaction] Unused key(s) in '**Template_Weapon_Shortbow_InteractionVars_Guard_Bash_Interactions_1': Effects, StatModifiers
[2026/05/26 17:29:13   WARN]         [AssetStore|Interaction] Unused key(s) in '**Weapon_Staff_Crystal_Red_InteractionVars_Staff_Cast_Summon_Charged_Interactions_0': Costs
[2026/05/26 17:29:13   WARN]         [AssetStore|Interaction] Unused key(s) in '**Weapon_Staff_Wizard_InteractionVars_Staff_Cast_Summon_Charged_Interactions_0': Costs
[2026/05/26 17:29:13   WARN]         [AssetStore|Interaction] Unused key(s) in '**Tool_Sickle_Copper_InteractionVars_Swing_Right_Effect_Interactions_0': WorldSoundEventId
[2026/05/26 17:29:13   WARN]         [AssetStore|Interaction] Unused key(s) in '**Weapon_Staff_Crystal_Flame_InteractionVars_Fireball_Impact_2_Interactions_0': EntityStatsOnHit
[2026/05/26 17:29:13   WARN]         [AssetStore|Interaction] Unused key(s) in '**Weapon_Shield_Copper_InteractionVars_Guard_Bash_Interactions_0': Effects, StatModifiers
[2026/05/26 17:29:13   WARN]         [AssetStore|Interaction] Unused key(s) in '**Weapon_Staff_Crystal_Flame_InteractionVars_Fireball_Impact_3_Interactions_0': EntityStatsOnHit
[2026/05/26 17:29:13   WARN]         [AssetStore|Interaction] Unused key(s) in '**Tool_Sickle_Iron_InteractionVars_Swing_Right_Effect_Interactions_0': WorldSoundEventId
[2026/05/26 17:29:13   WARN]         [AssetStore|Interaction] Unused key(s) in '**Tool_Sickle_Iron_InteractionVars_Swing_Left_Effect_Interactions_0': WorldSoundEventId
[2026/05/26 17:29:13   WARN]         [AssetStore|Interaction] Unused key(s) in '**Weapon_Staff_Cane_InteractionVars_Staff_Cast_Summon_Charged_Interactions_0': Costs
[2026/05/26 17:29:13   WARN]         [AssetStore|Interaction] Unused key(s) in '**Weapon_Staff_Copper_InteractionVars_Staff_Cast_Summon_Charged_Interactions_0': Costs
[2026/05/26 17:29:13   WARN]         [AssetStore|Interaction] Unused key(s) in '**Weapon_Staff_Onion_InteractionVars_Staff_Cast_Summon_Charged_Interactions_0': Costs
[2026/05/26 17:29:13   WARN]         [AssetStore|Interaction] Unused key(s) in '**Halloween_Broomstick_InteractionVars_Staff_Cast_Summon_Charged_Interactions_0': Costs
[2026/05/26 17:29:13   WARN]         [AssetStore|Interaction] Unused key(s) in '**Weapon_Staff_Doomed_InteractionVars_Staff_Cast_Summon_Charged_Interactions_0': Costs
[2026/05/26 17:29:13   WARN]         [AssetStore|Interaction] Unused key(s) in '**Weapon_Staff_Adamantite_InteractionVars_Staff_Cast_Summon_Charged_Interactions_0': Costs
[2026/05/26 17:29:13   WARN]         [AssetStore|Interaction] Unused key(s) in '**Weapon_Staff_Wood_Kweebec_InteractionVars_Staff_Cast_Summon_Charged_Interactions_0': Costs
[2026/05/26 17:29:13   WARN]         [AssetStore|Interaction] Unused key(s) in '**Weapon_Staff_Crystal_Purple_InteractionVars_Staff_Cast_Summon_Charged_Interactions_0': Costs
[2026/05/26 17:29:13   WARN]         [AssetStore|Interaction] Unused key(s) in '**Tool_Sickle_Crude_InteractionVars_Swing_Left_Effect_Interactions_0': WorldSoundEventId
[2026/05/26 17:29:13   WARN]         [AssetStore|Interaction] Unused key(s) in '**Weapon_Staff_Crystal_Fire_Trork_InteractionVars_Staff_Cast_Summon_Charged_Interactions_0': Costs
[2026/05/26 17:29:13   WARN]         [AssetStore|Interaction] Unused key(s) in '**Weapon_Staff_Bronze_InteractionVars_Staff_Cast_Summon_Charged_Interactions_0': Costs
[2026/05/26 17:29:13   WARN]         [AssetStore|Interaction] Unused key(s) in '**Weapon_Staff_Onyxium_InteractionVars_Staff_Cast_Summon_Charged_Interactions_0': Costs
[2026/05/26 17:29:13   WARN]         [AssetStore|Interaction] Unused key(s) in '**Weapon_Staff_Bo_Wood_InteractionVars_Staff_Cast_Summon_Charged_Interactions_0': Costs
[2026/05/26 17:29:13   WARN]         [AssetStore|Interaction] Unused key(s) in '**Soil_Quartzite_Gravel_Half_Interactions_Secondary_Interactions_0': Categories, Set
[2026/05/26 17:29:13   WARN]         [AssetStore|Interaction] Unused key(s) in '***Plant_Crop_Mushroom_Glowing_Violet_Interactions_Secondary_Interactions_0_Next': Effects
[2026/05/26 17:29:13   WARN]         [AssetStore|Interaction] Unused key(s) in '***Plant_Crop_Mushroom_Glowing_Orange_Interactions_Secondary_Interactions_0_Next': Effects
[2026/05/26 17:29:13   WARN]         [AssetStore|Interaction] Unused key(s) in '***Plant_Crop_Mushroom_Glowing_Purple_Interactions_Secondary_Interactions_0_Next': Effects
[2026/05/26 17:29:13   WARN]         [AssetStore|Interaction] Unused key(s) in '***Plant_Crop_Mushroom_Glowing_Red_Interactions_Secondary_Interactions_0_Next': Effects
[2026/05/26 17:29:13   WARN]         [AssetStore|Interaction] Unused key(s) in '***Plant_Crop_Mushroom_Glowing_Green_Interactions_Secondary_Interactions_0_Next': Effects
[2026/05/26 17:29:13   WARN]         [AssetStore|Interaction] Unused key(s) in '***Plant_Crop_Mushroom_Glowing_Blue_Interactions_Secondary_Interactions_0_Next': Effects
[2026/05/26 17:29:13   INFO]                   [ItemModule|P] Computed damage data for 0 of 0 weapon items
[2026/05/26 17:29:13   INFO]                   [ItemModule|P] Computed damage data for 216 of 255 weapon items
[2026/05/26 17:29:13   WARN]      [AssetStore|GameplayConfig] Unused key(s) in 'Default' file /Server/GameplayConfigs/Default.json: Ping
[2026/05/26 17:29:13   WARN]      [AssetStore|GameplayConfig] Unused key(s) in 'Default_Instance' file /Server/GameplayConfigs/Default_Instance.json: Death.LoseItems
[2026/05/26 17:29:13   INFO]            [AssetRegistryLoader] Took 2sec 459ms 425us 100ns to load all assets
[2026/05/26 17:29:13   INFO]                         [Hytale] Loading assets from: C:\src\Research Projects\First Plugin\Hytale-Example-Plugin\build\resources\main\Server
[2026/05/26 17:29:13   INFO]            [AssetRegistryLoader] Loading assets from C:\src\Research Projects\First Plugin\Hytale-Example-Plugin\build\resources\main\Server
[2026/05/26 17:29:13   WARN]                [AssetStore|Item] Failed to validate asset!
Id: Bench_Blueprint
Path: C:\src\Research Projects\First Plugin\Hytale-Example-Plugin\build\resources\main\Server\Item\Items\Furniture\Benches\Bench_Blueprint.json
Key: TranslationProperties.Name
Results:
	WARNING: [LOC] Key 'server.items.Bench_Blueprint.name' does not exist in server.lang!
Key: TranslationProperties.Description
Results:
	WARNING: [LOC] Key 'server.items.Bench_Blueprint.description' does not exist in server.lang!

[2026/05/26 17:29:13   INFO]                   [ItemModule|P] Computed damage data for 0 of 0 weapon items
[2026/05/26 17:29:13   INFO]            [AssetRegistryLoader] Took 83ms 521us to load all assets
[2026/05/26 17:29:13   INFO]                         [Hytale] Loading NPC assets phase...
[2026/05/26 17:29:13   INFO]                          [NPC|P] Starting to load NPC builders!
[2026/05/26 17:29:14   WARN]                          [NPC|P] Replacing asset 'Test_Patrol_Path' of file '/Server/NPC/Roles/_Core/Tests_Development/Test_Patrol_Path.json' with other file '/Server/NPC/Roles/_Core/Tests/Paths/Test_Patrol_Path.json'
[2026/05/26 17:29:14   INFO]                          [NPC|P] Validating loaded NPC configurations...
[2026/05/26 17:29:14   WARN]                          [NPC|P] Animation Eat does not exist for model Trillodon!
[2026/05/26 17:29:14   WARN]                          [NPC|P] Animation Alerted does not exist for model Kweebec_Rootling!
[2026/05/26 17:29:14   WARN]                          [NPC|P] Animation Moo does not exist for model Bison_Calf!
[2026/05/26 17:29:14   WARN]                          [NPC|P] Animation Eat does not exist for model Lizard_Sand!
[2026/05/26 17:29:14   WARN]                          [NPC|P] Animation Swipe does not exist for model Goblin_Ogre!
[2026/05/26 17:29:14   WARN]                          [NPC|P] Animation Throw does not exist for model Goblin_Ogre!
[2026/05/26 17:29:14   WARN]                          [NPC|P] Animation Alerted does not exist for model Scarak_Broodmother!
[2026/05/26 17:29:14   WARN]                          [NPC|P] Animation Alerted does not exist for model Scarak_Broodmother!
[2026/05/26 17:29:14   WARN]                          [NPC|P] Animation Alerted does not exist for model Scarak_Broodmother!
[2026/05/26 17:29:14   WARN]                          [NPC|P] Animation Sleep does not exist for model Wraith_Lantern!
[2026/05/26 17:29:14   WARN]                          [NPC|P] Animation Alerted does not exist for model Wraith_Lantern!
[2026/05/26 17:29:14   WARN]                          [NPC|P] Animation Laydown does not exist for model Wraith_Lantern!
[2026/05/26 17:29:14   WARN]                          [NPC|P] Animation Wake does not exist for model Wraith_Lantern!
[2026/05/26 17:29:14   WARN]                          [NPC|P] Animation Eat does not exist for model Spark_Living!
[2026/05/26 17:29:14   WARN]                          [NPC|P] Animation Swipe does not exist for model Goblin!
[2026/05/26 17:29:14   WARN]                          [NPC|P] Animation Sleep does not exist for model Slug_Magma!
[2026/05/26 17:29:14   WARN]                          [NPC|P] Animation Alerted does not exist for model Slug_Magma!
[2026/05/26 17:29:14   WARN]                          [NPC|P] Animation Laydown does not exist for model Slug_Magma!
[2026/05/26 17:29:14   WARN]                          [NPC|P] Animation Wake does not exist for model Slug_Magma!
[2026/05/26 17:29:14   WARN]                          [NPC|P] Animation Idle does not exist for model Tuluk_Fisherman!
[2026/05/26 17:29:14   WARN]                          [NPC|P] Animation Eat does not exist for model Hatworm!
[2026/05/26 17:29:14   INFO]                          [NPC|P] Validation complete.
[2026/05/26 17:29:14   INFO]                          [NPC|P] Loaded 973 NPC configurations, Test: 261, Component: 144, Abstract: 53, Variant: 456, Generic: 61
[2026/05/26 17:29:14   INFO]                          [NPC|P] Starting to load NPC builders!
[2026/05/26 17:29:14   INFO]                          [NPC|P] Validating loaded NPC configurations...
[2026/05/26 17:29:14   WARN]                          [NPC|P] Animation Eat does not exist for model Trillodon!
[2026/05/26 17:29:14   WARN]                          [NPC|P] Animation Alerted does not exist for model Kweebec_Rootling!
[2026/05/26 17:29:15   WARN]                          [NPC|P] Animation Moo does not exist for model Bison_Calf!
[2026/05/26 17:29:15   WARN]                          [NPC|P] Animation Eat does not exist for model Lizard_Sand!
[2026/05/26 17:29:15   WARN]                          [NPC|P] Animation Swipe does not exist for model Goblin_Ogre!
[2026/05/26 17:29:15   WARN]                          [NPC|P] Animation Throw does not exist for model Goblin_Ogre!
[2026/05/26 17:29:15   WARN]                          [NPC|P] Animation Alerted does not exist for model Scarak_Broodmother!
[2026/05/26 17:29:15   WARN]                          [NPC|P] Animation Alerted does not exist for model Scarak_Broodmother!
[2026/05/26 17:29:15   WARN]                          [NPC|P] Animation Alerted does not exist for model Scarak_Broodmother!
[2026/05/26 17:29:15   WARN]                          [NPC|P] Animation Sleep does not exist for model Wraith_Lantern!
[2026/05/26 17:29:15   WARN]                          [NPC|P] Animation Alerted does not exist for model Wraith_Lantern!
[2026/05/26 17:29:15   WARN]                          [NPC|P] Animation Laydown does not exist for model Wraith_Lantern!
[2026/05/26 17:29:15   WARN]                          [NPC|P] Animation Wake does not exist for model Wraith_Lantern!
[2026/05/26 17:29:15   WARN]                          [NPC|P] Animation Eat does not exist for model Spark_Living!
[2026/05/26 17:29:15   WARN]                          [NPC|P] Animation Swipe does not exist for model Goblin!
[2026/05/26 17:29:15   WARN]                          [NPC|P] Animation Sleep does not exist for model Slug_Magma!
[2026/05/26 17:29:15   WARN]                          [NPC|P] Animation Alerted does not exist for model Slug_Magma!
[2026/05/26 17:29:15   WARN]                          [NPC|P] Animation Laydown does not exist for model Slug_Magma!
[2026/05/26 17:29:15   WARN]                          [NPC|P] Animation Wake does not exist for model Slug_Magma!
[2026/05/26 17:29:15   WARN]                          [NPC|P] Animation Idle does not exist for model Tuluk_Fisherman!
[2026/05/26 17:29:15   WARN]                          [NPC|P] Animation Eat does not exist for model Hatworm!
[2026/05/26 17:29:15   INFO]                          [NPC|P] Validation complete.
[2026/05/26 17:29:15   INFO]                          [NPC|P] Loaded 973 NPC configurations
[2026/05/26 17:29:15   INFO]                         [Hytale] Loading NPC assets phase completed! Boot time 6sec 937ms 28us 700ns, Took 1sec 219ms 781us 500ns
[2026/05/26 17:29:15   INFO]                         [Hytale] Validating Spawn assets phase...
[2026/05/26 17:29:15   INFO]                         [Hytale] Spawn assets validation phase completed! Boot time 6sec 937ms 817us 700ns, Took 710us 500ns
[2026/05/26 17:29:15   INFO]        [NaturalResourceRegistry] [NaturalRegistry] Initialized: 1859 natural block types, 1984 natural items, 160 gatherable-form mappings
[2026/05/26 17:29:15   INFO]           [RecipeTierClassifier] [RecipeTierClassifier] Initialized: 1259 crafted item IDs classified
[2026/05/26 17:29:15   INFO]           [RecipeFilterRegistry] [RecipeFilterReg] Initialized: 1060 entries, 2 bench IDs
[2026/05/26 17:29:15   INFO]            [BenchRecipeRegistry] [BenchRecipeReg] [Builders] Initialized: 911 block recipes, 911 total
[2026/05/26 17:29:15   INFO]            [BenchRecipeRegistry] [BenchRecipeReg] [Furniture_Bench] Initialized: 149 block recipes, 149 total
[2026/05/26 17:29:15   INFO]          [BenchRecipeRegistries] [BenchRecipeRegs] Initialized 2 bench registries with 1060 total recipes
[2026/05/26 17:29:15   INFO]                     [DropScaler] [DropScaler] Crafting costs: 1060 recipes scaled, 402 inputs skipped (crafted intermediates), 0 duplicates skipped
[2026/05/26 17:29:15   INFO]             [RecipeTreeResolver] [RecipeTreeResolver] Cycle detected at Rock_Gold_Brick_Smooth
[2026/05/26 17:29:15   INFO]             [RecipeTreeResolver] [RecipeTreeResolver] Cycle detected at Rock_Gold_Brick_Smooth
[2026/05/26 17:29:15   INFO]             [RecipeTreeResolver] [RecipeTreeResolver] Cycle detected at Rock_Gold_Brick_Smooth
[2026/05/26 17:29:15   INFO]             [RecipeTreeResolver] [RecipeTreeResolver] Cycle detected at Rock_Gold_Brick_Smooth
[2026/05/26 17:29:15   INFO]             [RecipeTreeResolver] [RecipeTreeResolver] Cycle detected at Rock_Gold_Brick_Smooth
[2026/05/26 17:29:15   INFO]             [RecipeTreeResolver] [RecipeTreeResolver] Cycle detected at Rock_Gold_Brick_Smooth
[2026/05/26 17:29:15   INFO]             [RecipeTreeResolver] [RecipeTreeResolver] Cycle detected at Rock_Gold_Brick_Smooth
[2026/05/26 17:29:15   INFO]             [RecipeTreeResolver] [RecipeTreeResolver] Cycle detected at Rock_Gold_Brick_Smooth
[2026/05/26 17:29:15   INFO]             [RecipeTreeResolver] [RecipeTreeResolver] Cycle detected at Rock_Gold_Brick_Smooth
[2026/05/26 17:29:15   INFO]             [RecipeTreeResolver] [RecipeTreeResolver] Cycle detected at Rock_Gold_Brick_Smooth
[2026/05/26 17:29:15   INFO]             [RecipeTreeResolver] [RecipeTreeResolver] Cycle detected at Rock_Gold_Brick_Smooth
[2026/05/26 17:29:15   INFO]             [RecipeTreeResolver] [RecipeTreeResolver] Cycle detected at Rock_Gold_Brick_Smooth
[2026/05/26 17:29:15   INFO]             [RecipeTreeResolver] [RecipeTreeResolver] Cycle detected at Rock_Gold_Brick_Smooth
[2026/05/26 17:29:15   INFO]             [RecipeTreeResolver] [RecipeTreeResolver] Cycle detected at Rock_Gold_Brick_Smooth
[2026/05/26 17:29:15   INFO]             [RecipeTreeResolver] [RecipeTreeResolver] Cycle detected at Rock_Gold_Brick_Smooth
[2026/05/26 17:29:15   INFO]             [RecipeTreeResolver] [RecipeTreeResolver] Initialized: 1140 items resolved, 0 unresolvable
[2026/05/26 17:29:15   INFO]                     [DropScaler] [DropScaler] Pipeline complete: 1060 recipes scaled, 1814 natural blocks (45 skipped), 1060 recipe blocks (0 skipped), 1127 synthetic drop lists, 3167 stack sizes boosted
[2026/05/26 17:29:15   INFO]    [BlueprintBenchRecipeMutator] [BlueprintBenchMutator] Registered 1464 shadow Blueprint recipes.
[2026/05/26 17:29:15   INFO]    [BlueprintBenchRecipeMutator] [BlueprintBenchMutator] Asset map verification: 1464 found, 0 missing.
[2026/05/26 17:29:15   INFO]    [BlueprintBenchRecipeMutator] [BlueprintBenchMutator] Sample shadow: id=Blueprint_Plant_Sapling_Gumboab_Recipe_Generated_0 input=1 entries, rtId=PlaceBlock output=Plant_Sapling_Gumboab benchReq=1 entries, id=Blueprint
[2026/05/26 17:29:15   INFO]                   [HytaleServer] Starting plugin manager...
[2026/05/26 17:29:15   INFO]                  [PluginManager] Enabled plugin Hytale:AccessControlModule
[2026/05/26 17:29:15   INFO]                  [PluginManager] Enabled plugin Hytale:AnchorActionModule
[2026/05/26 17:29:15   INFO]                  [PluginManager] Enabled plugin Hytale:AssetModule
[2026/05/26 17:29:15   INFO]                  [PluginManager] Enabled plugin Hytale:BlockSetModule
[2026/05/26 17:29:15   INFO]                  [PluginManager] Enabled plugin Hytale:CollisionModule
[2026/05/26 17:29:15   INFO]                  [PluginManager] Enabled plugin Hytale:CommandMacro
[2026/05/26 17:29:15   INFO]                  [PluginManager] Enabled plugin Hytale:ConsoleModule
[2026/05/26 17:29:15   INFO]                  [PluginManager] Enabled plugin Hytale:CosmeticsModule
[2026/05/26 17:29:15   INFO]                  [PluginManager] Enabled plugin Hytale:CrouchSlide
[2026/05/26 17:29:15   INFO]                  [PluginManager] Enabled plugin Hytale:DebugPlugin
[2026/05/26 17:29:15   INFO]                  [PluginManager] Enabled plugin Hytale:DiscoveryModule
[2026/05/26 17:29:15   INFO]                [HytaleGenerator] Using 13 out of 16 available threads.
[2026/05/26 17:29:15   INFO]                  [PluginManager] Enabled plugin Hytale:HytaleGenerator
[2026/05/26 17:29:15   INFO]                  [PluginManager] Enabled plugin Hytale:ItemModule
[2026/05/26 17:29:15   INFO]                  [PluginManager] Enabled plugin Hytale:LANDiscovery
[2026/05/26 17:29:15   INFO]                  [PluginManager] Enabled plugin Hytale:LegacyModule
[2026/05/26 17:29:15   INFO]               [LiveConfigModule] LiveConfig starting (patchline=release, os=windows, arch=amd64)
[2026/05/26 17:29:15   INFO]                  [PluginManager] Enabled plugin Hytale:LiveConfigModule
[2026/05/26 17:29:15   INFO]                  [PluginManager] Enabled plugin Hytale:Mantling
[2026/05/26 17:29:15   INFO]                  [PluginManager] Enabled plugin Hytale:MigrationModule
[2026/05/26 17:29:15   INFO]                  [PluginManager] Enabled plugin Hytale:PermissionsModule
[2026/05/26 17:29:15   INFO]                  [PluginManager] Enabled plugin Hytale:SafetyRoll
[2026/05/26 17:29:15   INFO]                  [PluginManager] Enabled plugin Hytale:ServerManager
[2026/05/26 17:29:15   INFO]                  [PluginManager] Enabled plugin Hytale:SplitVelocity
[2026/05/26 17:29:15   INFO]                  [PluginManager] Enabled plugin Hytale:SprintForce
[2026/05/26 17:29:15   INFO]                  [PluginManager] Enabled plugin Hytale:TagSet
[2026/05/26 17:29:15   INFO]                  [PluginManager] Enabled plugin Hytale:TimeModule
[2026/05/26 17:29:15   INFO]                [ServerManager|P] Listening on /[0:0:0:0:0:0:0:0]:5520 and took 2ms 513us 600ns
[2026/05/26 17:29:15   INFO]                [ServerManager|P] Listening on /0.0.0.0:5520 and took 933us
[2026/05/26 17:29:15   INFO]                  [PluginManager] Enabled plugin Hytale:Universe
[2026/05/26 17:29:15   INFO]                [ServerManager|P] Listening on /[0:0:0:0:0:0:0:1]:5520 and took 956us
[2026/05/26 17:29:15   WARN]                   [UpdateModule] Update checker disabled: invalid folder layout. Expected to run from Server/ with Assets.zip and start.sh/bat in parent directory.
[2026/05/26 17:29:15   INFO]                  [PluginManager] Enabled plugin Hytale:UpdateModule
[2026/05/26 17:29:15   INFO]                  [PluginManager] Enabled plugin Hytale:WorldLocationCondition
[2026/05/26 17:29:15   INFO]                  [PluginManager] Enabled plugin Hytale:BlockHealthModule
[2026/05/26 17:29:15   INFO]                  [PluginManager] Enabled plugin Hytale:BlockModule
[2026/05/26 17:29:15   INFO]                  [PluginManager] Enabled plugin Hytale:BlockTick
[2026/05/26 17:29:15   INFO]                  [PluginManager] Enabled plugin Hytale:BlockTypeModule
[2026/05/26 17:29:15   INFO]                  [PluginManager] Enabled plugin Hytale:CommonAssetModule
[2026/05/26 17:29:15   INFO]                  [PluginManager] Enabled plugin Hytale:EntityModule
[2026/05/26 17:29:15   INFO]                  [PluginManager] Enabled plugin Hytale:FlyCameraModule
[2026/05/26 17:29:15   INFO]                  [PluginManager] Enabled plugin Hytale:I18nModule
[2026/05/26 17:29:15   INFO]                  [PluginManager] Enabled plugin Hytale:Model
[2026/05/26 17:29:15   INFO]                  [PluginManager] Enabled plugin Hytale:RandomTick
[2026/05/26 17:29:15   INFO]                  [PluginManager] Enabled plugin Hytale:ServerPlayerListModule
[2026/05/26 17:29:15   INFO]                  [PluginManager] Enabled plugin Hytale:TelemetryModule
[2026/05/26 17:29:15   INFO]                  [PluginManager] Enabled plugin Hytale:Ambience
[2026/05/26 17:29:15   INFO]                  [PluginManager] Enabled plugin Hytale:AssetEditor
[2026/05/26 17:29:15   INFO]                  [PluginManager] Enabled plugin Hytale:Audio
[2026/05/26 17:29:15   INFO]                  [PluginManager] Enabled plugin Hytale:FallingBlocks
[2026/05/26 17:29:15   INFO]                  [World|default] Loading world 'default' with generator type: 'HytaleWorldGenProvider{name='Default', version=0.0.0, path='null'}' and chunk storage: 'DefaultChunkStorageProvider{DEFAULT=IndexedStorageChunkStorageProvider{}}'...
[2026/05/26 17:29:15   INFO]                  [PluginManager] Enabled plugin Hytale:Fluid
[2026/05/26 17:29:15   INFO]                  [PluginManager] Enabled plugin Hytale:InteractionModule
[2026/05/26 17:29:15   INFO]                  [PluginManager] Enabled plugin Hytale:Parkour
[2026/05/26 17:29:15   INFO]                  [PluginManager] Enabled plugin Hytale:PrefabSpawnerModule
[2026/05/26 17:29:15   INFO]                  [PluginManager] Enabled plugin Hytale:ProjectileModule
[2026/05/26 17:29:15   INFO]                  [PluginManager] Enabled plugin Hytale:Reputation
[2026/05/26 17:29:15   INFO]                  [PluginManager] Enabled plugin Hytale:Stash
[2026/05/26 17:29:15   INFO]                  [PluginManager] Enabled plugin Hytale:Teleport
[2026/05/26 17:29:15   INFO]                  [VoiceModule|P] [Voice] Started position cache update task (100ms interval)
[2026/05/26 17:29:15   INFO]                  [PluginManager] Enabled plugin Hytale:VoiceModule
[2026/05/26 17:29:15   INFO]                  [PluginManager] Enabled plugin Hytale:Weather
[2026/05/26 17:29:15   INFO]                  [PluginManager] Enabled plugin Hytale:WorldGen
[2026/05/26 17:29:15   INFO]                  [PluginManager] Enabled plugin Hytale:BlockPhysics
[2026/05/26 17:29:15   INFO]                  [PluginManager] Enabled plugin Hytale:BuilderTools
[2026/05/26 17:29:15   INFO]                  [PluginManager] Enabled plugin Hytale:ConnectedBlocksModule
[2026/05/26 17:29:15   INFO]                  [PluginManager] Enabled plugin Hytale:Crafting
[2026/05/26 17:29:15   INFO]                  [PluginManager] Enabled plugin Hytale:Deployables
[2026/05/26 17:29:15   INFO]                  [PluginManager] Enabled plugin Hytale:EntityStatsModule
[2026/05/26 17:29:15   INFO]                  [PluginManager] Enabled plugin Hytale:Locate
[2026/05/26 17:29:15   INFO]                  [PluginManager] Enabled plugin Hytale:Objectives
[2026/05/26 17:29:15   INFO]                [BarterShopState] No saved barter shop state found, starting fresh
[2026/05/26 17:29:15   INFO]                         [Shop|P] Barter shop state initialized
[2026/05/26 17:29:15   INFO]                  [PluginManager] Enabled plugin Hytale:Shop
[2026/05/26 17:29:15   INFO]                  [PluginManager] Enabled plugin Hytale:SingleplayerModule
[2026/05/26 17:29:15   INFO]                  [PluginManager] Enabled plugin Hytale:Teleporter
[2026/05/26 17:29:15   INFO]                  [PluginManager] Enabled plugin Hytale:BlockSpawner
[2026/05/26 17:29:15   INFO]                  [PluginManager] Enabled plugin Hytale:EntityUIModule
[2026/05/26 17:29:15   INFO]                  [PluginManager] Enabled plugin Hytale:Farming
[2026/05/26 17:29:15   INFO]                  [PluginManager] Enabled plugin Hytale:Instances
[2026/05/26 17:29:15   INFO]                  [PluginManager] Enabled plugin Hytale:ObjectiveReputation
[2026/05/26 17:29:15   INFO]                  [PluginManager] Enabled plugin Hytale:ObjectiveShop
[2026/05/26 17:29:15   INFO]                  [PluginManager] Enabled plugin Hytale:Path
[2026/05/26 17:29:15   INFO]                  [PluginManager] Enabled plugin Hytale:ShopReputation
[2026/05/26 17:29:15   INFO] [PluginManager] Enabled plugin Hytale:StaminaModule
[2026/05/26 17:29:15   INFO] [PluginManager] Enabled plugin Hytale:CreativeHub
[2026/05/26 17:29:15   INFO] [PluginManager] Enabled plugin Hytale:DamageModule
[2026/05/26 17:29:15   INFO] [PluginManager] Enabled plugin Hytale:Camera
[2026/05/26 17:29:15   INFO] [PluginManager] Enabled plugin Hytale:NPC
[2026/05/26 17:29:15   INFO] [PluginManager] Enabled plugin Hytale:Flock
[2026/05/26 17:29:15   INFO] [World|default] Added world 'default' - Seed: 1779816555743, GameTime: 0001-01-01T05:30:00Z
[2026/05/26 17:29:15   INFO] [PluginManager] Enabled plugin Hytale:Memories
[2026/05/26 17:29:15   INFO] [PluginManager] Enabled plugin Hytale:Mounts
[2026/05/26 17:29:15   INFO] [PluginManager] Enabled plugin Hytale:NPCCombatActionEvaluator
[2026/05/26 17:29:15   INFO] [PluginManager] Enabled plugin Hytale:NPCEditor
[2026/05/26 17:29:15   INFO] [PluginManager] Enabled plugin Hytale:NPCReputation
[2026/05/26 17:29:15   INFO] [PluginManager] Enabled plugin Hytale:NPCShop
[2026/05/26 17:29:15   INFO] [PluginManager] Enabled plugin Hytale:Portals
[2026/05/26 17:29:15   WARN]    [Spawning|P] NPCSpawn Spawns_Zone2_Fish_Shores references multiple times NPC Jellyfish_Blue. Ignoring all but first.
[2026/05/26 17:29:15   WARN]    [Spawning|P] NPCSpawn Wander_Zone2_Tier2 references multiple times NPC Skeleton_Sand_Guard_Wander. Ignoring all but first.
[2026/05/26 17:29:15   INFO]    [Spawning|P] Successfully set up 96 world spawn configurations
[2026/05/26 17:29:15   INFO]    [Spawning|P] Successfully set up 84 beacon spawn configurations
[2026/05/26 17:29:15   INFO] [PluginManager] Enabled plugin Hytale:Spawning
[2026/05/26 17:29:15   INFO] [PluginManager] Enabled plugin Hytale:TriggerVolumes
[2026/05/26 17:29:15   INFO] [PluginManager] Enabled plugin Hytale:Beds
[2026/05/26 17:29:15   INFO] [PluginManager] Enabled plugin Hytale:NPCObjectives
[2026/05/26 17:29:15   INFO] [PluginManager] Enabled plugin Camera:[CodeCreature] Blueprint System
[2026/05/26 17:29:15   INFO]  [HytaleServer] Plugin manager started! Startup time so far: 7sec 660ms 228us 500ns
[2026/05/26 17:29:15   INFO]  [HytaleServer] Getting Hytale Universe ready...
[2026/05/26 17:29:15   INFO] [WorldGenerator] Loading world-gen with the following asset-packs (highest priority first):
[2026/05/26 17:29:15   INFO] [WorldGenerator] - [  0] Hytale:Hytale:0.0.0 - [C:\Users\DavidLeiter\AppData\Roaming\Hytale\install\release\package\game\latest\Assets.zip]
[2026/05/26 17:29:15   INFO] [WorldGenerator] Set prefab-loader config: path=/Server/World/Default, store=ASSETS
[2026/05/26 17:29:16   INFO] [WorldGenerator] Initialized ChunkGenerator-0 executor
[2026/05/26 17:29:16   INFO] [WorldGenerator] Found location for unique zone 'Zone1_Spawn' -> Position: {106, 169}, Score: 68.96%, Time: 5ms
[2026/05/26 17:29:16   INFO] [WorldGenerator] Found location for unique zone 'Zone1_Temple' -> Position: {193, -65}, Score: 71.51%, Time: 0ms
[2026/05/26 17:29:16   INFO] [World|default|M] Initializing world map generator: com.hypixel.hytale.server.worldgen.map.GeneratorChunkWorldMap@6a477e91
[2026/05/26 17:29:16   INFO] [World|default|M] Generating Points of Interest...
[2026/05/26 17:29:16   INFO] [World|default|M] Finished Generating Points of Interest!
[2026/05/26 17:29:16   INFO] [TriggerVolumesPlugin] Loaded 0 trigger volumes and 0 groups for world 'default'
[2026/05/26 17:29:16   INFO]           [Teleport|P] Loaded 0 warps (No warps.json found)
[2026/05/26 17:29:16   INFO]         [HytaleServer] Universe ready!
[2026/05/26 17:29:16   INFO]      [TelemetryModule] Sending server start telemetry...
[2026/05/26 17:29:16   INFO]        [AssetModule|P] Total Loaded Assets: Interaction: 7439, BlockType: 5755, RootInteraction: 5505, Item: 3691, CraftingRecipe: 3413, ItemDropList: 2085, ParticleSpawner: 1651, SoundEvent: 1178, ParticleSystem: 569, MusicContainer: 543, ModelAsset: 437, BlockBoundingBoxes: 245, SpawnMarker: 244, Condition: 234, AmbienceFX: 207, ResourceType: 182, ItemPlayerAnimations: 177, TagPattern: 176, EntityEffect: 171, Environment: 123, AssignmentsAsset: 118, ProjectileConfig: 111, AudioCategory: 100, WorldNPCSpawn: 96, CombatActionOption: 89, Weather: 88, Projectile: 87, BeaconNPCSpawn: 84, PrefabListAsset: 77, NPCGroup: 71, BiomeAsset: 70, Trail: 59, FlockAsset: 58, BlockSet: 57, BlockSoundSet: 55, BalanceAsset: 49, CameraShake: 49, CameraEffect: 49, BlockSpawnerTable: 46, BlockGroup: 43, ScriptedBrushAsset: 39, ItemSoundSet: 36, ModelVFX: 33, BlockParticleSet: 30, ReverbEffect: 29, AttitudeGroup: 26, ItemToolSpec: 17, Fluid: 16, DamageCause: 15, WorldStructureAsset: 15, ItemQuality: 14, EntityStatType: 13, BlockTypeListAsset: 13, ResponseCurve: 12, PhysicalMaterial: 12, ViewBobbing: 12, ObjectiveAsset: 12, BlockMigration: 11, MacroCommandBuilder: 11, CustomConnectedBlockTemplateAsset: 11, DensityAsset: 10, PortalType: 5, GameplayConfig: 5, FluidFX: 5, ObjectiveLocationMarkerAsset: 4, GrowthModifierAsset: 4, BlockBreakingDecal: 4, ItemCategory: 4, UnarmedInteractions: 3, EqualizerEffect: 3, MovementConfig: 3, ItemReticleConfig: 3, SpawnSuppression: 3, HitboxCollisionConfig: 2, EntityUIComponent: 2, SoundSet: 2, RepulsionConfig: 2, BarterShopAsset: 2, AudioState: 2, ObjectiveLineAsset: 2, GameModeType: 2, SettingsAsset: 1, ItemAttitudeGroup: 1, BuilderToolItemReferenceAsset: 1, PositionProviderAsset: 1, PropAsset: 1, WordList: 1, ReachLocationMarkerAsset: 1, FarmingCoopAsset: 1, PropDistributionAsset: 1, TriggerEffectAsset: 1, FieldcraftCategory: 1, PrefabEditorCreationSettings: 1, DeployableSpawner: 0, WorldGenModifier: 0, ReputationGroup: 0, ShopAsset: 0, EmoteAsset: 0, BlockMaskAsset: 0, ReputationRank: 0
[2026/05/26 17:29:16   INFO]         [HytaleServer] ===============================================================================================
[2026/05/26 17:29:16   INFO]         [HytaleServer]          Hytale Server Booted! [Multiplayer, Fresh Universe] took 8sec 676ms 184us 600ns
[2026/05/26 17:29:16   INFO]         [HytaleServer] ===============================================================================================
[2026/05/26 17:29:16   WARN]         [HytaleServer] No server tokens configured. Use /auth login to authenticate.
